Date,SPY,TLT,UUP,GLD
2007-03-01,98.26806640625,49.18779373168945,20.54920768737793,65.81999969482422
2007-03-02,96.9811782836914,49.434425354003906,20.540977478027344,63.709999084472656
2007-03-05,96.05805969238281,49.51666259765625,20.67265510559082,62.93000030517578
2007-03-06,97.70153045654297,49.3686637878418,20.656192779541016,64.1500015258789
2007-03-07,97.60365295410156,49.56050491333008,20.57390022277832,64.30000305175781
2007-03-08,98.42890167236328,49.51666259765625,20.67265510559082,64.4800033569336
2007-03-09,98.45687866210938,48.99597930908203,20.705568313598633,64.25
2007-03-12,98.60379028320312,49.18779373168945,20.639734268188477,64.37000274658203
2007-03-13,96.6874771118164,49.48373794555664,20.590356826782227,63.720001220703125
2007-03-14,97.40779876708984,49.25904083251953,20.540977478027344,63.939998626708984
2007-03-15,97.54068756103516,49.25355529785156,20.540977478027344,63.97999954223633
2007-03-16,97.26756286621094,49.24260711669922,20.466917037963867,64.62000274658203
2007-03-19,98.44014739990234,49.13850784301758,20.57390022277832,64.73999786376953
2007-03-20,98.98079681396484,49.16591262817383,20.450454711914062,65.2699966430664
2007-03-21,100.60977935791016,49.18779373168945,20.39284896850586,65.81999969482422
2007-03-22,100.53250885009766,48.79872512817383,20.39284896850586,65.76000213623047
2007-03-23,100.67996215820312,48.661685943603516,20.516292572021484,65.1500015258789
2007-03-26,100.54653930664062,48.72197341918945,20.450454711914062,65.83999633789062
2007-03-27,100.30780029296875,48.63974380493164,20.44222640991211,65.69999694824219
2007-03-28,99.57766723632812,48.54107666015625,20.44222640991211,66.05000305175781
2007-03-29,99.68293762207031,48.47536849975586,20.466917037963867,65.6500015258789
2007-03-30,99.70402526855469,48.382179260253906,20.401079177856445,65.73999786376953
2007-04-02,99.81632995605469,48.46250915527344,20.450454711914062,65.8499984741211
2007-04-03,100.89060974121094,48.4019889831543,20.475143432617188,65.83000183105469
2007-04-04,101.00296783447266,48.45148849487305,20.450454711914062,66.80999755859375
2007-04-05,101.27684020996094,48.26994323730469,20.384618759155273,66.86000061035156
2007-04-09,101.417236328125,47.95092010498047,20.516292572021484,66.52999877929688
2007-04-10,101.53657531738281,48.09394454956055,20.450454711914062,67.16000366210938
2007-04-11,101.12232208251953,48.06090545654297,20.450454711914062,67.08000183105469
2007-04-12,101.57166290283203,48.07194900512695,20.32701301574707,66.98999786376953
2007-04-13,102.03504943847656,47.923397064208984,20.318782806396484,67.83999633789062
2007-04-16,103.0040512084961,48.187442779541016,20.23649024963379,68.4000015258789
2007-04-17,103.27787780761719,48.45698547363281,20.228256225585938,68.0
2007-04-18,103.40424346923828,48.69900894165039,20.203569412231445,68.37999725341797
2007-04-19,103.37622833251953,48.61650466918945,20.203569412231445,67.52999877929688
2007-04-20,104.35216522216797,48.49001693725586,20.12950325012207,68.69999694824219
2007-04-23,103.95897674560547,48.66603469848633,20.23649024963379,68.26000213623047
2007-04-24,104.00108337402344,48.84756851196289,20.2117977142334,67.7300033569336
2007-04-25,104.9559555053711,48.67700958251953,20.17888069152832,67.88999938964844
2007-04-26,105.07532501220703,48.324951171875,20.261173248291016,66.87000274658203
2007-04-27,104.99111938476562,48.313968658447266,20.195337295532227,67.55999755859375
2007-04-30,104.12045288085938,48.820030212402344,20.154190063476562,67.08999633789062
2007-05-01,104.38724517822266,48.855377197265625,20.27763557434082,66.69000244140625
2007-05-02,104.99811553955078,48.82781219482422,20.29409408569336,66.66000366210938
2007-05-03,105.56685638427734,48.71737289428711,20.318782806396484,67.48999786376953
2007-05-04,105.96710205078125,48.916099548339844,20.244714736938477,68.19000244140625
2007-05-07,105.98815155029297,49.04861831665039,20.29409408569336,68.25
2007-05-08,105.84770965576172,48.938194274902344,20.351701736450195,67.87999725341797
2007-05-09,106.13558959960938,48.744964599609375,20.37639045715332,67.44999694824219
2007-05-10,105.02623748779297,48.86086654663086,20.401079177856445,66.0
2007-05-11,105.92496490478516,48.689796447753906,20.41753578186035,66.44999694824219
2007-05-14,105.6932601928711,48.56275939941406,20.401079177856445,66.27999877929688
2007-05-15,105.72135925292969,48.5462532043457,20.33523941040039,66.54000091552734
2007-05-16,106.4445571899414,48.51308059692383,20.425765991210938,65.5999984741211
2007-05-17,106.2339096069336,48.31432342529297,20.475143432617188,65.05999755859375
2007-05-18,107.16072082519531,47.99409103393555,20.43399429321289,65.5199966430664
2007-05-21,107.10453796386719,48.137638092041016,20.491600036621094,65.66999816894531
2007-05-22,107.02032470703125,47.88921356201172,20.499834060668945,65.19999694824219
2007-05-23,107.0344009399414,47.75117492675781,20.483373641967773,65.54000091552734
2007-05-24,106.06537628173828,47.79533386230469,20.516292572021484,64.75
2007-05-25,106.50770568847656,47.684932708740234,20.499834060668945,64.94000244140625
2007-05-29,106.89390563964844,47.67942428588867,20.508060455322266,65.06999969482422
2007-05-30,107.76458740234375,47.778778076171875,20.540977478027344,64.72000122070312
2007-05-31,107.65229034423828,47.690467834472656,20.508060455322266,65.54000091552734
2007-06-01,108.18583679199219,47.43992233276367,20.516292572021484,66.44000244140625
2007-06-04,108.19991302490234,47.65611267089844,20.43399429321289,66.54000091552734
2007-06-05,107.77164459228516,47.356815338134766,20.37639045715332,66.37000274658203
2007-06-06,106.61302947998047,47.33462142944336,20.409305572509766,66.41000366210938
2007-06-07,104.68917846679688,46.486568450927734,20.540977478027344,65.26000213623047
2007-06-08,106.05140686035156,46.44775390625,20.606815338134766,64.22000122070312
2007-06-11,106.2339096069336,46.314762115478516,20.656192779541016,64.69999694824219
2007-06-12,105.07532501220703,45.64410400390625,20.697341918945312,64.0999984741211
2007-06-13,106.64815521240234,46.187286376953125,20.73849105834961,64.52999877929688
2007-06-14,107.32925415039062,46.070858001708984,20.7631778717041,64.5999984741211
2007-06-15,107.9399185180664,46.38679122924805,20.64796257019043,64.8499984741211
2007-06-18,107.81304168701172,46.29259490966797,20.62327766418457,64.94999694824219
2007-06-19,108.0809555053711,46.72489547729492,20.63150405883789,65.4800033569336
2007-06-20,106.57894897460938,46.34800338745117,19.849699020385742,64.70999908447266
2007-06-21,107.17127990722656,46.12628173828125,20.656192779541016,64.55999755859375
2007-06-22,106.16287994384766,46.42561721801758,20.53274917602539,64.77999877929688
2007-06-25,105.65518951416016,46.680564880371094,20.598587036132812,64.43000030517578
2007-06-26,104.5692138671875,46.691680908203125,20.565671920776367,63.619998931884766
2007-06-27,106.05711364746094,46.73599624633789,20.598587036132812,63.66999816894531
2007-06-28,106.04299926757812,46.72489547729492,20.598587036132812,64.26000213623047
2007-06-29,106.07828521728516,47.20712661743164,20.475143432617188,64.2699966430664
2007-07-02,107.03733825683594,47.45528793334961,20.3681583404541,65.0199966430664
2007-07-03,107.42514038085938,47.165977478027344,20.33523941040039,64.73999786376953
2007-07-05,107.3123550415039,46.637367248535156,20.43399429321289,64.41999816894531
2007-07-06,107.8764419555664,46.448238372802734,20.39284896850586,64.95999908447266
2007-07-09,107.96107482910156,46.615135192871094,20.401079177856445,65.37999725341797
2007-07-10,106.423828125,47.40520095825195,20.261173248291016,65.61000061035156
2007-07-11,107.1783447265625,46.915584564208984,20.23649024963379,65.44000244140625
2007-07-12,108.8707275390625,46.75420379638672,20.203569412231445,66.0199966430664
2007-07-13,109.19513702392578,46.88217544555664,20.220027923583984,66.02999877929688
2007-07-16,109.18096923828125,47.33286666870117,20.2117977142334,65.81999969482422
2007-07-17,109.1246337890625,47.23273468017578,20.2117977142334,65.75
2007-07-18,108.92715454101562,47.410743713378906,20.195337295532227,66.62000274658203
2007-07-19,109.35025787353516,47.39964294433594,20.187108993530273,67.01000213623047
2007-07-20,108.2431411743164,47.82805252075195,20.154190063476562,67.58000183105469
2007-07-23,108.57459259033203,47.75014877319336,20.195337295532227,67.47000122070312
2007-07-24,106.69178009033203,47.92817687988281,20.038976669311523,67.47000122070312
2007-07-25,106.91040802001953,48.022796630859375,20.2117977142334,66.9000015258789
2007-07-26,104.37884521484375,48.42341995239258,20.121273040771484,65.6500015258789
2007-07-27,102.3267822265625,48.562496185302734,20.28586196899414,65.41000366210938
2007-07-30,103.92758178710938,48.42341995239258,20.318782806396484,65.7699966430664
2007-07-31,102.75692749023438,48.77396774291992,20.28586196899414,65.79000091552734
2007-08-01,103.25761413574219,48.6683464050293,20.29409408569336,65.93000030517578
2007-08-02,104.0826644897461,48.79122543334961,20.32701301574707,65.88999938964844
2007-08-03,101.40303039550781,49.11528396606445,20.137727737426758,66.69000244140625
2007-08-06,103.1024398803711,48.75776290893555,20.17888069152832,66.5199966430664
2007-08-07,104.20252227783203,48.71865463256836,20.23649024963379,66.4800033569336
2007-08-08,105.65518951416016,48.12657165527344,20.17888069152832,66.7699966430664
2007-08-09,102.52422332763672,48.19358444213867,20.33523941040039,65.45999908447266
2007-08-10,102.04472351074219,48.081871032714844,20.351701736450195,66.56999969482422
2007-08-13,102.41140747070312,48.22152328491211,20.409305572509766,66.26000213623047
2007-08-14,100.84591674804688,48.34998321533203,20.540977478027344,66.29000091552734
2007-08-15,99.45674896240234,48.17683410644531,20.63150405883789,66.12999725341797
2007-08-16,100.20426177978516,48.67393112182617,20.57390022277832,64.68000030517578
2007-08-17,102.04472351074219,48.47843551635742,20.516292572021484,65.01000213623047
2007-08-20,101.99534606933594,48.50639343261719,20.565671920776367,65.12000274658203
2007-08-21,102.1998291015625,48.74098587036133,20.57390022277832,65.06999969482422
2007-08-22,103.41275024414062,48.66276168823242,20.516292572021484,65.4000015258789
2007-08-23,103.32109832763672,48.83038330078125,20.483373641967773,65.30999755859375
2007-08-24,104.59746551513672,49.0705680847168,20.39284896850586,66.11000061035156
2007-08-27,103.62431335449219,49.327510833740234,20.37639045715332,65.9800033569336
2007-08-28,101.34657287597656,49.41127395629883,20.37639045715332,65.58999633789062
2007-08-29,103.33515930175781,49.27720260620117,20.35993194580078,66.06999969482422
2007-08-30,103.06014251708984,49.606754302978516,20.450454711914062,65.80000305175781
2007-08-31,104.07561492919922,49.6458625793457,20.401079177856445,66.5199966430664
2007-09-04,105.12631225585938,49.6694221496582,20.43399429321289,67.44000244140625
2007-09-05,104.21664428710938,50.06764221191406,20.35993194580078,67.55999755859375
2007-09-06,104.45637512207031,49.93867492675781,20.30232048034668,68.86000061035156
2007-09-07,103.00374603271484,50.64533615112305,20.187108993530273,69.38999938964844
2007-09-10,102.80628204345703,51.03790283203125,20.16242027282715,69.62000274658203
2007-09-11,104.00508117675781,50.998661041259766,20.187108993530273,70.5199966430664
2007-09-12,104.2730712890625,50.80795669555664,20.088354110717773,70.45999908447266
2007-09-13,105.00643157958984,50.353668212890625,20.14596176147461,70.08000183105469
2007-09-14,104.99940490722656,50.426597595214844,20.195337295532227,69.98999786376953
2007-09-17,104.43526458740234,50.66775131225586,20.17888069152832,70.97000122070312
2007-09-18,107.50984954833984,50.286380767822266,20.11304473876953,71.69999694824219
2007-09-19,108.1444320678711,49.820865631103516,20.104812622070312,71.43000030517578
2007-09-20,107.38284301757812,48.87863540649414,19.956680297851562,72.72000122070312
2007-09-21,107.67262268066406,49.293670654296875,19.964908599853516,72.33999633789062
2007-09-24,107.47422790527344,49.433868408203125,19.956680297851562,72.27999877929688
2007-09-25,107.26170349121094,49.26001739501953,19.907302856445312,72.33000183105469
2007-09-26,107.8284683227539,49.30489730834961,19.973142623901367,72.0
2007-09-27,108.46613311767578,49.64702606201172,19.940223693847656,72.69999694824219
2007-09-28,108.10482788085938,49.7591438293457,19.792089462280273,73.51000213623047
2007-10-01,109.32347106933594,50.04350280761719,19.81678009033203,73.9000015258789
2007-10-02,109.17469787597656,50.201168060302734,19.940223693847656,72.3499984741211
2007-10-03,108.95501708984375,50.05474853515625,19.997827529907227,71.9000015258789
2007-10-04,109.12506103515625,50.246192932128906,19.973142623901367,72.87000274658203
2007-10-05,110.42159271240234,49.7056770324707,19.940223693847656,73.4000015258789
2007-10-08,109.83360290527344,49.66621780395508,20.06366729736328,72.52999877929688
2007-10-09,110.86798858642578,49.604312896728516,19.989601135253906,73.08999633789062
2007-10-10,110.68376159667969,49.63249206542969,19.931989669799805,73.36000061035156
2007-10-11,110.15238952636719,49.58183670043945,19.94845199584961,73.91000366210938
2007-10-12,110.76172637939453,49.33969497680664,19.91553497314453,74.58999633789062
2007-10-15,109.8265380859375,49.35092544555664,19.89084243774414,75.13999938964844
2007-10-16,108.95501708984375,49.36783981323242,19.91553497314453,75.12000274658203
2007-10-17,109.28799438476562,49.90838623046875,19.907302856445312,74.5
2007-10-18,108.89122009277344,50.184268951416016,19.783859252929688,76.0
2007-10-19,106.04299926757812,50.93310546875,19.742713928222656,75.69999694824219
2007-10-22,106.65943145751953,50.938743591308594,19.907302856445312,74.5999984741211
2007-10-23,107.52385711669922,50.871185302734375,19.783859252929688,75.2300033569336
2007-10-24,107.3254623413086,51.248451232910156,19.750940322875977,75.5199966430664
2007-10-25,107.58050537109375,51.07386779785156,19.709796905517578,76.02999877929688
2007-10-26,108.8416748046875,50.95566177368164,19.627498626708984,77.69000244140625
2007-10-29,109.20298767089844,51.152706146240234,19.594579696655273,78.12000274658203
2007-10-30,108.44491577148438,51.12458801269531,19.63572883605957,77.3499984741211
2007-10-31,109.57140350341797,50.66289138793945,19.545202255249023,78.62000274658203
2007-11-01,107.00662231445312,51.321128845214844,19.611038208007812,77.93000030517578
2007-11-02,107.12701416015625,51.485130310058594,19.42176055908203,79.83000183105469
2007-11-05,106.3122787475586,51.4625244140625,19.52051544189453,79.75
2007-11-06,107.74349212646484,51.213661193847656,19.45467758178711,81.43000030517578
2007-11-07,104.79605102539062,51.30414962768555,19.355924606323242,82.23999786376953
2007-11-08,104.26468658447266,51.213661193847656,19.339462280273438,82.2300033569336
2007-11-09,102.83348846435547,51.64912033081055,19.339462280273438,82.18000030517578
2007-11-12,101.81320190429688,51.835731506347656,19.52051544189453,78.30000305175781
2007-11-13,104.9165267944336,51.643497467041016,19.446447372436523,79.12000274658203
2007-11-14,104.6259994506836,51.70002365112305,19.45467758178711,80.27999877929688
2007-11-15,103.11691284179688,52.186405181884766,19.50405502319336,77.94999694824219
2007-11-16,103.29399108886719,52.25988006591797,19.479368209838867,77.75
2007-11-19,101.855712890625,52.599185943603516,19.42176055908203,77.23999786376953
2007-11-20,102.47919464111328,52.54265213012695,19.24070930480957,79.47000122070312
2007-11-21,100.38202667236328,52.84800720214844,19.141952514648438,79.36000061035156
2007-11-23,102.11787414550781,53.00639724731445,19.281858444213867,81.25
2007-11-26,99.86482238769531,54.05259704589844,19.183101654052734,81.30000305175781
2007-11-27,101.01260375976562,53.53799819946289,19.29008674621582,80.0999984741211
2007-11-28,104.24342346191406,53.17603302001953,19.34769630432129,79.56999969482422
2007-11-29,104.27885437011719,53.634071350097656,19.45467758178711,78.27999877929688
2007-11-30,105.32744598388672,53.373939514160156,19.602811813354492,77.31999969482422
2007-12-03,104.63309478759766,53.79756546020508,19.561662673950195,78.27999877929688
2007-12-04,103.6978759765625,53.79185104370117,19.42176055908203,79.4000015258789
2007-12-05,105.43374633789062,53.1502685546875,19.660417556762695,78.62999725341797
2007-12-06,106.94284057617188,52.68466567993164,19.65218734741211,79.37000274658203
2007-12-07,106.92162322998047,52.09419250488281,19.68510627746582,78.5999984741211
2007-12-10,107.75053405761719,51.781890869140625,19.545202255249023,80.0
2007-12-11,104.79605102539062,52.79823684692383,19.50405502319336,78.83999633789062
2007-12-12,105.83049774169922,52.253170013427734,19.578123092651367,80.48999786376953
2007-12-13,105.61089324951172,51.68538284301758,19.64396095275879,78.5
2007-12-14,104.27178955078125,51.4469108581543,19.89084243774414,78.5199966430664
2007-12-17,102.78388977050781,51.90681838989258,20.05681037902832,78.12999725341797
2007-12-18,103.35778045654297,52.24177932739258,19.86595344543457,79.25
2007-12-19,103.35778045654297,52.934513092041016,19.924036026000977,79.23999786376953
2007-12-20,104.00958251953125,52.82093811035156,19.957231521606445,78.66999816894531
2007-12-21,105.50895690917969,52.04875946044922,20.007017135620117,80.0999984741211
2007-12-24,106.29244995117188,51.80463409423828,19.874248504638672,80.13999938964844
2007-12-26,106.52037048339844,51.35041046142578,19.799562454223633,81.5199966430664
2007-12-27,105.18132019042969,51.910186767578125,19.675090789794922,81.55999755859375
2007-12-28,104.91780090332031,52.71968460083008,19.542322158813477,83.0
2007-12-31,104.14138793945312,53.03897476196289,19.666793823242188,82.45999908447266
2008-01-02,103.22966766357422,53.80278015136719,19.492528915405273,84.86000061035156
2008-01-03,103.17985534667969,53.72866439819336,19.53402328491211,85.56999969482422
2008-01-04,100.65127563476562,53.740081787109375,19.326566696166992,85.12999725341797
2008-01-07,100.56580352783203,53.97384262084961,19.517425537109375,84.7699966430664
2008-01-08,98.94181823730469,53.911109924316406,19.492528915405273,86.77999877929688
2008-01-09,99.98170471191406,54.01376724243164,19.641897201538086,86.55000305175781
2008-01-10,100.63699340820312,53.284019470214844,19.451038360595703,88.25
2008-01-11,99.82502746582031,53.700164794921875,19.542322158813477,88.58000183105469
2008-01-14,100.6298828125,53.899696350097656,19.442739486694336,89.54000091552734
2008-01-15,98.41472625732422,54.50400161743164,19.426145553588867,87.98999786376953
2008-01-16,97.56709289550781,54.11063003540039,19.666793823242188,86.69999694824219
2008-01-17,95.03853607177734,54.81184005737305,19.633602142333984,86.5
2008-01-18,94.06273651123047,54.435550689697266,19.691686630249023,87.41999816894531
2008-01-22,93.1082763671875,55.017024993896484,19.72488021850586,88.16999816894531
2008-01-23,95.34480285644531,54.89161682128906,19.666793823242188,87.88999938964844
2008-01-24,96.14968872070312,53.79140853881836,19.500829696655273,90.08000183105469
2008-01-25,94.7607192993164,54.697776794433594,19.550617218017578,90.30000305175781
2008-01-28,96.32772064208984,54.49258041381836,19.426145553588867,91.75
2008-01-29,96.80499267578125,54.12204360961914,19.4178466796875,91.1500015258789
2008-01-30,96.09272766113281,53.768619537353516,19.30167007446289,92.05999755859375
2008-01-31,97.8448715209961,54.150516510009766,19.451038360595703,91.4000015258789
2008-02-01,99.41898345947266,54.47600555419922,19.52572250366211,89.3499984741211
2008-02-04,98.16539001464844,53.9154052734375,19.492528915405273,89.0999984741211
2008-02-05,95.53717041015625,54.32728958129883,19.699987411499023,87.68000030517578
2008-02-06,94.76787567138672,54.16144561767578,19.699987411499023,88.94999694824219
2008-02-07,95.39466857910156,52.99443054199219,19.89084243774414,89.8499984741211
2008-02-08,94.78211975097656,53.60077667236328,19.83275604248047,91.0
2008-02-11,95.26647186279297,53.823917388916016,19.7912654876709,91.33000183105469
2008-02-12,96.14968872070312,53.50358200073242,19.72488021850586,89.33000183105469
2008-02-13,97.13261413574219,52.9372673034668,19.758073806762695,89.44000244140625
2008-02-14,96.27790832519531,52.15922927856445,19.691686630249023,89.70999908447266
2008-02-15,96.25655364990234,52.5596809387207,19.691686630249023,89.1500015258789
2008-02-19,96.52717590332031,52.02764892578125,19.658496856689453,91.58000183105469
2008-02-20,96.8121109008789,52.388065338134766,19.666793823242188,93.23999786376953
2008-02-21,96.0072250366211,52.94295883178711,19.52572250366211,93.25
2008-02-22,96.59841918945312,52.639793395996094,19.30167007446289,93.38999938964844
2008-02-25,97.8164291381836,52.10206604003906,19.4012508392334,92.73999786376953
2008-02-26,98.55004119873047,52.11923599243164,19.26848030090332,93.70999908447266
2008-02-27,98.45035552978516,52.16496276855469,19.144004821777344,94.77999877929688
2008-02-28,97.48875427246094,53.091697692871094,19.036128997802734,95.98999786376953
2008-02-29,95.31632232666016,53.90401077270508,19.04442596435547,96.18000030517578
2008-03-03,95.0884017944336,53.76506042480469,19.0029354095459,97.23999786376953
2008-03-04,94.72515106201172,53.2425422668457,19.052722930908203,95.18000030517578
2008-03-05,95.32345581054688,52.605220794677734,18.961442947387695,97.72000122070312
2008-03-06,93.3504409790039,52.886573791503906,18.86186408996582,96.5
2008-03-07,92.38890075683594,52.95549774169922,18.919952392578125,96.08999633789062
2008-03-10,91.1709213256836,53.73637008666992,18.86186408996582,95.87000274658203
2008-03-11,94.4473648071289,53.27701187133789,18.98633575439453,95.98999786376953
2008-03-12,93.5641098022461,54.30473709106445,18.654407501220703,97.01000213623047
2008-03-13,93.77067565917969,53.879886627197266,18.6046199798584,98.33999633789062
2008-03-14,92.31765747070312,54.5459098815918,18.637815475463867,98.70999908447266
2008-03-17,91.38455963134766,54.96503829956055,18.480148315429688,99.16999816894531
2008-03-18,95.18096923828125,54.75262451171875,18.69590187072754,96.5
2008-03-19,92.8233871459961,55.6597785949707,18.712495803833008,93.04000091552734
2008-03-20,94.54270935058594,55.797603607177734,18.911659240722656,89.91000366210938
2008-03-24,96.43238830566406,54.718170166015625,19.19379425048828,90.0999984741211
2008-03-25,96.52547454833984,54.94779968261719,18.770586013793945,92.7300033569336
2008-03-26,95.34439849853516,54.718170166015625,18.505041122436523,93.80000305175781
2008-03-27,95.04377746582031,54.33342361450195,18.538232803344727,93.45999908447266
2008-03-28,94.13472747802734,54.861717224121094,18.55483055114746,91.87999725341797
2008-03-31,94.4639892578125,55.056941986083984,18.588022232055664,90.41000366210938
2008-04-01,97.78531646728516,54.160888671875,18.878463745117188,86.86000061035156
2008-04-02,97.84970092773438,54.27614974975586,18.69590187072754,89.2699966430664
2008-04-03,98.09305572509766,54.39728546142578,18.76228904724121,89.41999816894531
2008-04-04,97.98571014404297,54.893150329589844,18.57972526550293,90.25
2008-04-07,98.03580474853516,54.604835510253906,18.712495803833008,91.16999816894531
2008-04-08,97.93560791015625,54.41459655761719,18.712495803833008,90.3499984741211
2008-04-09,97.22698974609375,54.9796028137207,18.588022232055664,92.29000091552734
2008-04-10,97.36296081542969,54.79514694213867,18.67100715637207,91.7699966430664
2008-04-11,95.47325134277344,55.1641960144043,18.6046199798584,91.30000305175781
2008-04-14,95.151123046875,54.84127426147461,18.6046199798584,91.11000061035156
2008-04-15,95.373046875,54.160888671875,18.629514694213867,91.66000366210938
2008-04-16,97.95710754394531,53.63037109375,18.44695281982422,93.2699966430664
2008-04-17,98.10022735595703,53.53816604614258,18.546533584594727,92.55999755859375
2008-04-18,99.12381744384766,53.49201202392578,18.67100715637207,90.62000274658203
2008-04-21,99.1739501953125,53.70534133911133,18.529935836791992,90.25
2008-04-22,98.7373046875,53.889896392822266,18.463550567626953,90.2699966430664
2008-04-23,98.57984924316406,53.711116790771484,18.588022232055664,89.22000122070312
2008-04-24,99.00933837890625,53.25557327270508,18.795480728149414,87.22000122070312
2008-04-25,99.92556762695312,52.94419860839844,18.84527015686035,87.2699966430664
2008-04-28,99.94698333740234,53.10566329956055,18.820375442504883,87.69000244140625
2008-04-29,99.55335998535156,53.30751037597656,18.895055770874023,85.80999755859375
2008-04-30,98.96636199951172,53.68807601928711,18.76228904724121,86.6500015258789
2008-05-01,101.0135269165039,53.6915168762207,18.919952392578125,83.98999786376953
2008-05-02,101.29267120361328,53.01445770263672,19.019529342651367,84.58000183105469
2008-05-05,100.80599212646484,53.01445770263672,18.928251266479492,86.2699966430664
2008-05-06,101.67922973632812,52.63248825073242,18.86186408996582,86.62999725341797
2008-05-07,99.86830139160156,52.85817337036133,18.98633575439453,85.81999969482422
2008-05-08,99.61058807373047,53.33270263671875,18.98633575439453,87.23999786376953
2008-05-09,99.42446899414062,53.529502868652344,18.86186408996582,87.41999816894531
2008-05-12,100.54110717773438,53.448463439941406,18.836971282958984,86.98999786376953
2008-05-13,100.5554428100586,52.86399459838867,18.919952392578125,85.38999938964844
2008-05-14,100.76302337646484,52.88713073730469,18.944847106933594,85.19999694824219
2008-05-15,102.02281188964844,53.367427825927734,18.928251266479492,87.0
2008-05-16,102.11591339111328,53.14754867553711,18.74568748474121,89.0999984741211
2008-05-19,102.39505004882812,53.217010498046875,18.84527015686035,89.38999938964844
2008-05-20,101.56475067138672,53.49476623535156,18.654407501220703,90.9000015258789
2008-05-21,99.84681701660156,53.50634765625,18.521638870239258,91.95999908447266
2008-05-22,99.8611068725586,52.87554168701172,18.637815475463867,90.9800033569336
2008-05-23,98.52255249023438,53.107051849365234,18.529935836791992,91.2300033569336
2008-05-27,99.25267791748047,52.748291015625,18.637815475463867,89.36000061035156
2008-05-28,99.71076202392578,52.27949523925781,18.720796585083008,89.13999938964844
2008-05-29,100.21182250976562,51.90338897705078,18.870162963867188,86.51000213623047
2008-05-30,100.4623794555664,52.24476623535156,18.84527015686035,87.44999694824219
2008-06-02,99.42446899414062,52.44631576538086,18.820375442504883,87.95999908447266
2008-06-03,98.84468078613281,52.82381057739258,18.919952392578125,86.87999725341797
2008-06-04,98.79459381103516,52.35340881347656,18.969743728637695,86.6500015258789
2008-06-05,100.77017211914062,52.0397834777832,18.878463745117188,86.44999694824219
2008-06-06,97.55623626708984,52.71353530883789,18.662704467773438,89.05999755859375
2008-06-09,97.79244995117188,52.71353530883789,18.820375442504883,87.98999786376953
2008-06-10,97.30571746826172,52.37077331542969,19.019529342651367,85.55000305175781
2008-06-11,95.87407684326172,52.248836517333984,18.895055770874023,87.0199966430664
2008-06-12,96.23918151855469,51.72612380981445,19.052722930908203,85.5999984741211
2008-06-13,97.45600128173828,51.61579513549805,19.077619552612305,85.83000183105469
2008-06-16,97.5133056640625,51.62739181518555,18.994640350341797,87.01000213623047
2008-06-17,97.04085540771484,51.73195266723633,18.95314598083496,87.25
2008-06-18,96.09601593017578,52.167564392089844,18.936548233032227,88.27999877929688
2008-06-19,96.2176513671875,51.85975646972656,18.95314598083496,88.41999816894531
2008-06-20,94.65593719482422,52.16172790527344,18.828672409057617,88.94999694824219
2008-06-23,94.5624008178711,52.27210235595703,18.936548233032227,87.08999633789062
2008-06-24,94.3753662109375,52.620548248291016,18.88675880432129,87.47000122070312
2008-06-25,94.82136535644531,52.64376449584961,18.795480728149414,87.41999816894531
2008-06-26,92.24601745605469,52.99809646606445,18.679306030273438,90.61000061035156
2008-06-27,91.74241638183594,53.6195182800293,18.6212158203125,91.47000122070312
2008-06-30,92.06614685058594,53.63115310668945,18.662704467773438,91.4000015258789
2008-07-01,92.35391235351562,53.504093170166016,18.6461124420166,92.66000366210938
2008-07-02,90.77127838134766,53.78385925292969,18.55483055114746,93.16999816894531
2008-07-03,90.86479949951172,53.667266845703125,18.73739242553711,92.05999755859375
2008-07-07,89.93675994873047,53.912147521972656,18.720796585083008,91.2300033569336
2008-07-08,91.53380584716797,54.26183319091797,18.80377769470215,90.86000061035156
2008-07-09,89.77133178710938,54.5008430480957,18.67100715637207,91.5
2008-07-10,90.13819122314453,54.495025634765625,18.654407501220703,93.52999877929688
2008-07-11,89.08792114257812,53.71974563598633,18.529935836791992,95.16000366210938
2008-07-14,88.28221893310547,54.191890716552734,18.49674415588379,95.91000366210938
2008-07-15,87.03768920898438,54.174442291259766,18.480148315429688,96.16999816894531
2008-07-16,89.17425537109375,53.195125579833984,18.571428298950195,94.44000244140625
2008-07-17,90.06626892089844,52.92118835449219,18.6046199798584,94.22000122070312
2008-07-18,90.62741088867188,52.7230339050293,18.6046199798584,94.16999816894531
2008-07-21,90.677734375,52.92703628540039,18.538232803344727,95.12000274658203
2008-07-22,91.70651245117188,52.66472244262695,18.67100715637207,93.05999755859375
2008-07-23,92.20281982421875,52.55978012084961,18.74568748474121,90.56999969482422
2008-07-24,90.28929138183594,53.072792053222656,18.729093551635742,91.33000183105469
2008-07-25,90.26769256591797,52.54231262207031,18.753990173339844,91.69000244140625
2008-07-28,88.94403839111328,53.072792053222656,18.712495803833008,91.7300033569336
2008-07-29,90.84322357177734,52.857051849365234,18.870162963867188,90.58999633789062
2008-07-30,92.4618148803711,52.90950393676758,18.853565216064453,89.5199966430664
2008-07-31,91.23886108398438,53.43415069580078,18.853565216064453,90.08000183105469
2008-08-01,90.75688171386719,53.552284240722656,18.911659240722656,89.56999969482422
2008-08-04,89.91522979736328,53.429473876953125,18.919952392578125,88.13999938964844
2008-08-05,92.33952331542969,53.031646728515625,19.061023712158203,86.08000183105469
2008-08-06,92.74958038330078,52.8151969909668,19.119112014770508,86.63999938964844
2008-08-07,91.36836242675781,53.67515182495117,19.218687057495117,86.08999633789062
2008-08-08,93.06610107421875,53.8214225769043,19.52572250366211,84.43000030517578
2008-08-11,94.03006744384766,53.30659866333008,19.633602142333984,81.12999725341797
2008-08-12,93.05165100097656,53.80390167236328,19.59210777282715,80.5199966430664
2008-08-13,92.49055480957031,53.616634368896484,19.59210777282715,81.55999755859375
2008-08-14,93.18838500976562,53.96181869506836,19.708284378051758,79.3499984741211
2008-08-15,93.6415786743164,54.42985534667969,19.85765266418457,77.62999725341797
2008-08-18,92.36109161376953,54.64628982543945,19.799562454223633,78.80000305175781
2008-08-19,91.35396575927734,54.435672760009766,19.708284378051758,80.43000030517578
2008-08-20,91.77839660644531,54.58776092529297,19.76637077331543,80.05999755859375
2008-08-21,91.93669128417969,54.488338470458984,19.542322158813477,82.30000305175781
2008-08-22,93.26747131347656,54.4532356262207,19.741477966308594,81.08000183105469
2008-08-25,91.37553405761719,54.99727249145508,19.73317527770996,80.93000030517578
2008-08-26,91.64171600341797,55.04408645629883,19.849353790283203,81.2300033569336
2008-08-27,92.53377532958984,55.13768768310547,19.7912654876709,81.36000061035156
2008-08-28,93.6559829711914,55.14356994628906,19.85765266418457,82.18000030517578
2008-08-29,92.64885711669922,54.89781951904297,19.86595344543457,81.70999908447266
2008-09-02,92.0733413696289,55.40864562988281,20.05681037902832,79.19999694824219
2008-09-03,91.99421691894531,55.64348602294922,20.040210723876953,78.88999938964844
2008-09-04,89.22461700439453,56.08974838256836,20.1978816986084,78.38999938964844
2008-09-05,89.50518798828125,56.060367584228516,20.272563934326172,78.9800033569336
2008-09-08,91.35396575927734,56.29523849487305,20.380441665649414,78.86000061035156
2008-09-09,88.64187622070312,56.85301971435547,20.38873863220215,76.48999786376953
2008-09-10,89.0016098022461,56.500755310058594,20.52151107788086,74.22000122070312
2008-09-11,90.28929138183594,56.47136688232422,20.5795955657959,73.08000183105469
2008-09-12,90.70650482177734,55.743343353271484,20.1895809173584,75.55000305175781
2008-09-15,86.3902587890625,57.551734924316406,20.007017135620117,77.55999755859375
2008-09-16,87.83621215820312,57.53999328613281,20.29745864868164,76.79000091552734
2008-09-17,83.88683319091797,57.827693939208984,19.85765266418457,85.45999908447266
2008-09-18,86.3758544921875,56.98223876953125,19.94063377380371,82.80000305175781
2008-09-19,89.80619049072266,55.173797607421875,19.782970428466797,85.9800033569336
2008-09-22,87.77304077148438,55.16792678833008,19.334863662719727,89.18000030517578
2008-09-23,85.77604675292969,54.9565315246582,19.45933723449707,88.31999969482422
2008-09-24,86.05098724365234,55.19728469848633,19.650192260742188,86.70999908447266
2008-09-25,87.39675903320312,55.08566665649414,19.617002487182617,86.44999694824219
2008-09-26,87.44020080566406,55.4849967956543,19.617002487182617,86.63999938964844
2008-09-29,80.58821868896484,57.099578857421875,19.76637077331543,89.56999969482422
2008-09-30,83.92376708984375,55.7081184387207,20.280858993530273,85.06999969482422
2008-10-01,83.97443389892578,56.40895080566406,20.363842010498047,85.97000122070312
2008-10-02,80.92830657958984,56.86240768432617,20.64598274230957,82.33000183105469
2008-10-03,79.83573150634766,57.363014221191406,20.563003540039062,82.58999633789062
2008-10-06,75.76945495605469,58.405433654785156,20.811948776245117,84.27999877929688
2008-10-07,72.37600708007812,58.22880554199219,20.662578582763672,87.2699966430664
2008-10-08,70.55270385742188,57.39248275756836,20.596193313598633,89.41999816894531
2008-10-09,65.62538146972656,56.90949249267578,20.704071044921875,89.9000015258789
2008-10-10,64.0335922241211,56.509056091308594,20.73726463317871,83.22000122070312
2008-10-13,73.33108520507812,55.78468322753906,20.720666885375977,81.98999786376953
2008-10-14,72.24578857421875,55.42539596557617,20.712369918823242,82.19999694824219
2008-10-15,65.13335418701172,55.955448150634766,20.953020095825195,83.30999755859375
2008-10-16,67.84667205810547,55.66687774658203,21.060894012451172,79.29000091552734
2008-10-17,67.44145202636719,55.28406524658203,21.094087600708008,77.20999908447266
2008-10-20,71.4933090209961,55.725791931152344,21.260051727294922,78.5
2008-10-21,69.35885620117188,56.02027893066406,21.60858154296875,76.02999877929688
2008-10-22,65.58194732666016,57.15694046020508,21.865821838378906,71.70999908447266
2008-10-23,66.34169006347656,57.58096694946289,21.741350173950195,70.6500015258789
2008-10-24,62.9771842956543,56.96841812133789,22.305627822875977,72.20999908447266
2008-10-27,60.741432189941406,57.00965118408203,22.305627822875977,72.18000030517578
2008-10-28,67.83942413330078,56.17924499511719,22.048381805419922,73.79000091552734
2008-10-29,67.34737396240234,55.89657974243164,21.691558837890625,74.0
2008-10-30,69.67720794677734,55.390045166015625,21.666664123535156,72.70999908447266
2008-10-31,70.0606689453125,54.67158126831055,21.990297317504883,71.33999633789062
2008-11-03,70.26327514648438,54.819339752197266,22.09817123413086,71.0999984741211
2008-11-04,72.6509780883789,55.84824752807617,21.633472442626953,75.4800033569336
2008-11-05,69.59761810302734,56.51052474975586,21.70815658569336,72.80000305175781
2008-11-06,65.74113464355469,56.102535247802734,22.01519203186035,72.22000122070312
2008-11-07,67.91175079345703,55.73591995239258,21.96540069580078,72.5
2008-11-10,67.02181243896484,56.00791931152344,21.98200035095215,73.58000183105469
2008-11-11,64.95246887207031,56.173484802246094,22.322227478027344,72.05000305175781
2008-11-12,62.09447479248047,56.534175872802734,22.37201499938965,70.0
2008-11-13,65.96540832519531,55.1800537109375,22.01519203186035,72.1500015258789
2008-11-14,62.67326354980469,56.27394104003906,22.197750091552734,73.30000305175781
2008-11-17,61.84123611450195,56.5223388671875,22.181156158447266,72.6500015258789
2008-11-18,63.006134033203125,57.249568939208984,22.247539520263672,72.51000213623047
2008-11-19,58.968788146972656,58.716068267822266,22.322227478027344,72.26000213623047
2008-11-20,54.5913200378418,61.749446868896484,22.47159194946289,73.44999694824219
2008-11-21,57.5361213684082,60.85654830932617,22.363718032836914,78.8499984741211
2008-11-24,61.522884368896484,59.904541015625,21.8160343170166,80.91000366210938
2008-11-25,61.97871398925781,61.66664505004883,21.558788299560547,80.87000274658203
2008-11-26,64.37368774414062,61.749446868896484,21.799436569213867,80.37999725341797
2008-11-28,65.18399047851562,62.51218795776367,22.031787872314453,80.30999755859375
2008-12-01,59.41014099121094,64.90614318847656,22.156259536743164,75.6500015258789
2008-12-02,61.69652557373047,65.15534973144531,22.031787872314453,76.94999694824219
2008-12-03,63.179752349853516,65.33921813964844,22.06498146057129,76.18000030517578
2008-12-04,61.71825408935547,66.626708984375,22.00689125061035,75.5
2008-12-05,63.62114334106445,65.54689025878906,22.09817123413086,74.5199966430664
2008-12-08,65.84245300292969,65.40453338623047,21.72475242614746,76.19999694824219
2008-12-09,64.75712585449219,66.69786834716797,21.782840728759766,76.33000183105469
2008-12-10,65.198486328125,66.53768157958984,21.658367156982422,79.75
2008-12-11,63.62841033935547,66.66822052001953,21.17706871032715,80.6500015258789
2008-12-12,64.38809967041016,66.66822052001953,21.127281188964844,80.80999755859375
2008-12-15,63.490909576416016,67.42764282226562,20.75970458984375,82.5999984741211
2008-12-16,66.4791488647461,69.09475708007812,20.258464813232422,84.45999908447266
2008-12-17,65.83522033691406,70.96956634521484,20.016197204589844,85.43000030517578
2008-12-18,64.60518646240234,72.45870208740234,20.358713150024414,83.87000274658203
2008-12-19,64.3272476196289,72.53587341308594,20.66781234741211,82.62999725341797
2008-12-22,63.50302505493164,71.97814178466797,20.659456253051758,83.45999908447266
2008-12-23,62.8465690612793,71.88323974609375,20.64274787902832,82.62999725341797
2008-12-24,63.21125411987305,71.72892761230469,20.634395599365234,83.45999908447266
2008-12-26,63.57596969604492,71.96631622314453,20.52579116821289,85.5999984741211
2008-12-29,63.39360427856445,71.8800048828125,20.626041412353516,86.3499984741211
2008-12-30,64.89624786376953,72.56452941894531,20.53414535522461,85.9000015258789
2008-12-31,65.82255554199219,71.0465316772461,20.626041412353516,86.5199966430664
2009-01-02,67.80657958984375,69.26075744628906,20.818185806274414,86.2300033569336
2009-01-05,67.726318359375,67.47496032714844,21.043739318847656,84.4800033569336
2009-01-06,68.1786117553711,66.7962875366211,21.01032257080078,85.12999725341797
2009-01-07,66.1362075805664,67.05825805664062,20.87666130065918,82.75
2009-01-08,66.40608978271484,67.00468444824219,20.66781234741211,84.45999908447266
2009-01-09,64.9837417602539,67.10589599609375,20.985265731811523,83.91999816894531
2009-01-12,63.422794342041016,67.8023681640625,21.08551025390625,80.76000213623047
2009-01-13,63.53946304321289,67.87368774414062,21.327777862548828,80.87999725341797
2009-01-14,61.5409049987793,68.99287414550781,21.41131591796875,79.79000091552734
2009-01-15,61.5627555847168,69.10596466064453,21.402963638305664,80.38999938964844
2009-01-16,62.044189453125,68.0404281616211,21.219173431396484,82.70999908447266
2009-01-20,58.76909637451172,68.02848815917969,21.829017639160156,84.5199966430664
2009-01-21,61.3074951171875,65.87957763671875,21.636877059936523,84.1500015258789
2009-01-22,60.35923767089844,64.61161804199219,21.620166778564453,84.58000183105469
2009-01-23,60.621822357177734,64.10564422607422,21.611814498901367,88.52999877929688
2009-01-26,61.03757095336914,63.5460205078125,21.327777862548828,88.94999694824219
2009-01-27,61.657569885253906,65.04020690917969,21.30271339416504,88.37999725341797
2009-01-28,63.74372863769531,63.41512680053711,21.377901077270508,87.41999816894531
2009-01-29,61.67219924926758,61.956695556640625,21.54498291015625,89.5
2009-01-30,60.41758346557617,61.76020431518555,21.678646087646484,91.30999755859375
2009-02-02,60.2352294921875,62.90932083129883,21.661935806274414,88.83999633789062
2009-02-03,61.08135986328125,61.4110107421875,21.394611358642578,88.47000122070312
2009-02-04,60.78229522705078,61.19612503051758,21.595104217529297,89.18000030517578
2009-02-05,61.6867790222168,61.2498664855957,21.661935806274414,90.12000274658203
2009-02-06,63.44465255737305,61.05891418457031,21.4781494140625,89.58999633789062
2009-02-09,63.53217697143555,61.25586700439453,21.336132049560547,88.31999969482422
2009-02-10,60.621822357177734,62.586952209472656,21.586750030517578,90.20999908447266
2009-02-11,60.979251861572266,63.39870071411133,21.620166778564453,92.29000091552734
2009-02-12,61.02300262451172,62.801841735839844,21.70370864868164,93.16999816894531
2009-02-13,60.36650466918945,61.13051223754883,21.636877059936523,92.55000305175781
2009-02-17,57.78438949584961,63.03462219238281,22.062929153442383,95.44999694824219
2009-02-18,57.645790100097656,62.49747085571289,22.163177490234375,96.91000366210938
2009-02-19,57.025794982910156,61.43488693237305,22.03786849975586,95.7699966430664
2009-02-20,56.47141647338867,62.03184509277344,21.728769302368164,97.80000305175781
2009-02-23,54.45096969604492,62.60488510131836,21.929264068603516,97.7300033569336
2009-02-24,56.515201568603516,62.5391845703125,21.81231117248535,94.7300033569336
2009-02-25,56.07025909423828,61.8169059753418,22.07963752746582,93.1500015258789
2009-02-26,55.158485412597656,61.166316986083984,22.062929153442383,93.05999755859375
2009-02-27,53.925777435302734,60.81413269042969,22.121408462524414,92.62999725341797
2009-03-02,51.496829986572266,61.82093048095703,22.346965789794922,90.93000030517578
2009-03-03,51.110233306884766,61.407920837402344,22.338611602783203,90.04000091552734
2009-03-04,52.32107162475586,61.126625061035156,22.213302612304688,88.98999786376953
2009-03-05,50.18387222290039,62.8265266418457,22.330257415771484,91.98999786376953
2009-03-06,50.27140426635742,62.40754699707031,22.221654891967773,92.29000091552734
2009-03-09,49.680564880371094,62.04240798950195,22.346965789794922,90.56999969482422
2009-03-10,52.64199447631836,60.85125732421875,22.221654891967773,88.13999938964844
2009-03-11,52.98482894897461,61.509666442871094,21.979389190673828,89.22000122070312
2009-03-12,55.07096862792969,61.802955627441406,21.87078857421875,91.0999984741211
2009-03-13,55.5013542175293,61.49172592163086,21.89584732055664,91.30000305175781
2009-03-16,55.33355712890625,60.52202606201172,21.829017639160156,90.80000305175781
2009-03-17,57.025794982910156,60.192813873291016,21.79560089111328,90.04000091552734
2009-03-18,58.302276611328125,62.473411560058594,21.09386444091797,93.08999633789062
2009-03-19,57.58016586303711,62.55126953125,20.843244552612305,94.3499984741211
2009-03-20,56.354026794433594,62.20401382446289,21.0186767578125,93.58999633789062
2009-03-23,60.40190887451172,61.665287017822266,20.910078048706055,92.08000183105469
2009-03-24,59.21181106567383,62.251922607421875,21.14398956298828,90.94999694824219
2009-03-25,59.83622741699219,61.41390609741211,20.976909637451172,91.9800033569336
2009-03-26,61.05569839477539,62.12617874145508,21.110572814941406,91.93000030517578
2009-03-27,59.953765869140625,62.58708572387695,21.36119270324707,90.69000244140625
2009-03-30,57.8820915222168,62.8265266418457,21.494855880737305,89.9800033569336
2009-03-31,58.41837692260742,63.27544403076172,21.4196720123291,90.27999877929688
2009-04-01,59.54966735839844,63.852943420410156,21.436376571655273,91.02999877929688
2009-04-02,61.29081726074219,63.07258605957031,21.152341842651367,88.80000305175781
2009-04-03,61.90055465698242,61.78190231323242,21.08551025390625,87.58999633789062
2009-04-06,61.41569519042969,61.51786422729492,21.185760498046875,85.2699966430664
2009-04-07,59.98312759399414,61.673927307128906,21.344484329223633,86.73999786376953
2009-04-08,60.629615783691406,62.22019577026367,21.352840423583984,86.61000061035156
2009-04-09,63.03923416137695,61.439815521240234,21.436376571655273,86.30999755859375
2009-04-13,63.05393600463867,62.00398635864258,21.152341842651367,87.87999725341797
2009-04-14,61.966712951660156,62.328208923339844,21.20246696472168,87.37000274658203
2009-04-15,62.627838134765625,62.22019577026367,21.235883712768555,87.5
2009-04-16,63.546138763427734,61.72788619995117,21.311071395874023,85.80999755859375
2009-04-17,63.97224426269531,61.049591064453125,21.52827262878418,85.22000122070312
2009-04-20,61.29081726074219,61.97407531738281,21.69535255432129,86.94999694824219
2009-04-21,62.48826217651367,61.361732482910156,21.645227432250977,86.88999938964844
2009-04-22,62.10624694824219,60.98952865600586,21.586750030517578,87.37999725341797
2009-04-23,62.716007232666016,60.983551025390625,21.344484329223633,88.80000305175781
2009-04-24,63.66368865966797,60.371253967285156,21.177404403686523,89.72000122070312
2009-04-27,63.06129455566406,60.6294059753418,21.428024291992188,89.01000213623047
2009-04-28,62.86293029785156,59.63892364501953,21.294361114501953,87.75
2009-04-29,64.19998931884766,59.11064529418945,21.14398956298828,88.33000183105469
2009-04-30,64.22201538085938,58.87652587890625,21.169048309326172,87.2699966430664
2009-05-01,64.5672836303711,58.4713134765625,21.118927001953125,86.94999694824219
2009-05-04,66.76384735107422,58.66400909423828,20.92678451538086,88.63999938964844
2009-05-05,66.53608703613281,58.59175491333008,20.99361801147461,88.25
2009-05-06,67.68949127197266,58.453243255615234,20.951845169067383,89.54000091552734
2009-05-07,66.74915313720703,57.02622985839844,20.951845169067383,89.44000244140625
2009-05-08,68.30661010742188,57.164695739746094,20.575916290283203,89.9800033569336
2009-05-11,67.02833557128906,57.977577209472656,20.68451690673828,89.69000244140625
2009-05-12,66.82999420166016,58.18831253051758,20.575916290283203,90.69999694824219
2009-05-13,65.14765930175781,58.8205680847168,20.651100158691406,91.08999633789062
2009-05-14,65.70596313476562,59.049373626708984,20.584270477294922,91.02999877929688
2009-05-15,65.1697006225586,59.03127670288086,20.726289749145508,91.55000305175781
2009-05-18,67.02098846435547,58.116111755371094,20.617687225341797,90.36000061035156
2009-05-19,66.940185546875,57.80900955200195,20.509084701538086,90.95999908447266
2009-05-20,66.49205780029297,58.417118072509766,20.258464813232422,92.25
2009-05-21,65.53704833984375,56.94792938232422,20.124799728393555,93.8499984741211
2009-05-22,65.39742279052734,56.31576919555664,19.9827823638916,94.1500015258789
2009-05-26,67.0724105834961,55.466758728027344,20.024553298950195,93.76000213623047
2009-05-27,65.87496948242188,54.48532485961914,20.091384887695312,93.44999694824219
2009-05-28,66.79322814941406,55.27403259277344,20.108091354370117,94.23999786376953
2009-05-29,67.97600555419922,56.70113754272461,19.82405662536621,96.19999694824219
2009-06-01,69.62159729003906,55.02482986450195,19.7739315032959,95.7300033569336
2009-06-02,69.68038940429688,55.32077407836914,19.59014320373535,96.36000061035156
2009-06-03,68.79879760742188,55.840293884277344,19.882532119750977,94.41000366210938
2009-06-04,69.4452896118164,54.68654251098633,19.84076499938965,96.2300033569336
2009-06-05,69.45999908447266,54.269676208496094,20.183279037475586,93.70999908447266
2009-06-08,69.1734619140625,54.13076400756836,20.191633224487305,93.55999755859375
2009-06-09,69.52610778808594,54.1247444152832,19.932659149169922,93.83000183105469
2009-06-10,69.3497543334961,53.27299880981445,20.04961395263672,93.86000061035156
2009-06-11,69.65833282470703,53.864994049072266,19.849119186401367,93.69999694824219
2009-06-12,69.84935760498047,54.34822082519531,20.041259765625,92.16999816894531
2009-06-15,68.24784088134766,54.83750915527344,20.408838272094727,91.0999984741211
2009-06-16,67.32219696044922,55.79196548461914,20.14150619506836,91.93000030517578
2009-06-17,67.25608825683594,55.477840423583984,20.024553298950195,92.3499984741211
2009-06-18,67.74830627441406,54.638179779052734,20.116445541381836,91.61000061035156
2009-06-19,67.99798583984375,55.38724136352539,20.024553298950195,91.9000015258789
2009-06-22,65.95894622802734,55.924842834472656,20.158212661743164,90.54000091552734
2009-06-23,66.0106430053711,56.583274841308594,19.92430305480957,90.91999816894531
2009-06-24,66.57950592041016,56.01545715332031,20.041259765625,91.44999694824219
2009-06-25,68.02754211425781,57.0423583984375,20.024553298950195,92.30999755859375
2009-06-26,67.85020446777344,57.139068603515625,19.907596588134766,92.29000091552734
2009-06-29,68.4855728149414,57.2236213684082,19.890888214111328,92.04000091552734
2009-06-30,67.93150329589844,57.12699508666992,19.966073989868164,91.18000030517578
2009-07-01,68.21221160888672,57.01362991333008,19.865825653076172,92.38999938964844
2009-07-02,66.35049438476562,57.14695358276367,19.974428176879883,91.25
2009-07-06,66.34313201904297,57.037879943847656,20.007844924926758,90.76000213623047
2009-07-07,65.05760192871094,57.41970443725586,20.091384887695312,90.70999908447266
2009-07-08,65.01329803466797,58.48020935058594,20.06632423400879,89.2699966430664
2009-07-09,65.13885498046875,57.783267974853516,19.899240493774414,89.51000213623047
2009-07-10,64.98373413085938,58.3165283203125,19.949365615844727,89.58000183105469
2009-07-13,66.56475067138672,57.989288330078125,19.915952682495117,90.19000244140625
2009-07-14,66.94152069091797,57.0257682800293,19.932659149169922,90.80999755859375
2009-07-15,68.8993148803711,55.55923080444336,19.740514755249023,92.23999786376953
2009-07-16,68.78849792480469,56.159175872802734,19.723806381225586,91.9800033569336
2009-07-17,69.54206085205078,55.29256820678711,19.765579223632812,91.93000030517578
2009-07-20,70.28084564208984,55.58343505859375,19.631914138793945,93.27999877929688
2009-07-21,70.60588836669922,56.692447662353516,19.640268325805664,93.12999725341797
2009-07-22,70.59111785888672,56.18340301513672,19.60685157775879,93.44000244140625
2009-07-23,72.14997100830078,55.15319061279297,19.60685157775879,93.26000213623047
2009-07-24,72.4454574584961,55.41982650756836,19.581790924072266,93.41000366210938
2009-07-27,72.65972137451172,54.78348922729492,19.565082550048828,93.70999908447266
2009-07-28,72.31988525390625,55.26832580566406,19.623559951782227,92.11000061035156
2009-07-29,72.1426010131836,55.57135009765625,19.765579223632812,91.19999694824219
2009-07-30,72.89613342285156,56.35915756225586,19.740514755249023,91.62000274658203
2009-07-31,72.99958801269531,57.45603942871094,19.48154067993164,93.3499984741211
2009-08-03,74.20377349853516,56.58528518676758,19.32281494140625,93.87000274658203
2009-08-04,74.3958969116211,56.13533020019531,19.32281494140625,94.68000030517578
2009-08-05,74.18164825439453,55.29620361328125,19.297754287719727,94.77999877929688
2009-08-06,73.79747772216797,55.4847412109375,19.389644622802734,94.5999984741211
2009-08-07,74.76526641845703,55.02263259887695,19.61520767211914,93.75
2009-08-10,74.61014556884766,55.70974349975586,19.682037353515625,92.93000030517578
2009-08-11,73.6792984008789,56.35420608520508,19.698745727539062,92.79000091552734
2009-08-12,74.46975708007812,55.752281188964844,19.60685157775879,92.94999694824219
2009-08-13,75.03862762451172,56.5427131652832,19.514957427978516,93.72000122070312
2009-08-14,74.46233367919922,56.761627197265625,19.59014320373535,93.0
2009-08-17,72.63018035888672,57.600746154785156,19.707101821899414,91.61000061035156
2009-08-18,73.20641326904297,57.26634216308594,19.6569766998291,92.05999755859375
2009-08-19,73.84919738769531,57.740604400634766,19.531665802001953,92.52999877929688
2009-08-20,74.61014556884766,58.2148551940918,19.473186492919922,92.2699966430664
2009-08-21,76.07292938232422,57.017032623291016,19.406352996826172,93.6500015258789
2009-08-24,76.0655517578125,58.05069351196289,19.44812774658203,92.33999633789062
2009-08-25,76.21329498291016,58.379085540771484,19.44812774658203,92.76000213623047
2009-08-26,76.22068786621094,58.646602630615234,19.523313522338867,92.79000091552734
2009-08-27,76.39064025878906,58.415504455566406,19.414710998535156,93.19000244140625
2009-08-28,76.37581634521484,58.683048248291016,19.44812774658203,93.87000274658203
2009-08-31,75.69615173339844,58.73781204223633,19.43141746520996,93.4000015258789
2009-09-01,74.02650451660156,58.59565353393555,19.556726455688477,93.9000015258789
2009-09-02,73.74578094482422,59.44965744018555,19.48154067993164,96.19000244140625
2009-09-03,74.35897064208984,59.083648681640625,19.498249053955078,97.45999908447266
2009-09-04,75.40061950683594,58.07720947265625,19.423063278198242,97.52999877929688
2009-09-08,76.0507583618164,57.668495178222656,19.205860137939453,97.43000030517578
2009-09-09,76.6344223022461,57.60134506225586,19.139028549194336,97.08000183105469
2009-09-10,77.41751098632812,58.66276931762695,19.097257614135742,97.69999694824219
2009-09-11,77.40276336669922,58.986106872558594,19.05548858642578,98.77999877929688
2009-09-14,77.7795181274414,58.400455474853516,19.038782119750977,97.95999908447266
2009-09-15,78.10459899902344,58.101558685302734,18.971948623657227,98.9000015258789
2009-09-16,79.28665161132812,58.20524597167969,18.913469314575195,99.91000366210938
2009-09-17,79.16845703125,58.937294006347656,18.94688606262207,99.33999633789062
2009-09-18,79.21894073486328,58.41265869140625,19.013715744018555,98.66999816894531
2009-09-21,79.01849365234375,58.546905517578125,19.080549240112305,98.36000061035156
2009-09-22,79.47872161865234,58.66889190673828,18.880054473876953,99.66999816894531
2009-09-23,78.81805419921875,58.84575271606445,18.963594436645508,98.83000183105469
2009-09-24,77.94957733154297,59.01654815673828,19.10561180114746,97.55000305175781
2009-09-25,77.53388977050781,59.76679992675781,19.05548858642578,97.0
2009-09-28,78.92201232910156,60.29140853881836,19.113964080810547,97.05000305175781
2009-09-29,78.68448638916016,60.23651885986328,19.14737892150879,97.43000030517578
2009-09-30,78.3801040649414,60.18169021606445,19.038782119750977,98.8499984741211
2009-10-01,76.43527221679688,61.005855560302734,19.172443389892578,97.88999938964844
2009-10-02,76.07898712158203,60.583656311035156,19.130674362182617,98.37000274658203
2009-10-05,77.2146987915039,60.58979034423828,19.022069931030273,99.81999969482422
2009-10-06,78.32075500488281,59.99010467529297,18.93852996826172,102.27999877929688
2009-10-07,78.53600311279297,60.693782806396484,18.95524024963379,102.36000061035156
2009-10-08,79.13729095458984,60.057464599609375,18.82992935180664,103.63999938964844
2009-10-09,79.61975860595703,58.68067169189453,18.980300903320312,102.83999633789062
2009-10-12,79.93155670166016,58.77245330810547,18.896764755249023,103.55999755859375
2009-10-13,79.76823425292969,59.07833480834961,18.854990005493164,104.26000213623047
2009-10-14,81.1414794921875,58.20341491699219,18.712974548339844,104.18000030517578
2009-10-15,81.43842315673828,57.93418884277344,18.721324920654297,102.86000061035156
2009-10-16,80.8297348022461,58.40535354614258,18.771451950073242,103.18000030517578
2009-10-19,81.4978256225586,58.864234924316406,18.67955780029297,104.2300033569336
2009-10-20,81.06726837158203,59.182430267333984,18.76309585571289,103.41999816894531
2009-10-21,80.33979797363281,58.82758712768555,18.646141052246094,103.75
2009-10-22,81.1563720703125,58.53990936279297,18.637786865234375,103.91999816894531
2009-10-23,80.22845458984375,58.09941101074219,18.738033294677734,103.48999786376953
2009-10-26,79.35997772216797,57.346744537353516,18.863346099853516,101.86000061035156
2009-10-27,78.9962387084961,58.12998580932617,18.913469314575195,101.8499984741211
2009-10-28,77.50419616699219,58.40535354614258,18.98865509033203,100.7300033569336
2009-10-29,79.16697692871094,57.768959045410156,18.854990005493164,102.69000244140625
2009-10-30,76.87323760986328,58.60725021362305,18.963594436645508,102.52999877929688
2009-11-02,77.43739318847656,58.348175048828125,18.896764755249023,103.94999694824219
2009-11-03,77.68235778808594,57.76499557495117,18.94688606262207,106.45999908447266
2009-11-04,77.88278198242188,57.237117767333984,18.804868698120117,107.0999984741211
2009-11-05,79.31546020507812,57.237117767333984,19.16408920288086,106.9800033569336
2009-11-06,79.52326202392578,57.2923583984375,19.072193145751953,107.43000030517578
2009-11-09,81.33450317382812,57.359832763671875,18.82992935180664,108.19000244140625
2009-11-10,81.3493423461914,57.25550079345703,18.746389389038086,108.38999938964844
2009-11-11,81.7650375366211,57.494937896728516,18.779804229736328,109.5999984741211
2009-11-12,80.93363952636719,57.39054489135742,19.04713249206543,108.20999908447266
2009-11-13,81.37164306640625,57.65448760986328,18.646141052246094,109.73999786376953
2009-11-16,82.5518798828125,58.32976531982422,18.562602996826172,111.62999725341797
2009-11-17,82.64839935302734,58.64282989501953,18.67955780029297,111.97000122070312
2009-11-18,82.596435546875,58.29907989501953,18.61272621154785,112.25
2009-11-19,81.52008819580078,58.40340042114258,18.67120361328125,112.30000305175781
2009-11-20,81.23055267333984,58.391151428222656,18.746389389038086,112.94000244140625
2009-11-23,82.26237487792969,58.317474365234375,18.604372024536133,114.29000091552734
2009-11-24,82.38859558105469,58.685855865478516,18.62108039855957,114.7300033569336
2009-11-25,82.67807006835938,58.95599365234375,18.403879165649414,116.62000274658203
2009-11-27,81.33450317382812,59.17691421508789,18.59601593017578,115.05999755859375
2009-11-30,81.60917663574219,59.31810760498047,18.520832061767578,115.63999938964844
2009-12-01,82.61868286132812,58.65731430053711,18.437292098999023,117.37999725341797
2009-12-02,82.58157348632812,58.70663833618164,18.49576759338379,119.18000030517578
2009-12-03,81.935791015625,58.09688186645508,18.504121780395508,118.69999694824219
2009-12-04,82.40342712402344,57.481082916259766,18.779804229736328,113.75
2009-12-07,82.2772216796875,57.554935455322266,18.779804229736328,113.11000061035156
2009-12-08,81.36421203613281,57.64127731323242,18.8716983795166,110.94999694824219
2009-12-09,81.66851043701172,57.37640380859375,18.7965145111084,110.83999633789062
2009-12-10,82.1287612915039,56.717491149902344,18.7965145111084,110.81999969482422
2009-12-11,82.47764587402344,56.7112922668457,18.94688606262207,109.31999969482422
2009-12-14,83.04183197021484,56.779052734375,18.905113220214844,110.23999786376953
2009-12-15,82.6557846069336,56.526588439941406,19.038782119750977,110.20999908447266
2009-12-16,82.78199768066406,56.45881271362305,19.022069931030273,111.58999633789062
2009-12-17,81.78729248046875,57.38872528076172,19.22256851196289,107.33999633789062
2009-12-18,82.2500228881836,57.142398834228516,19.22256851196289,108.94999694824219
2009-12-21,83.08586883544922,56.126258850097656,19.281044006347656,106.94999694824219
2009-12-22,83.38441467285156,55.81222915649414,19.347877502441406,106.16999816894531
2009-12-23,83.548583984375,55.82451629638672,19.239274978637695,106.55000305175781
2009-12-24,83.94412994384766,55.245662689208984,19.239274978637695,108.36000061035156
2009-12-28,84.12322998046875,55.09170150756836,19.18915367126465,108.55000305175781
2009-12-29,84.00382232666016,55.455074310302734,19.247631072998047,107.47000122070312
2009-12-30,83.97396850585938,55.8197021484375,19.247631072998047,106.93000030517578
2009-12-31,83.16796875,55.55396270751953,19.281044006347656,107.30999755859375
2010-01-04,84.5784912109375,55.5045166015625,19.14737892150879,109.80000305175781
2010-01-05,84.80235290527344,55.86299133300781,19.139028549194336,109.69999694824219
2010-01-06,84.86209869384766,55.11520004272461,19.08890151977539,111.51000213623047
2010-01-07,85.22029113769531,55.20789337158203,19.214214324951172,110.81999969482422
2010-01-08,85.50389862060547,55.183101654052734,19.080549240112305,111.37000274658203
2010-01-11,85.62330627441406,54.88035202026367,18.980300903320312,112.8499984741211
2010-01-12,84.82476806640625,55.8197021484375,18.980300903320312,110.48999786376953
2010-01-13,85.54122924804688,55.17082977294922,18.963594436645508,111.54000091552734
2010-01-14,85.77255249023438,55.94331359863281,18.913469314575195,112.02999877929688
2010-01-15,84.80982208251953,56.28940200805664,19.022069931030273,110.86000061035156
2010-01-19,85.86959838867188,56.128753662109375,19.080549240112305,111.5199966430664
2010-01-20,84.99639892578125,56.69731521606445,19.314462661743164,108.94000244140625
2010-01-21,83.36199951171875,56.95691680908203,19.314462661743164,107.37000274658203
2010-01-22,81.50370788574219,56.857994079589844,19.281044006347656,107.16999816894531
2010-01-25,81.92167663574219,56.598453521728516,19.255983352661133,107.4800033569336
2010-01-26,81.5783462524414,56.617000579833984,19.33952522277832,107.55999755859375
2010-01-27,81.96643829345703,56.58607864379883,19.406352996826172,106.52999877929688
2010-01-28,81.02608489990234,56.55519104003906,19.43977165222168,106.4800033569336
2010-01-29,80.14543151855469,57.049591064453125,19.59014320373535,105.95999908447266
2010-02-01,81.3917465209961,56.53173828125,19.506603240966797,108.3499984741211
2010-02-02,82.37689208984375,56.69295883178711,19.43977165222168,109.12999725341797
2010-02-03,81.96643829345703,56.03555679321289,19.54837417602539,108.69999694824219
2010-02-04,79.43644714355469,56.92243576049805,19.67368507385254,104.37000274658203
2010-02-05,79.60063171386719,57.04645538330078,19.757225036621094,104.68000030517578
2010-02-08,79.02599334716797,57.120887756347656,19.748868942260742,104.04000091552734
2010-02-09,80.01854705810547,56.55033493041992,19.623559951782227,105.41000366210938
2010-02-10,79.8618392944336,56.01076126098633,19.682037353515625,105.12000274658203
2010-02-11,80.6977310180664,55.70685958862305,19.67368507385254,107.12999725341797
2010-02-12,80.63055419921875,55.93632507324219,19.740514755249023,107.04000091552734
2010-02-16,81.8992691040039,56.04178237915039,19.573434829711914,109.62000274658203
2010-02-17,82.28733825683594,55.40294647216797,19.757225036621094,109.25
2010-02-18,82.77242279052734,55.17964553833008,19.757225036621094,109.9800033569336
2010-02-19,82.94408416748047,55.477325439453125,19.81570053100586,109.47000122070312
2010-02-22,82.9590072631836,55.24790573120117,19.782285690307617,109.06999969482422
2010-02-23,81.9515151977539,56.11003875732422,19.890888214111328,107.88999938964844
2010-02-24,82.70525360107422,56.246463775634766,19.849119186401367,107.36000061035156
2010-02-25,82.59329986572266,56.56272506713867,19.80734634399414,108.30999755859375
2010-02-26,82.64555358886719,56.85423278808594,19.748868942260742,109.43000030517578
2010-03-01,83.50379180908203,56.82929229736328,19.81570053100586,109.43000030517578
2010-03-02,83.73518371582031,56.754661560058594,19.757225036621094,111.0199966430664
2010-03-03,83.80977630615234,56.61162185668945,19.640268325805664,111.62999725341797
2010-03-04,84.06353759765625,56.91022872924805,19.748868942260742,110.83000183105469
2010-03-05,85.26505279541016,56.163597106933594,19.740514755249023,110.80999755859375
2010-03-08,85.28002166748047,55.87118148803711,19.732162475585938,109.87999725341797
2010-03-09,85.42181396484375,55.8836555480957,19.765579223632812,109.72000122070312
2010-03-10,85.80243682861328,55.74054718017578,19.732162475585938,108.47000122070312
2010-03-11,86.16065979003906,55.94585037231445,19.690391540527344,108.5999984741211
2010-03-12,86.16812133789062,56.29423904418945,19.565082550048828,107.94999694824219
2010-03-15,86.19049835205078,56.219635009765625,19.67368507385254,108.36000061035156
2010-03-16,86.8770751953125,56.66759490966797,19.531665802001953,110.4000015258789
2010-03-17,87.39204406738281,56.91022872924805,19.54001808166504,109.58999633789062
2010-03-18,87.34728240966797,56.723541259765625,19.67368507385254,110.33999633789062
2010-03-19,86.90514373779297,56.77954864501953,19.80734634399414,108.27999877929688
2010-03-22,87.36974334716797,56.84178161621094,19.757225036621094,107.75
2010-03-23,87.9842529296875,56.574222564697266,19.82405662536621,108.31999969482422
2010-03-24,87.55709075927734,55.54145050048828,20.091384887695312,106.30000305175781
2010-03-25,87.41471099853516,55.18680953979492,20.158212661743164,106.77999877929688
2010-03-26,87.36225891113281,55.342315673828125,20.016197204589844,108.58999633789062
2010-03-29,87.91678619384766,55.13081741333008,19.915952682495117,108.75
2010-03-30,87.97673797607422,55.305015563964844,19.99113655090332,107.97000122070312
2010-03-31,87.67700958251953,55.684547424316406,19.882532119750977,108.94999694824219
2010-04-01,88.2765121459961,55.54838562011719,19.765579223632812,110.26000213623047
2010-04-05,88.99589538574219,54.62416076660156,19.865825653076172,110.88999938964844
2010-04-06,89.20568084716797,54.71159744262695,19.92430305480957,111.02999877929688
2010-04-07,88.6961441040039,55.41099548339844,19.966073989868164,112.48999786376953
2010-04-08,89.00337219238281,55.43600845336914,19.949365615844727,112.6500015258789
2010-04-09,89.5879135131836,55.567138671875,19.798992156982422,113.63999938964844
2010-04-12,89.73027038574219,55.860595703125,19.715450286865234,113.01000213623047
2010-04-13,89.79772186279297,56.041778564453125,19.715450286865234,112.69000244140625
2010-04-14,90.81687927246094,55.648319244384766,19.61520767211914,113.02999877929688
2010-04-15,90.89180755615234,55.71078872680664,19.690391540527344,113.6500015258789
2010-04-16,89.44551086425781,56.11674880981445,19.757225036621094,111.23999786376953
2010-04-19,89.78273010253906,55.97927474975586,19.790639877319336,111.1500015258789
2010-04-20,90.58454895019531,56.179100036621094,19.82405662536621,111.45999908447266
2010-04-21,90.41970825195312,56.64121627807617,19.865825653076172,112.30999755859375
2010-04-22,90.68949127197266,56.47262954711914,19.957717895507812,111.83999633789062
2010-04-23,91.28148651123047,56.27281188964844,19.915952682495117,113.19000244140625
2010-04-26,90.93677520751953,56.33525466918945,19.907596588134766,112.75
2010-04-27,88.78607177734375,57.12832260131836,20.149864196777344,114.62999725341797
2010-04-28,89.46049499511719,56.64121627807617,20.14150619506836,114.30999755859375
2010-04-29,90.5695571899414,56.87856674194336,20.04961395263672,114.27999877929688
2010-04-30,89.03336334228516,57.53429412841797,20.016197204589844,115.36000061035156
2010-05-03,90.18738555908203,57.45907974243164,20.14150619506836,115.7300033569336
2010-05-04,88.066650390625,58.4930419921875,20.3670654296875,114.87000274658203
2010-05-05,87.54207611083984,58.83769607543945,20.55921173095703,115.08999633789062
2010-05-06,84.63450622558594,60.655086517333984,20.726289749145508,118.48999786376953
2010-05-07,83.37557983398438,59.89680480957031,20.634395599365234,118.2699966430664
2010-05-10,87.0475082397461,58.656028747558594,20.584270477294922,117.56999969482422
2010-05-11,86.80021667480469,58.505592346191406,20.676164627075195,120.66000366210938
2010-05-12,88.01422882080078,58.06063461303711,20.734642028808594,121.4000015258789
2010-05-13,86.92010498046875,58.442955017089844,20.851598739624023,120.55999755859375
2010-05-14,85.34642791748047,59.45812225341797,21.043739318847656,120.37000274658203
2010-05-17,85.39139556884766,59.23881912231445,21.043739318847656,119.36000061035156
2010-05-18,84.22988891601562,60.147464752197266,21.269298553466797,119.48999786376953
2010-05-19,83.750244140625,60.34799575805664,21.068803787231445,116.62999725341797
2010-05-20,80.5879135131836,61.620121002197266,20.9601993560791,115.83999633789062
2010-05-21,81.764404296875,61.68280792236328,20.868305206298828,115.22000122070312
2010-05-24,80.71527099609375,61.469730377197266,21.077157974243164,116.83999633789062
2010-05-25,80.79772186279297,61.7705192565918,21.13563346862793,117.36000061035156
2010-05-26,80.31065368652344,61.595062255859375,21.277652740478516,118.47000122070312
2010-05-27,83.00090026855469,60.19760513305664,21.05209732055664,118.69000244140625
2010-05-28,81.95923614501953,60.47334671020508,21.169048309326172,118.87999725341797
2010-06-01,80.58041381835938,60.89842224121094,21.177404403686523,119.91000366210938
2010-06-02,82.67868041992188,60.31991195678711,21.169048309326172,119.77999877929688
2010-06-03,82.96340942382812,59.87981033325195,21.277652740478516,117.95999908447266
2010-06-04,80.04834747314453,61.489501953125,21.52827262878418,119.19000244140625
2010-06-07,79.05170440673828,61.96104431152344,21.578393936157227,121.48999786376953
2010-06-08,79.89846801757812,61.652915954589844,21.51156234741211,121.0
2010-06-09,79.47132873535156,61.583736419677734,21.428024291992188,120.55999755859375
2010-06-10,81.79438781738281,60.48341751098633,21.20246696472168,118.97000122070312
2010-06-11,82.19154357910156,61.25052261352539,21.269298553466797,120.01000213623047
2010-06-14,82.06415557861328,60.936134338378906,21.077157974243164,119.5999984741211
2010-06-15,83.93009185791016,60.684593200683594,20.90172576904297,120.98999786376953
2010-06-16,83.900146484375,61.03044891357422,20.968557357788086,120.33000183105469
2010-06-17,84.03501892089844,61.52718734741211,20.843244552612305,121.9000015258789
2010-06-18,84.12613677978516,61.42658996582031,20.83489227294922,122.83000183105469
2010-06-21,83.88518524169922,61.25052261352539,20.910078048706055,120.38999938964844
2010-06-22,82.49978637695312,61.979923248291016,20.943490982055664,121.44999694824219
2010-06-23,82.24375915527344,62.40120315551758,20.859949111938477,120.94999694824219
2010-06-24,80.88095092773438,62.030235290527344,20.859949111938477,121.30000305175781
2010-06-25,81.21977233886719,62.28174591064453,20.742998123168945,122.76000213623047
2010-06-28,80.96379852294922,62.86653518676758,20.851598739624023,121.08999633789062
2010-06-29,78.4640121459961,63.5518798828125,20.951845169067383,121.2699966430664
2010-06-30,77.71862030029297,63.97947692871094,20.935136795043945,121.68000030517578
2010-07-01,77.37224578857422,64.08038330078125,20.550853729248047,117.04000091552734
2010-07-02,76.95059967041016,63.56954574584961,20.52579116821289,118.48999786376953
2010-07-06,77.45506286621094,64.09298706054688,20.458959579467773,116.51000213623047
2010-07-07,79.89458465576172,63.342464447021484,20.39212989807129,117.7300033569336
2010-07-08,80.68516540527344,62.93880844116211,20.3670654296875,117.20999908447266
2010-07-09,81.28755187988281,62.579307556152344,20.41718864440918,118.36000061035156
2010-07-12,81.34025573730469,62.554054260253906,20.47566795349121,117.33999633789062
2010-07-13,82.56756591796875,62.01795196533203,20.300235748291016,118.36000061035156
2010-07-14,82.56002044677734,62.642391204833984,20.258464813232422,118.30000305175781
2010-07-15,82.58259582519531,63.26679229736328,20.024553298950195,118.2300033569336
2010-07-16,80.30870056152344,63.575809478759766,20.057968139648438,116.66999816894531
2010-07-19,80.7830810546875,63.184791564941406,20.074674606323242,115.7300033569336
2010-07-20,81.67906951904297,63.27939224243164,20.108091354370117,116.6500015258789
2010-07-21,80.6174087524414,64.35157775878906,20.241756439208984,115.8499984741211
2010-07-22,82.41693878173828,63.60736083984375,20.074674606323242,116.86000061035156
2010-07-23,83.13225555419922,62.93254470825195,20.041259765625,116.08999633789062
2010-07-26,83.99815368652344,62.82527160644531,19.932659149169922,115.5199966430664
2010-07-27,83.99061584472656,62.21977615356445,19.966073989868164,113.51000213623047
2010-07-28,83.448486328125,62.421634674072266,19.957717895507812,113.77999877929688
2010-07-29,83.04190826416016,62.4026985168457,19.82405662536621,114.29000091552734
2010-07-30,83.02681732177734,63.374019622802734,19.83241081237793,115.48999786376953
2010-08-02,84.90164184570312,62.484352111816406,19.648622512817383,115.54000091552734
2010-08-03,84.49507904052734,62.845008850097656,19.565082550048828,115.98999786376953
2010-08-04,85.05976867675781,62.36406326293945,19.67368507385254,116.72000122070312
2010-08-05,84.96940612792969,62.655189514160156,19.60685157775879,116.9800033569336
2010-08-06,84.62310028076172,63.33858108520508,19.506603240966797,117.83999633789062
2010-08-09,85.0748519897461,63.104408264160156,19.60685157775879,117.4000015258789
2010-08-10,84.61553192138672,63.23732376098633,19.648622512817383,117.7300033569336
2010-08-11,82.29649353027344,64.0852279663086,19.99113655090332,117.33999633789062
2010-08-12,81.79200744628906,63.92708206176758,20.057968139648438,118.7699966430664
2010-08-13,81.55106353759766,64.72430419921875,20.14150619506836,118.73999786376953
2010-08-16,81.513427734375,66.34412384033203,20.016197204589844,119.7300033569336
2010-08-17,82.51483154296875,65.9645004272461,19.949365615844727,119.75
2010-08-18,82.6654052734375,66.14164733886719,19.974428176879883,120.22000122070312
2010-08-19,81.22730255126953,67.17302703857422,20.016197204589844,120.38999938964844
2010-08-20,80.96379852294922,67.09707641601562,20.158212661743164,119.97000122070312
2010-08-23,80.65506744384766,67.10979461669922,20.19998550415039,119.77999877929688
2010-08-24,79.45787811279297,68.18547058105469,20.16657066345215,120.36000061035156
2010-08-25,79.7666015625,67.96400451660156,20.19998550415039,121.36000061035156
2010-08-26,79.23201751708984,68.60309600830078,20.074674606323242,120.95999908447266
2010-08-27,80.45928955078125,66.66053771972656,20.108091354370117,121.01000213623047
2010-08-30,79.29222106933594,67.93866729736328,20.16657066345215,120.91000366210938
2010-08-31,79.29222106933594,68.69165802001953,20.149864196777344,122.08000183105469
2010-09-01,81.66398620605469,67.2713394165039,19.99113655090332,121.69000244140625
2010-09-02,82.42446899414062,66.56048583984375,19.974428176879883,122.29000091552734
2010-09-03,83.49366760253906,65.73551940917969,19.87417984008789,121.86000061035156
2010-09-07,82.55247497558594,67.08096313476562,20.083030700683594,122.69999694824219
2010-09-08,83.13225555419922,66.54783630371094,20.016197204589844,122.70999908447266
2010-09-09,83.5162582397461,65.2341537475586,20.016197204589844,121.55999755859375
2010-09-10,83.93789672851562,64.9359130859375,20.03290367126465,121.7300033569336
2010-09-13,84.87152862548828,65.2531967163086,19.81570053100586,121.62000274658203
2010-09-14,84.81885528564453,65.88155364990234,19.648622512817383,124.0199966430664
2010-09-15,85.14261627197266,64.90413665771484,19.732162475585938,123.94000244140625
2010-09-16,85.12004089355469,64.26319122314453,19.66533088684082,124.62999725341797
2010-09-17,85.15179443359375,64.52338409423828,19.715450286865234,124.54000091552734
2010-09-20,86.45377349853516,64.89778900146484,19.690391540527344,124.87000274658203
2010-09-21,86.27971649169922,65.79896545410156,19.473186492919922,126.01000213623047
2010-09-22,85.85579681396484,66.38919830322266,19.331167221069336,126.19999694824219
2010-09-23,85.15935516357422,66.57963562011719,19.389644622802734,126.30000305175781
2010-09-24,86.91555786132812,65.68475341796875,19.18915367126465,126.69000244140625
2010-09-27,86.49921417236328,66.82706451416016,19.214214324951172,126.72000122070312
2010-09-28,86.802001953125,67.28399658203125,19.113964080810547,127.8499984741211
2010-09-29,86.65059661865234,67.00479125976562,19.080549240112305,127.94999694824219
2010-09-30,86.39324951171875,66.96038818359375,19.080549240112305,127.91000366210938
2010-10-01,86.756591796875,66.63679504394531,18.921823501586914,128.91000366210938
2010-10-04,86.10557556152344,66.80878448486328,19.00536346435547,128.4600067138672
2010-10-05,87.83907318115234,66.40747833251953,18.84663963317871,130.99000549316406
2010-10-06,87.83148193359375,67.24192810058594,18.754743576049805,131.80999755859375
2010-10-07,87.72549438476562,66.68133544921875,18.779804229736328,130.3699951171875
2010-10-08,88.217529296875,66.38835906982422,18.712974548339844,131.66000366210938
2010-10-11,88.3008041381836,66.40111541748047,18.788156509399414,132.2899932861328
2010-10-12,88.57333374023438,65.74497985839844,18.72968101501465,131.9600067138672
2010-10-13,89.2621841430664,65.64305877685547,18.67955780029297,134.07000732421875
2010-10-14,88.91397094726562,64.66202545166016,18.55424690246582,134.75
2010-10-15,89.0956039428711,63.87216567993164,18.6628475189209,133.67999267578125
2010-10-18,89.53467559814453,64.38815307617188,18.646141052246094,134.27999877929688
2010-10-19,88.36133575439453,64.77674102783203,18.963594436645508,130.11000061035156
2010-10-20,89.22433471679688,64.9168701171875,18.704618453979492,131.32000732421875
2010-10-21,89.42110443115234,64.1460952758789,18.771451950073242,129.47000122070312
2010-10-22,89.5876693725586,64.57926940917969,18.771451950073242,129.72999572753906
2010-10-25,89.85259246826172,64.76396942138672,18.687911987304688,130.85000610351562
2010-10-26,89.86773681640625,63.763912200927734,18.813220977783203,130.8800048828125
2010-10-27,89.6103744506836,63.203338623046875,18.921823501586914,129.52000427246094
2010-10-28,89.62552642822266,63.37533187866211,18.721324920654297,131.24000549316406
2010-10-29,89.69364929199219,63.967735290527344,18.687911987304688,132.6199951171875
2010-11-01,89.72393798828125,63.69230651855469,18.721324920654297,131.9199981689453
2010-11-02,90.43548583984375,64.5294418334961,18.587665557861328,132.49000549316406
2010-11-03,90.79883575439453,63.21303939819336,18.49576759338379,131.57000732421875
2010-11-04,92.54744720458984,63.7050895690918,18.353750228881836,136.02999877929688
2010-11-05,92.8956298828125,62.61235427856445,18.529184341430664,136.3800048828125
2010-11-08,92.72149658203125,62.8935546875,18.637786865234375,137.77999877929688
2010-11-09,92.05538177490234,61.506813049316406,18.7965145111084,135.58999633789062
2010-11-10,92.42632293701172,61.589847564697266,18.779804229736328,137.24000549316406
2010-11-11,92.07807159423828,61.55792236328125,18.913469314575195,137.66000366210938
2010-11-12,90.98806762695312,61.22563552856445,18.888408660888672,133.69000244140625
2010-11-15,90.8593521118164,59.94758987426758,19.038782119750977,132.4199981689453
2010-11-16,89.44383239746094,61.43650436401367,19.14737892150879,130.97000122070312
2010-11-17,89.48926544189453,61.097877502441406,19.130674362182617,130.3800048828125
2010-11-18,90.80641174316406,61.347068786621094,18.997007369995117,132.08999633789062
2010-11-19,91.05620574951172,61.72410202026367,18.93852996826172,132.1999969482422
2010-11-22,90.98048400878906,61.98610305786133,18.997007369995117,133.47999572753906
2010-11-23,89.66336059570312,62.29283142089844,19.247631072998047,134.41000366210938
2010-11-24,90.98806762695312,61.180870056152344,19.27269172668457,134.17999267578125
2010-11-26,89.92828369140625,62.03083038330078,19.389644622802734,133.11000061035156
2010-11-29,90.2008056640625,62.56123733520508,19.506603240966797,133.50999450683594
2010-11-30,89.69364929199219,62.88712692260742,19.631914138793945,135.4199981689453
2010-12-01,91.60118103027344,61.489234924316406,19.464834213256836,135.3800048828125
2010-12-02,92.77452087402344,61.32891082763672,19.347877502441406,135.1999969482422
2010-12-03,93.02430725097656,60.84794998168945,19.113964080810547,138.07000732421875
2010-12-06,92.92591094970703,61.70724868774414,19.205860137939453,139.11000061035156
2010-12-07,92.97889709472656,60.38628387451172,19.28940200805664,136.5
2010-12-08,93.31952667236328,59.80270767211914,19.297754287719727,134.7899932861328
2010-12-09,93.68289947509766,60.09770965576172,19.314462661743164,135.3699951171875
2010-12-10,94.22789764404297,59.73222732543945,19.314462661743164,135.41000366210938
2010-12-13,94.28843688964844,59.956626892089844,19.10561180114746,136.0500030517578
2010-12-14,94.37173461914062,59.08453369140625,19.139028549194336,136.17999267578125
2010-12-15,93.94023132324219,58.31504821777344,19.33952522277832,134.6999969482422
2010-12-16,94.48524475097656,58.718997955322266,19.28940200805664,133.80999755859375
2010-12-17,94.58647155761719,59.78986740112305,19.372940063476562,134.1999969482422
2010-12-20,94.81477355957031,59.72572708129883,19.414710998535156,135.11000061035156
2010-12-21,95.41593933105469,60.14256286621094,19.456480026245117,135.32000732421875
2010-12-22,95.71269226074219,59.71294021606445,19.43977165222168,135.0500030517578
2010-12-23,95.57569885253906,59.59109878540039,19.381296157836914,134.66000366210938
2010-12-27,95.61377716064453,60.123329162597656,19.33952522277832,135.02000427246094
2010-12-28,95.75074005126953,58.94585037231445,19.347877502441406,137.22000122070312
2010-12-29,95.81922149658203,59.94316864013672,19.214214324951172,137.7100067138672
2010-12-30,95.66706085205078,59.898128509521484,19.14737892150879,137.02999877929688
2010-12-31,95.68985748291016,60.560909271240234,18.971948623657227,138.72000122070312
2011-01-03,96.67911529541016,60.10406494140625,19.063840866088867,138.0
2011-01-04,96.62586212158203,60.174827575683594,19.113964080810547,134.75
2011-01-05,97.12806701660156,58.849327087402344,19.306108474731445,134.3699951171875
2011-01-06,96.93782043457031,59.106746673583984,19.456480026245117,133.8300018310547
2011-01-07,96.7475814819336,59.42201232910156,19.514957427978516,133.5800018310547
2011-01-10,96.62586212158203,59.74372863769531,19.44812774658203,134.1199951171875
2011-01-11,96.96825408935547,59.4091796875,19.43977165222168,134.91000366210938
2011-01-12,97.84335327148438,58.94585037231445,19.247631072998047,135.4600067138672
2011-01-13,97.68355560302734,59.47348403930664,19.04713249206543,134.0500030517578
2011-01-14,98.39126586914062,59.09385299682617,19.022069931030273,132.69000244140625
2011-01-18,98.55864715576172,58.817161560058594,19.00536346435547,133.42999267578125
2011-01-19,97.59225463867188,59.24184799194336,18.888408660888672,133.72000122070312
2011-01-20,97.46288299560547,58.4246711730957,18.94688606262207,131.1999969482422
2011-01-21,97.68355560302734,58.887939453125,18.788156509399414,131.02999877929688
2011-01-24,98.2390365600586,58.9137077331543,18.746389389038086,130.36000061035156
2011-01-25,98.29232788085938,59.47348403930664,18.738033294677734,130.10000610351562
2011-01-26,98.6727523803711,58.57268524169922,18.704618453979492,131.16000366210938
2011-01-27,98.91630554199219,58.836456298828125,18.67120361328125,127.93000030517578
2011-01-28,97.18893432617188,59.14535140991211,18.788156509399414,130.27999877929688
2011-01-31,97.9194564819336,58.694915771484375,18.67955780029297,129.8699951171875
2011-02-01,99.48700714111328,58.40436553955078,18.49576759338379,130.8000030517578
2011-02-02,99.29676818847656,58.41726303100586,18.529184341430664,130.4499969482422
2011-02-03,99.5174789428711,57.93297576904297,18.67955780029297,132.1999969482422
2011-02-04,99.79901885986328,57.34539794921875,18.738033294677734,131.66000366210938
2011-02-07,100.42298126220703,57.64243698120117,18.738033294677734,131.67999267578125
2011-02-08,100.8795394897461,57.1129150390625,18.721324920654297,133.13999938964844
2011-02-09,100.65126037597656,57.610172271728516,18.637786865234375,133.07000732421875
2011-02-10,100.6893081665039,56.945011138916016,18.788156509399414,132.85000610351562
2011-02-11,101.29048919677734,57.76510238647461,18.838281631469727,132.32000732421875
2011-02-14,101.53399658203125,57.803810119628906,18.863346099853516,132.9499969482422
2011-02-15,101.2143325805664,58.06210708618164,18.880054473876953,133.97000122070312
2011-02-16,101.85357666015625,57.874839782714844,18.771451950073242,134.10000610351562
2011-02-17,102.1579818725586,57.96529769897461,18.721324920654297,135.0399932861328
2011-02-18,102.37104034423828,57.78450393676758,18.629432678222656,135.41000366210938
2011-02-22,100.31644439697266,58.649715423583984,18.67955780029297,136.2899932861328
2011-02-23,99.70011138916016,58.86280822753906,18.570953369140625,137.50999450683594
2011-02-24,99.631591796875,59.237327575683594,18.504121780395508,136.47999572753906
2011-02-25,100.69692993164062,59.58600997924805,18.537540435791016,137.3800048828125
2011-02-28,101.3208999633789,59.663490295410156,18.45400047302246,137.66000366210938
2011-03-01,99.631591796875,59.83645248413086,18.479063034057617,140.02999877929688
2011-03-02,99.84466552734375,58.91657257080078,18.378812789916992,139.9199981689453
2011-03-03,101.56440734863281,58.34001922607422,18.353750228881836,138.08999633789062
2011-03-04,100.80349731445312,58.82588195800781,18.328691482543945,139.35000610351562
2011-03-07,100.0120620727539,58.45014953613281,18.345396041870117,139.72000122070312
2011-03-08,100.88716125488281,58.09388732910156,18.42893409729004,139.36000061035156
2011-03-09,100.74259185791016,58.65745162963867,18.39552116394043,139.41000366210938
2011-03-10,98.8782730102539,59.64209747314453,18.537540435791016,137.77000427246094
2011-03-11,99.5631103515625,59.305233001708984,18.403879165649414,138.22000122070312
2011-03-14,98.96198272705078,59.279361724853516,18.311981201171875,138.86000061035156
2011-03-15,97.82811737060547,60.16680145263672,18.328691482543945,136.27000427246094
2011-03-16,96.01708984375,60.84699630737305,18.38716697692871,136.24000549316406
2011-03-17,97.2878646850586,60.3806037902832,18.22844123840332,136.97000122070312
2011-03-18,97.64173126220703,60.54253387451172,18.144901275634766,138.3699951171875
2011-03-21,99.15496063232422,60.18622970581055,18.086421966552734,139.13999938964844
2011-03-22,98.81103515625,60.387046813964844,18.094776153564453,139.0500030517578
2011-03-23,99.09384155273438,60.3093147277832,18.195026397705078,140.33999633789062
2011-03-24,100.04149627685547,59.855865478515625,18.15325355529785,139.22000122070312
2011-03-25,100.34720611572266,59.70688247680664,18.278564453125,139.25999450683594
2011-03-28,100.10261535644531,59.79110336303711,18.261856079101562,138.5399932861328
2011-03-29,100.77518463134766,59.33116912841797,18.253503799438477,138.2100067138672
2011-03-30,101.47066497802734,59.80402755737305,18.23679542541504,138.6699981689453
2011-03-31,101.33312225341797,59.68095779418945,18.203380584716797,139.86000061035156
2011-04-01,101.76103973388672,59.97112274169922,18.186668395996094,139.1999969482422
2011-04-04,101.84514617919922,60.036155700683594,18.186668395996094,139.83999633789062
2011-04-05,101.8298568725586,59.79545211791992,18.195026397705078,142.0500030517578
2011-04-06,102.15084075927734,58.89773941040039,18.094776153564453,142.3800048828125
2011-04-07,101.89100646972656,58.78062057495117,18.103130340576172,142.50999450683594
2011-04-08,101.53944396972656,58.468379974365234,17.96111488342285,143.66000366210938
2011-04-11,101.23372650146484,58.52042007446289,17.986175537109375,142.63999938964844
2011-04-12,100.47712707519531,59.15144729614258,17.94440269470215,141.61000061035156
2011-04-13,100.46949768066406,59.522247314453125,17.96111488342285,141.89999389648438
2011-04-14,100.54590606689453,59.47671890258789,17.8942813873291,143.80999755859375
2011-04-15,100.91273498535156,60.28334045410156,17.92769432067871,145.0500030517578
2011-04-18,99.78166961669922,60.41997528076172,18.094776153564453,145.92999267578125
2011-04-19,100.35485076904297,60.68016815185547,17.986175537109375,145.92999267578125
2011-04-20,101.72286987304688,60.289852142333984,17.810741424560547,146.5
2011-04-21,102.24254608154297,60.237815856933594,17.743907928466797,146.74000549316406
2011-04-25,102.13556671142578,60.465492248535156,17.71884536743164,146.8699951171875
2011-04-26,103.01447296142578,61.05096435546875,17.677078247070312,146.3800048828125
2011-04-27,103.68699645996094,60.426475524902344,17.560121536254883,149.1999969482422
2011-04-28,104.02328491210938,60.8883056640625,17.50999641418457,149.82000732421875
2011-04-29,104.26786041259766,61.07696533203125,17.50164222717285,152.3699951171875
2011-05-02,104.10735321044922,61.17497634887695,17.51835060119629,150.41000366210938
2011-05-03,103.73287200927734,61.52119064331055,17.51835060119629,149.8800048828125
2011-05-04,103.04502868652344,61.79562759399414,17.50999641418457,147.72999572753906
2011-05-05,102.11268615722656,62.383583068847656,17.768972396850586,143.47000122070312
2011-05-06,102.56352996826172,62.10915756225586,17.90263557434082,145.3000030517578
2011-05-09,102.96094512939453,62.04384994506836,17.87757110595703,147.3800048828125
2011-05-10,103.83984375,61.59962844848633,17.860864639282227,147.89999389648438
2011-05-11,102.74695587158203,61.95240783691406,18.027944564819336,146.5399932861328
2011-05-12,103.23609924316406,61.5604248046875,17.994529724121094,146.58999633789062
2011-05-13,102.4412612915039,62.11569595336914,18.11983871459961,145.6300048828125
2011-05-16,101.79168701171875,62.46198654174805,18.06136131286621,145.3699951171875
2011-05-17,101.77635192871094,63.10222244262695,18.044654846191406,144.74000549316406
2011-05-18,102.68582916259766,62.2659797668457,18.036296844482422,145.60000610351562
2011-05-19,102.93035888671875,62.23984146118164,17.96111488342285,145.64999389648438
2011-05-20,102.11268615722656,62.27250671386719,18.086421966552734,147.49000549316406
2011-05-23,100.92803955078125,62.57298278808594,18.203380584716797,147.8300018310547
2011-05-24,100.8439712524414,62.8082275390625,18.15325355529785,148.58999633789062
2011-05-25,101.18022918701172,62.51426315307617,18.136545181274414,148.5800018310547
2011-05-26,101.64643859863281,63.0499267578125,18.06136131286621,148.22000122070312
2011-05-27,102.03624725341797,63.02382278442383,17.91098976135254,149.6999969482422
2011-05-31,103.0985107421875,63.16752243041992,17.827449798583984,149.63999938964844
2011-06-01,100.78284454345703,64.0212173461914,17.869218826293945,149.91000366210938
2011-06-02,100.67582702636719,62.8016242980957,17.75226402282715,149.5
2011-06-03,99.67464447021484,63.16222381591797,17.61859893798828,150.22000122070312
2011-06-06,98.61995697021484,62.683631896972656,17.668720245361328,150.47999572753906
2011-06-07,98.5588150024414,62.97218322753906,17.56847381591797,150.4199981689453
2011-06-08,98.14612579345703,63.463897705078125,17.652013778686523,149.80999755859375
2011-06-09,98.89508819580078,63.208168029785156,17.710493087768555,150.55999755859375
2011-06-10,97.5194320678711,63.693382263183594,17.87757110595703,149.24000549316406
2011-06-13,97.59584045410156,63.372127532958984,17.78567886352539,147.77000427246094
2011-06-14,98.83395385742188,62.414798736572266,17.760616302490234,148.6699981689453
2011-06-15,97.07615661621094,63.54914093017578,18.044654846191406,149.1199951171875
2011-06-16,97.29014587402344,63.83765411376953,18.036296844482422,148.97000122070312
2011-06-17,97.58047485351562,63.53605270385742,17.91934585571289,149.94000244140625
2011-06-20,98.07969665527344,63.614681243896484,17.91934585571289,150.02999877929688
2011-06-21,99.4238052368164,63.33277130126953,17.802385330200195,150.75999450683594
2011-06-22,98.8247299194336,63.372127532958984,17.869218826293945,150.99000549316406
2011-06-23,98.5405502319336,63.85727310180664,17.96111488342285,148.33999633789062
2011-06-24,97.39617156982422,63.58845138549805,18.06971549987793,146.25999450683594
2011-06-27,98.2640380859375,62.716400146484375,17.986175537109375,145.72999572753906
2011-06-28,99.54669952392578,62.21157455444336,17.91934585571289,146.24000549316406
2011-06-29,100.39920806884766,61.79844284057617,17.810741424560547,147.17999267578125
2011-06-30,101.35928344726562,61.70011520385742,17.72719955444336,146.0
2011-07-01,102.85693359375,61.601409912109375,17.710493087768555,144.92999267578125
2011-07-05,102.7724838256836,61.73955535888672,17.777324676513672,147.6300048828125
2011-07-06,102.89534759521484,62.05534362792969,17.885927200317383,148.91000366210938
2011-07-07,103.96296691894531,61.87120056152344,17.852508544921875,149.14999389648438
2011-07-08,103.22561645507812,62.746212005615234,17.8942813873291,150.25
2011-07-11,101.35928344726562,63.68700408935547,18.136545181274414,151.58999633789062
2011-07-12,100.92149353027344,63.90412902832031,18.12819480895996,152.77000427246094
2011-07-13,101.25941467285156,64.081787109375,17.93604850769043,154.13999938964844
2011-07-14,100.56050872802734,63.16726303100586,17.93604850769043,154.5399932861328
2011-07-15,101.14419555664062,63.27254104614258,17.90263557434082,155.1999969482422
2011-07-18,100.31474304199219,62.66067886352539,17.94440269470215,156.57000732421875
2011-07-19,101.94298553466797,63.96335220336914,17.90263557434082,154.66000366210938
2011-07-20,101.88153076171875,63.206748962402344,17.819093704223633,156.02000427246094
2011-07-21,103.29474639892578,62.71992492675781,17.652013778686523,154.8300018310547
2011-07-22,103.36389923095703,63.19361114501953,17.652013778686523,156.1199951171875
2011-07-25,102.78787231445312,62.502769470214844,17.635305404663086,157.33999633789062
2011-07-26,102.40381622314453,62.9304084777832,17.484933853149414,157.77000427246094
2011-07-27,100.30705261230469,62.936954498291016,17.61859893798828,157.19000244140625
2011-07-28,100.01520538330078,63.17388153076172,17.652013778686523,157.32000732421875
2011-07-29,99.33162689208984,64.42391967773438,17.56847381591797,158.2899932861328
2011-08-01,98.90918731689453,65.07413482666016,17.660367965698242,157.72000122070312
2011-08-02,96.38232421875,67.02799987792969,17.6854305267334,161.52000427246094
2011-08-03,96.90460205078125,67.16007995605469,17.601892471313477,161.49000549316406
2011-08-04,92.3654556274414,69.54972839355469,17.87757110595703,160.63999938964844
2011-08-05,92.22718811035156,67.54296112060547,17.72719955444336,161.75
2011-08-08,86.22107696533203,69.67511749267578,17.75226402282715,167.1199951171875
2011-08-09,90.23027038574219,69.88636779785156,17.601892471313477,168.61000061035156
2011-08-10,86.2441177368164,71.9657211303711,17.75226402282715,174.5800018310547
2011-08-11,90.11505889892578,68.3351058959961,17.72719955444336,170.75
2011-08-12,90.72179412841797,69.68830871582031,17.72719955444336,169.97000122070312
2011-08-15,92.64189910888672,68.98196411132812,17.543411254882812,171.8000030517578
2011-08-16,91.85086059570312,70.12400817871094,17.551767349243164,173.9199981689453
2011-08-17,91.91230010986328,71.351806640625,17.50999641418457,174.4199981689453
2011-08-18,87.94914245605469,72.81722259521484,17.61024284362793,177.72000122070312
2011-08-19,86.51289367675781,73.4047622680664,17.56847381591797,179.9499969482422
2011-08-22,86.58203887939453,73.21991729736328,17.601892471313477,184.58999633789062
2011-08-23,89.43151092529297,72.20999145507812,17.526704788208008,177.6699981689453
2011-08-24,90.69108581542969,70.1570053100586,17.560121536254883,171.64999389648438
2011-08-25,89.30859375,70.91614532470703,17.61024284362793,172.36000061035156
2011-08-26,90.60657501220703,71.6158447265625,17.50999641418457,177.47000122070312
2011-08-29,93.21031951904297,70.62567901611328,17.484933853149414,173.88999938964844
2011-08-30,93.45603942871094,71.76107788085938,17.551767349243164,179.10000610351562
2011-08-31,93.87079620361328,70.6520767211914,17.601892471313477,177.72000122070312
2011-09-01,92.88771057128906,72.14976501464844,17.677078247070312,177.8699951171875
2011-09-02,90.51445770263672,74.49366760253906,17.72719955444336,183.24000549316406
2011-09-06,89.85394287109375,75.2682876586914,18.002880096435547,182.89999389648438
2011-09-07,92.38848114013672,73.83152770996094,17.90263557434082,177.0800018310547
2011-09-08,91.42839813232422,74.49366760253906,18.086421966552734,181.80999755859375
2011-09-09,89.03211975097656,75.28815460205078,18.303627014160156,180.6999969482422
2011-09-12,89.60816192626953,75.36763000488281,18.311981201171875,176.6699981689453
2011-09-13,90.42993927001953,74.29492950439453,18.253503799438477,178.5399932861328
2011-09-14,91.6818618774414,74.92400360107422,18.203380584716797,177.2100067138672
2011-09-15,93.26405334472656,73.77859497070312,18.094776153564453,174.39999389648438
2011-09-16,93.81603240966797,74.31482696533203,18.161611557006836,176.02999877929688
2011-09-19,92.88188934326172,75.73180389404297,18.261856079101562,173.30999755859375
2011-09-20,92.7738265991211,76.04956817626953,18.261856079101562,175.77999877929688
2011-09-21,90.04084777832031,78.56560516357422,18.403879165649414,173.58999633789062
2011-09-22,87.13035583496094,81.51860046386719,18.59601593017578,169.0500030517578
2011-09-23,87.65531158447266,80.00238800048828,18.545894622802734,159.8000030517578
2011-09-26,89.73977661132812,78.71783447265625,18.529184341430664,157.5800018310547
2011-09-27,90.74339294433594,77.5128173828125,18.420581817626953,160.6300048828125
2011-09-28,88.89054107666016,77.48636627197266,18.487415313720703,156.22000122070312
2011-09-29,89.59307098388672,78.02269744873047,18.445642471313477,157.6999969482422
2011-09-30,87.35420227050781,79.98249053955078,18.637786865234375,158.05999755859375
2011-10-03,84.86833190917969,82.18362426757812,18.804868698120117,160.9600067138672
2011-10-04,86.72887420654297,81.14147186279297,18.72968101501465,157.63999938964844
2011-10-05,88.33467864990234,80.55734252929688,18.67120361328125,159.4600067138672
2011-10-06,89.93278503417969,79.07048034667969,18.55424690246582,160.49000549316406
2011-10-07,89.3305892944336,78.48629760742188,18.604372024536133,159.17999267578125
2011-10-10,92.31835174560547,77.37777709960938,18.311981201171875,163.27000427246094
2011-10-11,92.41096496582031,77.11891174316406,18.295270919799805,162.10000610351562
2011-10-12,93.22158813476562,75.99711608886719,18.17831802368164,163.25999450683594
2011-10-13,93.03632354736328,76.75381469726562,18.169963836669922,162.3000030517578
2011-10-14,94.62666320800781,75.63871002197266,18.086421966552734,163.39999389648438
2011-10-17,92.8201675415039,76.94635009765625,18.203380584716797,162.6199951171875
2011-10-18,94.6343765258789,76.4683837890625,18.17831802368164,161.83999633789062
2011-10-19,93.51493072509766,76.44189453125,18.195026397705078,159.8699951171875
2011-10-20,93.92416381835938,75.89756774902344,18.161611557006836,157.77000427246094
2011-10-21,95.70751953125,75.09437561035156,17.994529724121094,159.52000427246094
2011-10-24,96.88097381591797,75.220458984375,17.952756881713867,161.02000427246094
2011-10-25,94.99725341796875,77.13214874267578,17.969465255737305,165.58999633789062
2011-10-26,95.96224212646484,75.78469848632812,17.969465255737305,167.39999389648438
2011-10-27,99.30513000488281,73.21583557128906,17.668720245361328,169.5500030517578
2011-10-28,99.28194427490234,73.98583221435547,17.677078247070312,169.6199951171875
2011-10-31,96.8886947631836,76.91980743408203,18.019588470458984,167.33999633789062
2011-11-01,94.18659973144531,79.49461364746094,18.21173095703125,167.3800048828125
2011-11-02,95.72294616699219,78.50302124023438,18.169963836669922,169.05999755859375
2011-11-03,97.46772766113281,77.42493438720703,18.086421966552734,171.72000122070312
2011-11-04,96.87324523925781,77.51801300048828,18.136545181274414,170.85000610351562
2011-11-07,97.47542572021484,78.01052856445312,18.11983871459961,174.97999572753906
2011-11-08,98.72611999511719,77.01226043701172,18.036296844482422,173.52999877929688
2011-11-09,95.0821762084961,78.6094970703125,18.353750228881836,172.07000732421875
2011-11-10,95.97770690917969,77.4382095336914,18.303627014160156,171.13999938964844
2011-11-11,97.78423309326172,76.9656982421875,18.11983871459961,173.9600067138672
2011-11-14,96.8578109741211,78.20357513427734,18.245149612426758,173.1999969482422
2011-11-15,97.33645629882812,78.09703063964844,18.353750228881836,173.36000061035156
2011-11-16,95.79240417480469,78.80914306640625,18.4122314453125,171.50999450683594
2011-11-17,94.27152252197266,79.44133758544922,18.437292098999023,167.10000610351562
2011-11-18,94.17118072509766,79.42137908935547,18.38716697692871,167.6199951171875
2011-11-21,92.38008117675781,79.8939208984375,18.420581817626953,163.5
2011-11-22,92.01725769042969,80.78565216064453,18.4122314453125,165.30999755859375
2011-11-23,89.98684692382812,81.57764434814453,18.62108039855957,164.8300018310547
2011-11-25,89.81696319580078,80.39303588867188,18.72968101501465,163.39999389648438
2011-11-28,92.41868591308594,80.3531494140625,18.654495239257812,166.6300048828125
2011-11-29,92.68119812011719,79.69428253173828,18.587665557861328,166.8800048828125
2011-11-30,96.49494934082031,78.44979095458984,18.42893409729004,170.1300048828125
2011-12-01,96.47949981689453,78.05618286132812,18.420581817626953,169.6300048828125
2011-12-02,96.39461517333984,79.15029907226562,18.479063034057617,169.82000732421875
2011-12-05,97.44454956054688,78.99019622802734,18.479063034057617,167.32000732421875
2011-12-06,97.47542572021484,78.23625183105469,18.462352752685547,168.17999267578125
2011-12-07,97.8382797241211,78.5165023803711,18.437292098999023,169.39999389648438
2011-12-08,95.69205474853516,79.49716186523438,18.537540435791016,165.97999572753906
2011-12-09,97.31327056884766,77.86270904541016,18.479063034057617,166.39999389648438
2011-12-12,95.89277648925781,78.72997283935547,18.67120361328125,161.99000549316406
2011-12-13,94.99725341796875,79.46379852294922,18.854990005493164,158.4499969482422
2011-12-14,93.98587036132812,80.96493530273438,18.896764755249023,152.88999938964844
2011-12-15,94.32559204101562,80.66470336914062,18.84663963317871,152.3300018310547
2011-12-16,94.46541595458984,81.60535430908203,18.788156509399414,155.22999572753906
2011-12-19,93.45543670654297,82.63941955566406,18.854990005493164,154.8699951171875
2011-12-20,96.2834243774414,80.57798767089844,18.696266174316406,156.97999572753906
2011-12-21,96.46989440917969,79.45719909667969,18.696266174316406,157.16000366210938
2011-12-22,97.32449340820312,79.79074096679688,18.696266174316406,156.0399932861328
2011-12-23,98.19461059570312,78.90341186523438,18.704618453979492,156.30999755859375
2011-12-27,98.2723159790039,79.27823638916016,18.6628475189209,154.91000366210938
2011-12-28,96.98262786865234,80.74401092529297,18.838281631469727,151.02999877929688
2011-12-29,97.98489379882812,80.89124298095703,18.804868698120117,150.33999633789062
2011-12-30,97.50316619873047,81.15225982666016,18.771451950073242,151.99000549316406
2012-01-03,99.0569839477539,79.93416595458984,18.61272621154785,155.9199981689453
2012-01-04,99.2123794555664,78.98372650146484,18.712974548339844,156.7100067138672
2012-01-05,99.4765625,78.84320831298828,18.913469314575195,157.77999877929688
2012-01-06,99.22015380859375,79.46566009521484,18.980300903320312,157.1999969482422
2012-01-09,99.46102905273438,79.32508087158203,18.913469314575195,156.5
2012-01-10,100.32337188720703,79.19129180908203,18.896764755249023,158.63999938964844
2012-01-11,100.37777709960938,80.2219467163086,18.980300903320312,159.6699981689453
2012-01-12,100.61858367919922,80.10816192626953,18.854990005493164,160.3800048828125
2012-01-13,100.09808349609375,80.90464782714844,19.00536346435547,159.25999450683594
2012-01-17,100.4865493774414,81.27945709228516,18.93852996826172,160.5
2012-01-18,101.5975570678711,80.2955551147461,18.771451950073242,161.60000610351562
2012-01-19,102.13363647460938,79.19129180908203,18.67120361328125,161.22000122070312
2012-01-20,102.51428985595703,78.29432678222656,18.687911987304688,162.07000732421875
2012-01-23,102.2501220703125,77.79908752441406,18.57930564880371,163.16000366210938
2012-01-24,102.13363647460938,77.93962860107422,18.604372024536133,162.00999450683594
2012-01-25,102.98820495605469,77.75218963623047,18.520832061767578,166.4199981689453
2012-01-26,102.45992279052734,78.7829360961914,18.504121780395508,167.27000427246094
2012-01-27,102.41328430175781,79.03059387207031,18.370458602905273,168.97000122070312
2012-01-30,102.0636978149414,79.96089935302734,18.437292098999023,168.02999877929688
2012-01-31,102.02486419677734,80.88459014892578,18.479063034057617,169.30999755859375
2012-02-01,102.91830444335938,79.95803833007812,18.39552116394043,169.55999755859375
2012-02-02,103.08145141601562,79.92445373535156,18.403879165649414,171.0500030517578
2012-02-03,104.52653503417969,78.20700073242188,18.403879165649414,167.63999938964844
2012-02-06,104.45658111572266,78.98526000976562,18.4122314453125,167.17999267578125
2012-02-07,104.7207260131836,78.00567626953125,18.28691864013672,169.6999969482422
2012-02-08,105.03152465820312,78.0660629272461,18.303627014160156,168.5
2012-02-09,105.16358184814453,77.48238372802734,18.311981201171875,168.02000427246094
2012-02-10,104.38668823242188,78.48876953125,18.42893409729004,167.13999938964844
2012-02-13,105.16358184814453,78.58935546875,18.403879165649414,167.50999450683594
2012-02-14,105.03152465820312,79.00538635253906,18.49576759338379,167.1199951171875
2012-02-15,104.54203033447266,78.8644790649414,18.55424690246582,168.11000061035156
2012-02-16,105.69963073730469,78.23379516601562,18.487415313720703,168.0
2012-02-17,105.9793472290039,78.2137222290039,18.487415313720703,167.35000610351562
2012-02-21,106.02597045898438,77.34825897216797,18.4122314453125,171.02000427246094
2012-02-22,105.68413543701172,78.321044921875,18.437292098999023,172.94000244140625
2012-02-23,106.15030670166016,78.321044921875,18.295270919799805,173.02000427246094
2012-02-24,106.38333129882812,78.8309326171875,18.2200870513916,172.22999572753906
2012-02-27,106.5620346069336,79.52871704101562,18.278564453125,171.6999969482422
2012-02-28,106.8728256225586,79.26700592041016,18.195026397705078,173.49000549316406
2012-02-29,106.45329284667969,78.78392791748047,18.345396041870117,164.2899932861328
2012-03-01,107.00487518310547,78.04226684570312,18.345396041870117,166.61000061035156
2012-03-02,106.67858123779297,78.77523040771484,18.4707088470459,166.33999633789062
2012-03-05,106.2435302734375,78.14985656738281,18.45400047302246,165.64999389648438
2012-03-06,104.68965911865234,79.09796142578125,18.570953369140625,162.6999969482422
2012-03-07,105.41999053955078,78.6138916015625,18.545894622802734,163.6300048828125
2012-03-08,106.46881103515625,77.82711029052734,18.420581817626953,165.27999877929688
2012-03-09,106.88056182861328,77.98175811767578,18.59601593017578,166.3800048828125
2012-03-12,106.88835906982422,77.9683609008789,18.570953369140625,165.07000732421875
2012-03-13,108.81510162353516,76.5965347290039,18.629432678222656,162.3000030517578
2012-03-14,108.69857788085938,74.66665649414062,18.72968101501465,159.57000732421875
2012-03-15,109.32784271240234,74.78097534179688,18.654495239257812,161.0800018310547
2012-03-16,109.4792251586914,74.92890930175781,18.529184341430664,161.3000030517578
2012-03-19,109.90843200683594,74.03457641601562,18.42893409729004,161.58999633789062
2012-03-20,109.58849334716797,74.33049011230469,18.462352752685547,160.1300048828125
2012-03-21,109.4090576171875,75.17096710205078,18.4707088470459,160.2100067138672
2012-03-22,108.62088775634766,75.41304016113281,18.49576759338379,159.57000732421875
2012-03-23,108.97206115722656,76.12583923339844,18.39552116394043,161.52999877929688
2012-03-26,110.50146484375,75.7358169555664,18.278564453125,164.39999389648438
2012-03-27,110.15813446044922,76.28050231933594,18.345396041870117,163.24000549316406
2012-03-28,109.61190032958984,76.17291259765625,18.3370418548584,161.50999450683594
2012-03-29,109.42463684082031,76.74445343017578,18.328691482543945,161.27999877929688
2012-03-30,109.87723541259766,75.44670867919922,18.303627014160156,162.1199951171875
2012-04-02,110.68094635009766,75.86467742919922,18.261856079101562,162.94000244140625
2012-04-03,110.22834777832031,74.550048828125,18.39552116394043,159.88999938964844
2012-04-04,109.13589477539062,75.5748291015625,18.487415313720703,157.2100067138672
2012-04-05,109.08126831054688,76.1208724975586,18.545894622802734,158.30999755859375
2012-04-09,107.8561782836914,77.90067291259766,18.487415313720703,159.3699951171875
2012-04-10,106.04580688476562,78.78382873535156,18.512475967407227,161.10000610351562
2012-04-11,106.90418243408203,77.83998107910156,18.487415313720703,161.07000732421875
2012-04-12,108.30096435546875,77.51641845703125,18.362102508544922,162.6999969482422
2012-04-13,107.01343536376953,78.77037048339844,18.512475967407227,160.85000610351562
2012-04-16,106.94319152832031,78.65574645996094,18.437292098999023,160.4600067138672
2012-04-17,108.52730560302734,78.60855102539062,18.42893409729004,160.25
2012-04-18,108.1604995727539,78.83780670166016,18.42893409729004,159.30999755859375
2012-04-19,107.46600341796875,78.91193389892578,18.420581817626953,159.42999267578125
2012-04-20,107.64546966552734,78.92539978027344,18.320335388183594,159.5399932861328
2012-04-23,106.74028015136719,79.49846649169922,18.378812789916992,159.07000732421875
2012-04-24,107.14610290527344,78.93889617919922,18.328691482543945,159.3000030517578
2012-04-25,108.61306762695312,78.53441619873047,18.28691864013672,159.6199951171875
2012-04-26,109.36997985839844,79.00633239746094,18.261856079101562,161.02999877929688
2012-04-27,109.5494384765625,79.07376861572266,18.22844123840332,161.3800048828125
2012-04-30,109.14370727539062,79.09395599365234,18.2200870513916,161.8800048828125
2012-05-01,109.82260131835938,78.6837158203125,18.23679542541504,161.32000732421875
2012-05-02,109.4948501586914,79.23792266845703,18.295270919799805,160.58999633789062
2012-05-03,108.65990447998047,79.21759796142578,18.311981201171875,158.97000122070312
2012-05-04,106.90418243408203,79.83934783935547,18.38716697692871,159.47000122070312
2012-05-07,106.98226165771484,79.85287475585938,18.4122314453125,159.0800018310547
2012-05-08,106.5530014038086,80.27869415283203,18.45400047302246,156.0
2012-05-09,105.92100524902344,80.33272552490234,18.529184341430664,154.47000122070312
2012-05-10,106.13943481445312,80.09613800048828,18.545894622802734,154.77000427246094
2012-05-11,105.81951904296875,80.75846862792969,18.57930564880371,153.55999755859375
2012-05-14,104.6490707397461,81.88707733154297,18.6628475189209,151.3300018310547
2012-05-15,104.04818725585938,82.21822357177734,18.813220977783203,149.74000549316406
2012-05-16,103.65023040771484,82.45475769042969,18.854990005493164,149.4600067138672
2012-05-17,102.1130142211914,83.91448974609375,18.838281631469727,152.8000030517578
2012-05-18,101.2390365600586,83.93473052978516,18.76309585571289,154.5500030517578
2012-05-21,102.97915649414062,83.759033203125,18.704618453979492,154.64999389648438
2012-05-22,103.15863800048828,82.826416015625,18.896764755249023,152.0800018310547
2012-05-23,103.2132797241211,83.40087127685547,18.963594436645508,151.6199951171875
2012-05-24,103.41614532470703,83.083251953125,19.038782119750977,151.41000366210938
2012-05-25,103.08062744140625,83.39413452148438,19.063840866088867,152.67999267578125
2012-05-29,104.3291244506836,83.13729095458984,19.04713249206543,151.02000427246094
2012-05-30,102.81527709960938,85.24580383300781,19.197505950927734,151.91000366210938
2012-05-31,102.5890121459961,86.23249816894531,19.205860137939453,151.6199951171875
2012-06-01,100.00613403320312,88.27964782714844,19.14737892150879,157.5
2012-06-04,99.95929718017578,87.58213806152344,19.063840866088867,157.32000732421875
2012-06-05,100.71623229980469,86.41060638427734,19.130674362182617,157.13999938964844
2012-06-06,102.97915649414062,84.68370056152344,18.971948623657227,157.2100067138672
2012-06-07,103.04159545898438,84.81238555908203,18.997007369995117,154.5
2012-06-08,103.8609390258789,84.79208374023438,19.05548858642578,154.72999572753906
2012-06-11,102.54219818115234,85.17809295654297,19.080549240112305,155.36000061035156
2012-06-12,103.72047424316406,84.39927673339844,19.013715744018555,156.4600067138672
2012-06-13,103.05718994140625,85.23228454589844,18.95524024963379,157.1199951171875
2012-06-14,104.1496353149414,85.12391662597656,18.880054473876953,157.75
2012-06-15,105.21480560302734,85.59794616699219,18.7965145111084,157.83999633789062
2012-06-18,105.41874694824219,86.05845642089844,18.880054473876953,157.92999267578125
2012-06-19,106.43840026855469,84.93425750732422,18.738033294677734,157.16000366210938
2012-06-20,106.26585388183594,85.3541488647461,18.76309585571289,155.97000122070312
2012-06-21,103.88135528564453,85.807861328125,18.963594436645508,152.02000427246094
2012-06-22,104.68144226074219,84.6634292602539,18.921823501586914,152.63999938964844
2012-06-25,103.00294494628906,85.8958969116211,18.980300903320312,153.75999450683594
2012-06-26,103.52059173583984,85.55726623535156,18.94688606262207,152.6199951171875
2012-06-27,104.4539794921875,85.69276428222656,19.00536346435547,152.8300018310547
2012-06-28,104.1559066772461,85.90271759033203,19.030426025390625,151.0500030517578
2012-06-29,106.75218200683594,84.7852783203125,18.771451950073242,155.19000244140625
2012-07-02,107.0737533569336,85.6600570678711,18.813220977783203,155.08999633789062
2012-07-03,107.77967071533203,85.00180053710938,18.7965145111084,157.4600067138672
2012-07-05,107.29337310791016,85.43611907958984,19.04713249206543,155.67999267578125
2012-07-06,106.27371215820312,86.23011016845703,19.172443389892578,153.7100067138672
2012-07-09,106.1403579711914,86.99026489257812,19.113964080810547,154.0399932861328
2012-07-10,105.21480560302734,87.1667251586914,19.180795669555664,152.14999389648438
2012-07-11,105.23049926757812,87.27526092529297,19.197505950927734,152.99000549316406
2012-07-12,104.72065734863281,87.89289093017578,19.239274978637695,152.58999633789062
2012-07-13,106.4776382446289,87.6621322631836,19.155736923217773,154.13999938964844
2012-07-16,106.2266616821289,88.06932830810547,19.097257614135742,154.2100067138672
2012-07-17,106.95612335205078,87.3770980834961,19.080549240112305,153.47000122070312
2012-07-18,107.74832153320312,87.42459869384766,19.063840866088867,153.0500030517578
2012-07-19,108.03071594238281,87.20068359375,19.05548858642578,153.3800048828125
2012-07-20,107.04238891601562,88.26612091064453,19.197505950927734,153.6699981689453
2012-07-23,105.9599609375,88.76148223876953,19.22256851196289,153.02999877929688
2012-07-24,105.05007934570312,89.46054077148438,19.297754287719727,153.52000427246094
2012-07-25,105.07362365722656,89.6912841796875,19.197505950927734,155.6699981689453
2012-07-26,106.80707550048828,88.87017059326172,19.00536346435547,156.77000427246094
2012-07-27,108.77584838867188,87.19385528564453,18.997007369995117,157.5399932861328
2012-07-30,108.77584838867188,87.8453598022461,19.022069931030273,157.42999267578125
2012-07-31,108.01499938964844,88.02184295654297,18.971948623657227,156.49000549316406
2012-08-01,107.92086791992188,87.5818099975586,19.10561180114746,155.13999938964844
2012-08-02,107.17572784423828,88.07830047607422,19.139028549194336,154.1300048828125
2012-08-03,109.30138397216797,86.65690612792969,18.905113220214844,155.5500030517578
2012-08-06,109.51310729980469,86.69093322753906,18.880054473876953,156.3000030517578
2012-08-07,110.06217193603516,85.5755386352539,18.880054473876953,156.27999877929688
2012-08-08,110.195556640625,85.11988067626953,18.913469314575195,156.47999572753906
2012-08-09,110.28966522216797,85.05868530273438,18.980300903320312,156.99000549316406
2012-08-10,110.47005462646484,85.48712158203125,18.94688606262207,157.17999267578125
2012-08-13,110.41516876220703,85.34434509277344,18.921823501586914,155.99000549316406
2012-08-14,110.43083190917969,84.18818664550781,18.930177688598633,155.1300048828125
2012-08-15,110.55633544921875,83.00483703613281,18.980300903320312,155.6300048828125
2012-08-16,111.3720703125,82.2975082397461,18.913469314575195,156.55999755859375
2012-08-17,111.52107238769531,82.69877624511719,18.94688606262207,156.72000122070312
2012-08-20,111.5289535522461,82.86874389648438,18.921823501586914,157.25999450683594
2012-08-21,111.19166564941406,83.23603820800781,18.7965145111084,158.8300018310547
2012-08-22,111.23875427246094,84.60983276367188,18.704618453979492,160.5399932861328
2012-08-23,110.32886505126953,84.96345520019531,18.67120361328125,161.88999938964844
2012-08-24,110.9955825805664,84.88191223144531,18.72968101501465,161.97000122070312
2012-08-27,111.01911926269531,85.37833404541016,18.746389389038086,161.36000061035156
2012-08-28,110.90925598144531,85.58235168457031,18.67120361328125,161.63999938964844
2012-08-29,110.9955825805664,85.20828247070312,18.704618453979492,160.58999633789062
2012-08-30,110.195556640625,85.65036010742188,18.746389389038086,160.52000427246094
2012-08-31,110.72103881835938,86.86093139648438,18.629432678222656,164.22000122070312
2012-09-04,110.61907958984375,86.7736587524414,18.654495239257812,164.47999572753906
2012-09-05,110.52496337890625,86.36475372314453,18.637786865234375,164.30999755859375
2012-09-06,112.76827239990234,84.92670440673828,18.587665557861328,164.88999938964844
2012-09-07,113.20748901367188,84.5313949584961,18.38716697692871,168.44000244140625
2012-09-10,112.56432342529297,84.73588562011719,18.445642471313477,167.2899932861328
2012-09-11,112.87808990478516,84.20426940917969,18.303627014160156,167.89999389648438
2012-09-12,113.25456237792969,83.1546859741211,18.28691864013672,167.9199981689453
2012-09-13,114.98014831542969,82.82756805419922,18.169963836669922,171.30999755859375
2012-09-14,115.48999786376953,80.62619018554688,18.078067779541016,171.8000030517578
2012-09-17,115.09782409667969,81.59394073486328,18.103130340576172,170.39999389648438
2012-09-18,115.00367736816406,82.0029067993164,18.161611557006836,171.72000122070312
2012-09-19,115.06645202636719,82.5412826538086,18.103130340576172,171.74000549316406
2012-09-20,115.07430267333984,82.74580383300781,18.186668395996094,171.47000122070312
2012-09-21,115.02620697021484,82.84117126464844,18.169963836669922,171.9600067138672
2012-09-24,114.85269165039062,83.48865509033203,18.21173095703125,171.0500030517578
2012-09-25,113.63045501708984,84.31333923339844,18.245149612426758,170.77000427246094
2012-09-26,112.99174499511719,85.21976470947266,18.278564453125,169.80999755859375
2012-09-27,114.05625915527344,84.6131820678711,18.22844123840332,172.33999633789062
2012-09-28,113.52791595458984,84.66084289550781,18.311981201171875,171.88999938964844
2012-10-01,113.8276138305664,84.97501373291016,18.27021026611328,172.2899932861328
2012-10-02,113.9458999633789,84.8589859008789,18.253503799438477,172.10000610351562
2012-10-03,114.4111557006836,84.8863296508789,18.303627014160156,172.41000366210938
2012-10-04,115.231201171875,83.82768249511719,18.17831802368164,173.61000061035156
2012-10-05,115.23910522460938,82.74179077148438,18.17831802368164,172.6199951171875
2012-10-08,114.84483337402344,83.43836975097656,18.2200870513916,172.0500030517578
2012-10-09,113.70931243896484,83.2881088256836,18.3370418548584,170.99000549316406
2012-10-10,112.98381042480469,83.87548828125,18.295270919799805,170.83999633789062
2012-10-11,113.04693603515625,84.45602416992188,18.261856079101562,171.32000732421875
2012-10-12,112.67632293701172,84.66771697998047,18.23679542541504,170.05999755859375
2012-10-15,113.61469268798828,84.47649383544922,18.245149612426758,168.35000610351562
2012-10-16,114.76594543457031,83.3085708618164,18.169963836669922,169.4199981689453
2012-10-17,115.28639221191406,82.53685760498047,18.078067779541016,169.5399932861328
2012-10-18,114.98682403564453,82.03145599365234,18.15325355529785,168.7899932861328
2012-10-19,113.07056427001953,83.14472198486328,18.2200870513916,166.97000122070312
2012-10-22,113.08634948730469,82.61200714111328,18.2200870513916,167.5800018310547
2012-10-23,111.51714324951172,83.79350280761719,18.303627014160156,165.42999267578125
2012-10-24,111.20169067382812,82.96717071533203,18.303627014160156,164.86000061035156
2012-10-25,111.52509307861328,82.5436782836914,18.320335388183594,166.02000427246094
2012-10-26,111.46194458007812,83.75938415527344,18.320335388183594,165.92999267578125
2012-10-31,111.46194458007812,84.25112915039062,18.28691864013672,166.8300018310547
2012-11-01,112.62902069091797,83.56131744384766,18.311981201171875,166.07000732421875
2012-11-02,111.6275634765625,83.49984741210938,18.437292098999023,162.60000610351562
2012-11-05,111.85619354248047,83.97109985351562,18.479063034057617,163.22999572753906
2012-11-06,112.73152923583984,83.17887115478516,18.45400047302246,166.3000030517578
2012-11-07,110.17660522460938,84.68822479248047,18.487415313720703,166.49000549316406
2012-11-08,108.85182189941406,85.94489288330078,18.487415313720703,167.99000549316406
2012-11-09,108.94647216796875,86.0405044555664,18.529184341430664,167.82000732421875
2012-11-12,109.0332260131836,86.1839370727539,18.537540435791016,167.4499969482422
2012-11-13,108.65467834472656,86.4707260131836,18.55424690246582,167.10000610351562
2012-11-14,107.1879653930664,86.55272674560547,18.545894622802734,167.13999938964844
2012-11-15,107.00657653808594,86.38204956054688,18.545894622802734,166.08999633789062
2012-11-16,107.53494262695312,86.3069076538086,18.57930564880371,165.8800048828125
2012-11-19,109.71134185791016,85.82195281982422,18.49576759338379,167.8699951171875
2012-11-20,109.75863647460938,84.9614486694336,18.487415313720703,167.38999938964844
2012-11-21,109.96370697021484,84.91360473632812,18.49576759338379,167.55999755859375
2012-11-23,111.46194458007812,84.83163452148438,18.320335388183594,169.61000061035156
2012-11-26,111.22538757324219,85.23463439941406,18.328691482543945,169.42999267578125
2012-11-27,110.65760803222656,85.56925201416016,18.38716697692871,168.7100067138672
2012-11-28,111.54865264892578,85.4463119506836,18.353750228881836,166.5500030517578
2012-11-29,112.06910705566406,85.4599380493164,18.328691482543945,167.17999267578125
2012-11-30,112.09274291992188,85.22777557373047,18.311981201171875,166.0500030517578
2012-12-03,111.5407943725586,85.30645751953125,18.253503799438477,166.1300048828125
2012-12-04,111.3830795288086,85.79916381835938,18.195026397705078,164.4199981689453
2012-12-05,111.58023071289062,85.75810241699219,18.23679542541504,164.1199951171875
2012-12-06,111.95873260498047,85.9428482055664,18.3370418548584,164.5
2012-12-07,112.29778289794922,85.1490478515625,18.370458602905273,165.16000366210938
2012-12-10,112.3450927734375,85.52544403076172,18.345396041870117,165.8000030517578
2012-12-11,113.11003112792969,84.87537384033203,18.278564453125,165.64999389648438
2012-12-12,113.16522216796875,83.88993072509766,18.245149612426758,165.77000427246094
2012-12-13,112.47124481201172,83.9515151977539,18.261856079101562,164.3699951171875
2012-12-14,112.0533676147461,84.5810546875,18.169963836669922,164.1300048828125
2012-12-17,113.37025451660156,83.3150863647461,18.169963836669922,164.44000244140625
2012-12-18,114.63190460205078,82.46656799316406,18.11148452758789,162.0800018310547
2012-12-19,113.7802734375,82.74028778076172,18.103130340576172,161.69000244140625
2012-12-20,114.43476867675781,82.75402069091797,18.086421966552734,159.72999572753906
2012-12-21,113.39602661132812,83.6572265625,18.17831802368164,160.3300018310547
2012-12-24,113.0466079711914,83.50669860839844,18.17831802368164,160.6199951171875
2012-12-26,112.57012176513672,83.80714416503906,18.17831802368164,160.77999877929688
2012-12-27,112.4192886352539,84.08828735351562,18.17831802368164,161.16000366210938
2012-12-28,111.2042007446289,84.56837463378906,18.195026397705078,160.5399932861328
2012-12-31,113.09425354003906,83.1075668334961,18.2200870513916,162.02000427246094
2013-01-02,115.99283599853516,81.99655151367188,18.22844123840332,163.1699981689453
2013-01-03,115.7308120727539,80.88556671142578,18.370458602905273,161.1999969482422
2013-01-04,116.23905944824219,81.20097351074219,18.370458602905273,160.44000244140625
2013-01-07,115.92141723632812,81.23529815673828,18.311981201171875,159.42999267578125
2013-01-08,115.58788299560547,81.77025604248047,18.3370418548584,160.55999755859375
2013-01-09,115.8817367553711,81.69473266601562,18.39552116394043,160.49000549316406
2013-01-10,116.80292510986328,81.46844482421875,18.21173095703125,161.97999572753906
2013-01-11,116.7950210571289,82.19544982910156,18.161611557006836,161.05999755859375
2013-01-14,116.715576171875,81.96910095214844,18.136545181274414,161.5399932861328
2013-01-15,116.7950210571289,82.34627532958984,18.186668395996094,162.55999755859375
2013-01-16,116.77914428710938,82.51774597167969,18.203380584716797,162.64999389648438
2013-01-17,117.53353118896484,81.69473266601562,18.169963836669922,163.35000610351562
2013-01-18,117.79561614990234,82.32567596435547,18.253503799438477,163.08999633789062
2013-01-22,118.4309310913086,82.48344421386719,18.23679542541504,163.6699981689453
2013-01-23,118.62147521972656,82.3599853515625,18.23679542541504,163.2100067138672
2013-01-24,118.65325927734375,82.07200622558594,18.23679542541504,161.4199981689453
2013-01-25,119.32036590576172,80.94725036621094,18.195026397705078,160.64999389648438
2013-01-28,119.17742156982422,80.6523208618164,18.203380584716797,160.2899932861328
2013-01-29,119.64598083496094,80.20655822753906,18.15325355529785,160.99000549316406
2013-01-30,119.17742156982422,80.06939697265625,18.078067779541016,162.19000244140625
2013-01-31,118.88360595703125,80.46028137207031,18.06136131286621,161.1999969482422
2013-02-01,120.10657501220703,79.41554260253906,18.044654846191406,161.4499969482422
2013-02-04,118.75653839111328,80.43278503417969,18.136545181274414,162.0
2013-02-05,119.95570373535156,79.71797943115234,18.12819480895996,161.9600067138672
2013-02-06,120.04303741455078,80.3709716796875,18.186668395996094,162.38999938964844
2013-02-07,119.88418579101562,80.19225311279297,18.28691864013672,161.83999633789062
2013-02-08,120.5512924194336,80.50154876708984,18.295270919799805,161.57000732421875
2013-02-11,120.5274658203125,80.43965148925781,18.311981201171875,159.6999969482422
2013-02-12,120.72599792480469,80.24034881591797,18.27021026611328,159.88999938964844
2013-02-13,120.82923889160156,79.58740234375,18.278564453125,159.0500030517578
2013-02-14,120.94043731689453,80.30908966064453,18.328691482543945,158.35000610351562
2013-02-15,120.79747772216797,80.07537841796875,18.345396041870117,155.75999450683594
2013-02-19,121.70278930664062,79.6767578125,18.353750228881836,155.3300018310547
2013-02-20,120.18595886230469,79.91730499267578,18.487415313720703,151.44000244140625
2013-02-21,119.45535278320312,80.38468170166016,18.562602996826172,152.6199951171875
2013-02-22,120.62271881103516,80.43965148925781,18.570953369140625,152.97000122070312
2013-02-25,118.32763671875,82.02055358886719,18.646141052246094,154.33999633789062
2013-02-26,119.13770294189453,81.54631042480469,18.6628475189209,156.22000122070312
2013-02-27,120.63863372802734,81.30571746826172,18.587665557861328,154.57000732421875
2013-02-28,120.40039825439453,81.45697021484375,18.687911987304688,153.0
2013-03-01,120.79747772216797,81.90054321289062,18.746389389038086,152.44000244140625
2013-03-04,121.44071197509766,81.46659851074219,18.738033294677734,152.3000030517578
2013-03-05,122.52867126464844,81.23241424560547,18.712974548339844,152.3800048828125
2013-03-06,122.69551849365234,80.4953842163086,18.788156509399414,153.22999572753906
2013-03-07,122.91783905029297,79.87545776367188,18.704618453979492,152.69000244140625
2013-03-08,123.44197082519531,79.0419692993164,18.84663963317871,152.7100067138672
2013-03-11,123.91055297851562,79.11772155761719,18.804868698120117,152.99000549316406
2013-03-12,123.63260650634766,79.68949127197266,18.7965145111084,154.19000244140625
2013-03-13,123.80728149414062,79.60678100585938,18.8716983795166,153.66000366210938
2013-03-14,124.4664077758789,79.3656997680664,18.7965145111084,153.67999267578125
2013-03-15,124.30207061767578,79.73768615722656,18.712974548339844,154.0
2013-03-18,123.61608123779297,80.34381866455078,18.82992935180664,155.3800048828125
2013-03-19,123.32890319824219,80.88805389404297,18.888408660888672,156.0800018310547
2013-03-20,124.1904296875,79.98567199707031,18.84663963317871,155.3699951171875
2013-03-21,123.12953186035156,80.7571029663086,18.84663963317871,156.25
2013-03-22,124.11870574951172,80.8190689086914,18.72968101501465,155.5500030517578
2013-03-25,123.60016632080078,80.74337005615234,18.863346099853516,155.24000549316406
2013-03-26,124.58929443359375,80.83978271484375,18.854990005493164,154.72000122070312
2013-03-27,124.58929443359375,81.5285873413086,18.930177688598633,155.36000061035156
2013-03-28,124.97215270996094,81.11529541015625,18.880054473876953,154.4499969482422
2013-04-01,124.47758483886719,81.72627258300781,18.813220977783203,154.6699981689453
2013-04-02,125.0917739868164,81.3948745727539,18.854990005493164,152.42999267578125
2013-04-03,123.82347869873047,82.12663269042969,18.813220977783203,150.72999572753906
2013-04-04,124.32606506347656,83.10687255859375,18.788156509399414,150.2899932861328
2013-04-05,123.76762390136719,84.7843246459961,18.754743576049805,152.80999755859375
2013-04-08,124.6052474975586,84.13539123535156,18.804868698120117,152.16000366210938
2013-04-09,125.03594207763672,83.92833709716797,18.721324920654297,153.33999633789062
2013-04-10,126.5674819946289,82.77550506591797,18.738033294677734,150.75
2013-04-11,126.98233795166016,82.93428039550781,18.687911987304688,151.0500030517578
2013-04-12,126.67118072509766,84.16996765136719,18.6628475189209,143.9499969482422
2013-04-15,123.73576354980469,84.90168762207031,18.721324920654297,131.30999755859375
2013-04-16,125.56238555908203,84.2044448852539,18.570953369140625,132.8000030517578
2013-04-17,123.72774505615234,84.76360321044922,18.771451950073242,132.8699951171875
2013-04-18,122.95404052734375,84.97067260742188,18.76309585571289,134.3000030517578
2013-04-19,124.02291870117188,84.79126739501953,18.7965145111084,135.47000122070312
2013-04-22,124.57331085205078,84.85334777832031,18.788156509399414,137.89999389648438
2013-04-23,125.85755920410156,84.55651092529297,18.854990005493164,136.8800048828125
2013-04-24,125.93733215332031,84.77052307128906,18.84663963317871,138.3699951171875
2013-04-25,126.44786834716797,84.40464782714844,18.804868698120117,141.6300048828125
2013-04-26,126.22449493408203,85.17778778076172,18.721324920654297,140.91000366210938
2013-04-29,127.07006072998047,84.86714172363281,18.637786865234375,142.3000030517578
2013-04-30,127.37321472167969,84.91548156738281,18.545894622802734,142.77000427246094
2013-05-01,126.25640106201172,85.7878646850586,18.529184341430664,141.11000061035156
2013-05-02,127.42902374267578,85.67709350585938,18.654495239257812,141.9199981689453
2013-05-03,128.72125244140625,83.65708923339844,18.646141052246094,142.08999633789062
2013-05-06,129.04833984375,83.44956970214844,18.687911987304688,142.14999389648438
2013-05-07,129.7024688720703,83.1244888305664,18.687911987304688,140.3800048828125
2013-05-08,130.2926788330078,83.25590515136719,18.604372024536133,142.4600067138672
2013-05-09,129.92576599121094,83.04142761230469,18.779804229736328,140.80999755859375
2013-05-10,130.3485107421875,82.14904022216797,18.880054473876953,139.60000610351562
2013-05-13,130.45217895507812,81.51953125,18.913469314575195,138.42999267578125
2013-05-14,131.80029296875,80.63407135009766,18.98865509033203,137.80999755859375
2013-05-15,132.5102081298828,81.17359161376953,19.038782119750977,134.6300048828125
2013-05-16,131.88804626464844,82.01754760742188,19.030426025390625,134.08999633789062
2013-05-17,133.16429138183594,80.97993469238281,19.14737892150879,131.07000732421875
2013-05-20,133.15635681152344,80.88307189941406,19.030426025390625,135.1199951171875
2013-05-21,133.34776306152344,81.51953125,19.038782119750977,132.8800048828125
2013-05-22,132.35867309570312,80.30892181396484,19.12232208251953,131.94000244140625
2013-05-23,131.9757537841797,80.68938446044922,18.997007369995117,134.61000061035156
2013-05-24,131.86407470703125,80.8000717163086,18.971948623657227,133.75999450683594
2013-05-28,132.65377807617188,78.75238037109375,19.10561180114746,133.49000549316406
2013-05-29,131.7923126220703,79.63790130615234,18.963594436645508,134.8300018310547
2013-05-30,132.27891540527344,79.4441909790039,18.838281631469727,136.6999969482422
2013-05-31,130.38038635253906,79.17436981201172,18.888408660888672,133.9199981689453
2013-06-03,131.09832763671875,79.59391784667969,18.754743576049805,136.50999450683594
2013-06-04,130.46810913085938,78.85882568359375,18.76309585571289,135.22999572753906
2013-06-05,128.6414794921875,79.94757843017578,18.72968101501465,135.52000427246094
2013-06-06,129.80606079101562,79.89900970458984,18.487415313720703,136.52999877929688
2013-06-07,131.45729064941406,78.4705810546875,18.512475967407227,133.27999877929688
2013-06-10,131.45729064941406,78.09608459472656,18.520832061767578,133.94000244140625
2013-06-11,130.10122680664062,79.02528381347656,18.362102508544922,133.25
2013-06-12,129.0243682861328,77.89500427246094,18.353750228881836,134.25
2013-06-13,130.98667907714844,79.1154556274414,18.295270919799805,133.74000549316406
2013-06-14,130.1650390625,78.92816162109375,18.278564453125,134.42999267578125
2013-06-17,131.1701202392578,78.51210021972656,18.245149612426758,133.77000427246094
2013-06-18,132.20709228515625,78.55371856689453,18.261856079101562,132.1300048828125
2013-06-19,130.38038635253906,77.74239349365234,18.42893409729004,130.58999633789062
2013-06-20,127.14977264404297,76.46646881103516,18.537540435791016,123.5999984741211
2013-06-21,127.55799865722656,75.1697006225586,18.6628475189209,125.05000305175781
2013-06-24,125.94608306884766,75.48178100585938,18.67955780029297,123.93000030517578
2013-06-25,127.15705108642578,74.80914306640625,18.712974548339844,123.47000122070312
2013-06-26,128.416015625,75.29457092285156,18.813220977783203,118.27999877929688
2013-06-27,129.1697998046875,76.06425476074219,18.804868698120117,115.94000244140625
2013-06-28,128.64051818847656,76.58439636230469,18.84663963317871,119.11000061035156
2013-07-01,129.39430236816406,76.73865509033203,18.804868698120117,121.12999725341797
2013-07-02,129.27407836914062,76.6899642944336,18.930177688598633,120.05000305175781
2013-07-03,129.33013916015625,76.46066284179688,18.854990005493164,120.73999786376953
2013-07-05,130.72547912597656,73.85427856445312,19.130674362182617,118.08999633789062
2013-07-08,131.47125244140625,74.57018280029297,19.080549240112305,119.51000213623047
2013-07-09,132.41749572753906,74.6466064453125,19.155736923217773,120.62000274658203
2013-07-10,132.46556091308594,74.06280517578125,19.030426025390625,120.94999694824219
2013-07-11,134.26986694335938,74.93160247802734,18.72968101501465,124.23999786376953
2013-07-12,134.3259735107422,74.8690185546875,18.771451950073242,124.12999725341797
2013-07-15,134.83921813964844,75.26519775390625,18.788156509399414,124.18000030517578
2013-07-16,134.33401489257812,75.52236938476562,18.654495239257812,124.88999938964844
2013-07-17,134.6787567138672,75.66140747070312,18.696266174316406,123.31999969482422
2013-07-18,135.4165496826172,74.71610260009766,18.72968101501465,124.01000213623047
2013-07-19,135.6571502685547,75.89765930175781,18.67955780029297,125.11000061035156
2013-07-22,135.9217529296875,76.00884246826172,18.59601593017578,128.83999633789062
2013-07-23,135.63304138183594,75.68915557861328,18.537540435791016,129.7100067138672
2013-07-24,135.1359100341797,74.73003387451172,18.604372024536133,127.4800033569336
2013-07-25,135.46469116210938,74.70222473144531,18.479063034057617,128.6699981689453
2013-07-26,135.60903930664062,75.1609115600586,18.462352752685547,128.77999877929688
2013-07-29,135.19200134277344,74.61184692382812,18.462352752685547,128.47000122070312
2013-07-30,135.19200134277344,74.58405303955078,18.504121780395508,128.1199951171875
2013-07-31,135.2882843017578,74.85511779785156,18.45400047302246,127.95999908447266
2013-08-01,136.85198974609375,73.41275787353516,18.61272621154785,126.61000061035156
2013-08-02,137.08457946777344,74.22103881835938,18.512475967407227,126.36000061035156
2013-08-05,136.8840789794922,73.64969635009766,18.487415313720703,125.69999694824219
2013-08-06,136.10623168945312,73.86564636230469,18.437292098999023,123.97000122070312
2013-08-07,135.66514587402344,74.41618347167969,18.362102508544922,124.1500015258789
2013-08-08,136.162353515625,74.61824035644531,18.303627014160156,126.86000061035156
2013-08-09,135.76947021484375,74.7366943359375,18.320335388183594,126.86000061035156
2013-08-12,135.60903930664062,74.22799682617188,18.370458602905273,129.1300048828125
2013-08-13,136.00994873046875,73.15497589111328,18.462352752685547,127.73999786376953
2013-08-14,135.31234741210938,73.26641845703125,18.45400047302246,129.0
2013-08-15,133.4198455810547,72.27703857421875,18.328691482543945,131.69000244140625
2013-08-16,132.97885131835938,72.0262222290039,18.362102508544922,132.5800018310547
2013-08-19,132.12881469726562,71.3990707397461,18.353750228881836,132.00999450683594
2013-08-20,132.77838134765625,71.94955444335938,18.27021026611328,132.4499969482422
2013-08-21,131.96038818359375,71.16213989257812,18.362102508544922,132.07000732421875
2013-08-22,133.16323852539062,71.88684844970703,18.403879165649414,132.80999755859375
2013-08-23,133.61231994628906,72.6672134399414,18.370458602905273,134.89999389648438
2013-08-26,133.11509704589844,73.02955627441406,18.370458602905273,135.4499969482422
2013-08-27,130.97406005859375,73.94933319091797,18.311981201171875,136.75
2013-08-28,131.43917846679688,73.35005187988281,18.38716697692871,136.7100067138672
2013-08-29,131.64764404296875,73.93535614013672,18.512475967407227,135.8699951171875
2013-08-30,131.23062133789062,73.85173034667969,18.537540435791016,134.6199951171875
2013-09-03,131.82411193847656,72.81011962890625,18.59601593017578,136.4199981689453
2013-09-04,132.9146728515625,72.64937591552734,18.529184341430664,134.66000366210938
2013-09-05,133.0830535888672,71.6364517211914,18.654495239257812,132.1999969482422
2013-09-06,133.14720153808594,71.99274444580078,18.545894622802734,134.14999389648438
2013-09-09,134.42227172851562,72.02767944335938,18.45400047302246,133.91000366210938
2013-09-10,135.4165496826172,71.52466583251953,18.45400047302246,131.74000549316406
2013-09-11,135.84156799316406,72.16038513183594,18.38716697692871,131.6999969482422
2013-09-12,135.480712890625,72.06259155273438,18.38716697692871,127.66999816894531
2013-09-13,135.7854461669922,72.34205627441406,18.370458602905273,127.81999969482422
2013-09-16,136.57131958007812,71.85997009277344,18.328691482543945,126.44999694824219
2013-09-17,137.18077087402344,72.45378112792969,18.295270919799805,126.5
2013-09-18,138.76853942871094,73.34803009033203,18.086421966552734,132.00999450683594
2013-09-19,138.53602600097656,72.91490173339844,18.11148452758789,131.75
2013-09-20,137.56741333007812,73.29912567138672,18.11983871459961,127.95999908447266
2013-09-23,136.93081665039062,73.83712005615234,18.12819480895996,127.55000305175781
2013-09-24,136.6084747314453,74.63356018066406,18.161611557006836,127.66000366210938
2013-09-25,136.2136688232422,74.78717803955078,18.103130340576172,128.7899932861328
2013-09-26,136.73741149902344,74.26325225830078,18.144901275634766,127.79000091552734
2013-09-27,136.10885620117188,74.44490051269531,18.078067779541016,128.97000122070312
2013-09-30,135.3836669921875,74.33312225341797,18.06971549987793,128.17999267578125
2013-10-01,136.45533752441406,74.1075668334961,18.053009033203125,124.58999633789062
2013-10-02,136.32640075683594,74.21965789794922,17.986175537109375,127.05999755859375
2013-10-03,135.06935119628906,74.10055541992188,17.969465255737305,127.18000030517578
2013-10-04,136.0927276611328,74.04448699951172,18.053009033203125,126.52999877929688
2013-10-07,134.91629028320312,74.34573364257812,18.002880096435547,127.63999938964844
2013-10-08,133.344970703125,74.36674499511719,18.0112361907959,127.4000015258789
2013-10-09,133.4417266845703,73.77139282226562,18.094776153564453,126.11000061035156
2013-10-10,136.3184051513672,73.89043426513672,18.12819480895996,124.2699966430664
2013-10-11,137.1967010498047,73.86943817138672,18.094776153564453,122.5999984741211
2013-10-14,137.7446746826172,73.27406311035156,18.06136131286621,122.83000183105469
2013-10-15,136.74542236328125,73.22492218017578,18.12819480895996,123.7300033569336
2013-10-16,138.65524291992188,74.14256286621094,18.11983871459961,123.54000091552734
2013-10-17,139.58187866210938,74.81497192382812,17.91934585571289,127.41999816894531
2013-10-18,140.5247039794922,74.97614288330078,17.91934585571289,126.8499984741211
2013-10-21,140.53274536132812,74.73796844482422,17.93604850769043,126.9800033569336
2013-10-22,141.3466339111328,75.57151794433594,17.835805892944336,129.33999633789062
2013-10-23,140.66973876953125,75.86571502685547,17.844158172607422,128.69000244140625
2013-10-24,141.13706970214844,75.57151794433594,17.819093704223633,129.89999389648438
2013-10-25,141.7817840576172,75.8516845703125,17.827449798583984,130.4600067138672
2013-10-28,142.00738525390625,75.5925064086914,17.860864639282227,130.55999755859375
2013-10-29,142.7648468017578,75.69055938720703,17.91098976135254,129.77000427246094
2013-10-30,142.05572509765625,75.23528289794922,17.94440269470215,129.60000610351562
2013-10-31,141.65281677246094,75.39640808105469,18.06971549987793,127.73999786376953
2013-11-01,141.99130249023438,74.58026123046875,18.169963836669922,126.94999694824219
2013-11-04,142.4908447265625,74.6505126953125,18.11983871459961,126.80999755859375
2013-11-05,142.03965759277344,73.75856018066406,18.161611557006836,126.55999755859375
2013-11-06,142.7648468017578,73.79364776611328,18.103130340576172,127.19999694824219
2013-11-07,140.95985412597656,74.41874694824219,18.186668395996094,126.16000366210938
2013-11-08,142.8615264892578,72.62779235839844,18.295270919799805,124.27999877929688
2013-11-11,142.8856964111328,72.35389709472656,18.245149612426758,123.87000274658203
2013-11-12,142.59564208984375,72.69102478027344,18.253503799438477,122.44999694824219
2013-11-13,143.73983764648438,72.95790100097656,18.21173095703125,122.8499984741211
2013-11-14,144.4570770263672,73.40740203857422,18.21173095703125,124.2699966430664
2013-11-15,145.0855255126953,73.55490112304688,18.17831802368164,124.31999969482422
2013-11-18,144.57789611816406,73.99735260009766,18.15325355529785,122.9000015258789
2013-11-19,144.2636260986328,73.43549346923828,18.144901275634766,122.94999694824219
2013-11-20,143.81240844726562,72.18534851074219,18.22844123840332,120.12000274658203
2013-11-21,144.9727783203125,72.30477905273438,18.22844123840332,119.94000244140625
2013-11-22,145.69798278808594,72.97895812988281,18.15325355529785,119.91999816894531
2013-11-25,145.55291748046875,73.18962860107422,18.17831802368164,120.45999908447266
2013-11-26,145.5931854248047,73.46356201171875,18.11983871459961,119.81999969482422
2013-11-27,145.94778442382812,73.33712768554688,18.144901275634766,119.45999908447266
2013-11-29,145.85105895996094,73.35823822021484,18.12819480895996,120.69999694824219
2013-12-02,145.4723358154297,72.78768157958984,18.186668395996094,117.58000183105469
2013-12-03,144.8438720703125,73.05531311035156,18.12819480895996,117.95999908447266
2013-12-04,144.8276824951172,72.35792541503906,18.11983871459961,119.95999908447266
2013-12-05,144.19113159179688,72.1537094116211,18.027944564819336,118.30000305175781
2013-12-06,145.80276489257812,72.49881744384766,18.027944564819336,118.55000305175781
2013-12-09,146.1734161376953,72.66788482666016,18.0112361907959,119.72000122070312
2013-12-10,145.64968872070312,73.18915557861328,17.96111488342285,121.81999969482422
2013-12-11,144.0138702392578,72.62562561035156,17.952756881713867,120.86000061035156
2013-12-12,143.53843688964844,72.35089874267578,18.019588470458984,118.29000091552734
2013-12-13,143.5222625732422,72.7031021118164,18.027944564819336,119.37999725341797
2013-12-16,144.41673278808594,72.43546295166016,17.994529724121094,119.69000244140625
2013-12-17,143.95742797851562,72.75948333740234,17.994529724121094,118.6500015258789
2013-12-18,146.4151611328125,72.3931655883789,18.06971549987793,117.61000061035156
2013-12-19,146.24595642089844,72.32274627685547,18.11148452758789,114.81999969482422
2013-12-20,147.0965576171875,73.43572998046875,18.094776153564453,115.94000244140625
2013-12-23,147.88247680664062,73.0201187133789,18.06136131286621,115.56999969482422
2013-12-24,148.20660400390625,72.43546295166016,18.078067779541016,116.0999984741211
2013-12-26,148.96009826660156,72.15629577636719,18.06971549987793,116.73999786376953
2013-12-27,148.95193481445312,71.95132446289062,18.036296844482422,117.12000274658203
2013-12-30,148.9276123046875,72.44606018066406,17.952756881713867,115.38999938964844
2013-12-31,149.63250732421875,71.98665618896484,17.97782325744629,116.12000274658203
2014-01-02,148.19845581054688,72.20572662353516,18.086421966552734,118.0
2014-01-03,148.17413330078125,72.20572662353516,18.161611557006836,119.29000091552734
2014-01-06,147.74476623535156,72.50965118408203,18.11148452758789,119.5
2014-01-07,148.65219116210938,72.6933822631836,18.161611557006836,118.81999969482422
2014-01-08,148.6846160888672,72.49551391601562,18.195026397705078,118.12000274658203
2014-01-09,148.78182983398438,72.91954803466797,18.17831802368164,118.45999908447266
2014-01-10,149.18687438964844,73.78881072998047,18.103130340576172,120.26000213623047
2014-01-13,147.2019500732422,74.15629577636719,18.06136131286621,121.0199966430664
2014-01-14,148.80612182617188,73.81710815429688,18.094776153564453,119.88999938964844
2014-01-15,149.60818481445312,73.73933410644531,18.17831802368164,119.66000366210938
2014-01-16,149.41372680664062,74.2340316772461,18.161611557006836,119.79000091552734
2014-01-17,148.78182983398438,74.54497528076172,18.22844123840332,120.93000030517578
2014-01-21,149.21926879882812,74.60152435302734,18.195026397705078,119.69999694824219
2014-01-22,149.3165283203125,74.41779327392578,18.2200870513916,119.19000244140625
2014-01-23,148.09312438964844,75.47076416015625,18.036296844482422,121.79000091552734
2014-01-24,144.9333953857422,75.95848083496094,18.06136131286621,122.29000091552734
2014-01-27,144.22044372558594,75.42842102050781,18.06136131286621,120.95999908447266
2014-01-28,145.0792999267578,75.61214447021484,18.06971549987793,120.94999694824219
2014-01-29,143.6857452392578,76.23405456542969,18.06971549987793,122.47000122070312
2014-01-30,145.2089385986328,76.01498413085938,18.186668395996094,119.7699966430664
2014-01-31,144.35818481445312,76.52376556396484,18.23679542541504,120.08999633789062
2014-02-03,141.10935974121094,77.45624542236328,18.17831802368164,121.31999969482422
2014-02-04,142.0978240966797,76.63435363769531,18.195026397705078,120.98999786376953
2014-02-05,141.9195556640625,75.92583465576172,18.169963836669922,121.29000091552734
2014-02-06,143.7910919189453,75.59986114501953,18.144901275634766,121.23999786376953
2014-02-07,145.573486328125,75.66368865966797,18.086421966552734,122.16999816894531
2014-02-10,145.8408203125,75.8762435913086,18.06971549987793,122.91999816894531
2014-02-11,147.43692016601562,75.43695831298828,18.06971549987793,124.36000061035156
2014-02-12,147.5098419189453,75.04725646972656,18.086421966552734,124.43000030517578
2014-02-13,148.27142333984375,75.47238159179688,17.986175537109375,125.48999786376953
2014-02-14,149.08969116210938,75.51492309570312,17.952756881713867,127.1500015258789
2014-02-18,149.26792907714844,75.6849365234375,17.91934585571289,127.4000015258789
2014-02-19,148.27951049804688,75.36611938476562,17.969465255737305,126.2699966430664
2014-02-20,149.1544952392578,75.18182373046875,17.994529724121094,127.5999984741211
2014-02-21,148.98431396484375,75.57865905761719,17.97782325744629,127.58000183105469
2014-02-24,149.81072998046875,75.38731384277344,17.969465255737305,128.99000549316406
2014-02-25,149.75401306152344,76.06047058105469,17.94440269470215,129.2100067138672
2014-02-26,149.7621612548828,76.46428680419922,18.0112361907959,128.11000061035156
2014-02-27,150.54798889160156,76.8823013305664,17.97782325744629,128.1999969482422
2014-02-28,150.9288330078125,76.92485809326172,17.860864639282227,127.62000274658203
2014-03-03,149.86749267578125,77.43836975097656,17.92769432067871,130.2899932861328
2014-03-04,151.97390747070312,76.27359771728516,17.94440269470215,128.67999267578125
2014-03-05,152.1116485595703,76.43687438964844,17.93604850769043,128.88999938964844
2014-03-06,152.4600067138672,75.68405151367188,17.835805892944336,130.1699981689453
2014-03-07,152.5248260498047,75.20819854736328,17.852508544921875,129.08999633789062
2014-03-10,152.44386291503906,75.31475067138672,17.860864639282227,129.1300048828125
2014-03-11,151.69033813476562,75.5135726928711,17.860864639282227,129.86000061035156
2014-03-12,151.73086547851562,76.03917694091797,17.810741424560547,131.75999450683594
2014-03-13,150.02947998046875,77.06195831298828,17.819093704223633,132.2100067138672
2014-03-14,149.60818481445312,77.07614135742188,17.777324676513672,133.10000610351562
2014-03-17,150.96124267578125,76.5008544921875,17.760616302490234,131.63999938964844
2014-03-18,152.03875732421875,76.77779388427734,17.768972396850586,130.6199951171875
2014-03-19,151.22854614257812,76.18121337890625,17.90263557434082,128.08999633789062
2014-03-20,152.1116485595703,76.0462417602539,17.96111488342285,127.86000061035156
2014-03-21,151.52166748046875,76.87017059326172,17.93604850769043,128.47000122070312
2014-03-24,150.89511108398438,77.41705322265625,17.885927200317383,126.18000030517578
2014-03-25,151.6112060546875,77.12582397460938,17.8942813873291,126.41000366210938
2014-03-26,150.520751953125,77.72955322265625,17.8942813873291,125.41000366210938
2014-03-27,150.20339965820312,78.12018585205078,17.94440269470215,124.58999633789062
2014-03-28,150.94390869140625,77.67986297607422,17.94440269470215,124.55999755859375
2014-03-31,152.18084716796875,77.48809814453125,17.92769432067871,123.61000061035156
2014-04-01,153.18991088867188,76.8258285522461,17.92769432067871,123.38999938964844
2014-04-02,153.7025604248047,76.38435363769531,17.96111488342285,124.31999969482422
2014-04-03,153.4990997314453,76.71905517578125,18.0112361907959,123.91999816894531
2014-04-04,151.68435668945312,77.23174285888672,17.994529724121094,125.56999969482422
2014-04-07,150.00807189941406,77.694580078125,17.952756881713867,124.91000366210938
2014-04-08,150.62648010253906,77.8797378540039,17.835805892944336,126.08999633789062
2014-04-09,152.24591064453125,77.4952163696289,17.768972396850586,126.31999969482422
2014-04-10,149.04782104492188,78.21441650390625,17.760616302490234,127.01000213623047
2014-04-11,147.70518493652344,78.84812927246094,17.768972396850586,126.93000030517578
2014-04-14,148.86883544921875,78.64166259765625,17.819093704223633,127.8499984741211
2014-04-15,149.89414978027344,79.13294219970703,17.835805892944336,125.48999786376953
2014-04-16,151.46466064453125,79.232666015625,17.852508544921875,125.54000091552734
2014-04-17,151.67626953125,78.36390686035156,17.852508544921875,124.75
2014-04-21,152.20523071289062,78.29983520507812,17.869218826293945,124.23999786376953
2014-04-22,152.8968963623047,78.56332397460938,17.852508544921875,123.77999877929688
2014-04-23,152.538818359375,79.01200103759766,17.852508544921875,123.76000213623047
2014-04-24,152.84814453125,79.1614761352539,17.827449798583984,124.55999755859375
2014-04-25,151.59495544433594,79.27535247802734,17.827449798583984,125.43000030517578
2014-04-28,152.0750732421875,78.89088439941406,17.810741424560547,124.87999725341797
2014-04-29,152.78297424316406,78.78402709960938,17.827449798583984,124.86000061035156
2014-04-30,153.23867797851562,79.11160278320312,17.777324676513672,124.22000122070312
2014-05-01,153.25494384765625,79.96034240722656,17.768972396850586,123.80000305175781
2014-05-02,153.03526306152344,80.45286560058594,17.768972396850586,125.05999755859375
2014-05-05,153.32821655273438,79.96746063232422,17.760616302490234,126.22000122070312
2014-05-06,151.99362182617188,80.28868103027344,17.677078247070312,125.9800033569336
2014-05-07,152.88885498046875,80.0031509399414,17.6854305267334,124.16999816894531
2014-05-08,152.72601318359375,79.66053771972656,17.72719955444336,124.16999816894531
2014-05-09,152.95387268066406,79.40354919433594,17.835805892944336,124.0999984741211
2014-05-12,154.4430694580078,79.08236694335938,17.852508544921875,124.94000244140625
2014-05-13,154.58139038085938,79.76759338378906,17.8942813873291,124.5999984741211
2014-05-14,153.84901428222656,80.63131713867188,17.885927200317383,125.80999755859375
2014-05-15,152.4981689453125,81.27372741699219,17.869218826293945,124.7699966430664
2014-05-16,153.0271453857422,81.0453109741211,17.869218826293945,124.5
2014-05-19,153.58863830566406,80.44569396972656,17.869218826293945,124.58000183105469
2014-05-20,152.62022399902344,80.62416076660156,17.87757110595703,124.69000244140625
2014-05-21,153.90602111816406,80.13163757324219,17.87757110595703,124.38999938964844
2014-05-22,154.2802734375,80.01738739013672,17.91098976135254,124.66999816894531
2014-05-23,154.89878845214844,80.44569396972656,17.94440269470215,124.51000213623047
2014-05-27,155.85089111328125,80.91682434082031,17.93604850769043,121.8499984741211
2014-05-28,155.7369384765625,81.91618347167969,17.986175537109375,121.19999694824219
2014-05-29,156.54254150390625,81.48074340820312,17.97782325744629,120.94000244140625
2014-05-30,156.79483032226562,81.44503021240234,17.93604850769043,120.43000030517578
2014-06-02,156.97386169433594,80.83961486816406,18.002880096435547,119.69999694824219
2014-06-03,156.8924560546875,79.8448486328125,17.986175537109375,120.01000213623047
2014-06-04,157.2098388671875,79.8233871459961,18.002880096435547,119.76000213623047
2014-06-05,158.23516845703125,79.85916137695312,17.92769432067871,120.66000366210938
2014-06-06,158.991943359375,79.85916137695312,17.93604850769043,120.61000061035156
2014-06-09,159.15475463867188,79.74468994140625,18.002880096435547,120.6500015258789
2014-06-10,159.17098999023438,79.45127868652344,18.036296844482422,121.38999938964844
2014-06-11,158.61764526367188,79.59436798095703,18.036296844482422,121.41000366210938
2014-06-12,157.49456787109375,80.30284118652344,17.994529724121094,122.63999938964844
2014-06-13,157.97476196289062,80.25992584228516,17.994529724121094,122.95999908447266
2014-06-16,158.10498046875,80.46031188964844,17.94440269470215,122.41999816894531
2014-06-17,158.54443359375,79.8233871459961,17.994529724121094,122.27999877929688
2014-06-18,159.70806884765625,80.4388427734375,17.93604850769043,122.66999816894531
2014-06-19,159.88710021972656,79.4083251953125,17.90263557434082,126.94000244140625
2014-06-20,160.21165466308594,80.00946044921875,17.91098976135254,126.5
2014-06-23,160.16265869140625,79.75895690917969,17.87757110595703,126.8499984741211
2014-06-24,159.19784545898438,80.56761169433594,17.8942813873291,126.9800033569336
2014-06-25,159.91738891601562,80.7752456665039,17.87757110595703,126.98999786376953
2014-06-26,159.8029022216797,81.16167449951172,17.885927200317383,126.7300033569336
2014-06-27,160.11358642578125,81.03997039794922,17.827449798583984,126.66000366210938
2014-06-30,160.0318145751953,81.24034118652344,17.760616302490234,128.0399932861328
2014-07-01,161.10293579101562,80.5601577758789,17.768972396850586,127.69999694824219
2014-07-02,161.26649475097656,79.69917297363281,17.802385330200195,127.69999694824219
2014-07-03,162.05963134765625,79.41218566894531,17.869218826293945,127.16000366210938
2014-07-07,161.49545288085938,79.99336242675781,17.87757110595703,127.0199966430664
2014-07-08,160.45703125,80.89020538330078,17.869218826293945,127.06999969482422
2014-07-09,161.17652893066406,80.95474243164062,17.827449798583984,127.83999633789062
2014-07-10,160.5387420654297,80.976318359375,17.852508544921875,128.5399932861328
2014-07-11,160.75953674316406,81.492919921875,17.860864639282227,128.77999877929688
2014-07-14,161.56900024414062,81.14136505126953,17.852508544921875,125.72000122070312
2014-07-15,161.26649475097656,80.976318359375,17.91098976135254,124.52999877929688
2014-07-16,161.86334228515625,81.40678405761719,17.952756881713867,124.97000122070312
2014-07-17,160.0236358642578,82.43282318115234,17.94440269470215,127.08999633789062
2014-07-18,161.65892028808594,82.1673812866211,17.94440269470215,126.12999725341797
2014-07-21,161.3563690185547,82.57634735107422,17.93604850769043,126.33999633789062
2014-07-22,162.05963134765625,82.74850463867188,17.994529724121094,125.73999786376953
2014-07-23,162.41944885253906,82.64088439941406,18.002880096435547,125.62000274658203
2014-07-24,162.4275360107422,82.02386474609375,18.027944564819336,124.3499984741211
2014-07-25,161.6671142578125,82.99246978759766,18.06136131286621,125.79000091552734
2014-07-28,161.73257446289062,82.87770080566406,18.06136131286621,125.58000183105469
2014-07-29,161.03753662109375,83.17900848388672,18.094776153564453,125.19999694824219
2014-07-30,161.0620574951172,82.02386474609375,18.136545181274414,124.83000183105469
2014-07-31,157.88137817382812,81.7799301147461,18.161611557006836,123.38999938964844
2014-08-01,157.39894104003906,82.41297912597656,18.136545181274414,124.37999725341797
2014-08-04,158.5354766845703,82.19717407226562,18.12819480895996,123.98999786376953
2014-08-05,156.99832153320312,82.46332550048828,18.169963836669922,123.87000274658203
2014-08-06,157.0474090576172,82.51370239257812,18.144901275634766,125.66999816894531
2014-08-07,156.1969757080078,83.28341674804688,18.169963836669922,126.18000030517578
2014-08-08,158.00404357910156,83.10360717773438,18.12819480895996,126.19000244140625
2014-08-11,158.4619598388672,83.09638214111328,18.136545181274414,125.95999908447266
2014-08-12,158.24111938476562,82.55684661865234,18.15325355529785,125.98999786376953
2014-08-13,159.31231689453125,83.09638214111328,18.169963836669922,126.19999694824219
2014-08-14,160.06451416015625,83.76539611816406,18.161611557006836,126.30999755859375
2014-08-15,160.0318145751953,84.67903900146484,18.12819480895996,125.4800033569336
2014-08-18,161.372802734375,83.83735656738281,18.161611557006836,124.95999908447266
2014-08-19,162.21495056152344,83.5783462524414,18.22844123840332,124.68000030517578
2014-08-20,162.6482391357422,83.44171905517578,18.311981201171875,124.22000122070312
2014-08-21,163.12258911132812,83.9093246459961,18.28691864013672,122.87999725341797
2014-08-22,162.8690643310547,84.37689971923828,18.328691482543945,123.19000244140625
2014-08-25,163.69491577148438,84.69342041015625,18.378812789916992,122.73999786376953
2014-08-26,163.8012237548828,84.4200439453125,18.39552116394043,123.3499984741211
2014-08-27,163.73582458496094,85.13948822021484,18.353750228881836,123.31999969482422
2014-08-28,163.6458740234375,85.58550262451172,18.353750228881836,124.0
2014-08-29,164.11195373535156,85.64302062988281,18.39552116394043,123.86000061035156
2014-09-02,164.03013610839844,84.16563415527344,18.45400047302246,121.6500015258789
2014-09-03,163.94027709960938,84.63431549072266,18.437292098999023,122.1500015258789
2014-09-04,163.70309448242188,83.603271484375,18.629432678222656,121.4800033569336
2014-09-05,164.4390106201172,83.4446029663086,18.629432678222656,122.05999755859375
2014-09-08,164.01385498046875,83.48066711425781,18.738033294677734,120.7300033569336
2014-09-09,162.97540283203125,83.4157943725586,18.704618453979492,120.87000274658203
2014-09-10,163.588623046875,82.88941192626953,18.738033294677734,120.26000213623047
2014-09-11,163.7766571044922,82.61543273925781,18.754743576049805,119.47000122070312
2014-09-12,162.8200225830078,81.75019836425781,18.738033294677734,118.37999725341797
2014-09-15,162.69740295410156,81.87276458740234,18.738033294677734,118.63999938964844
2014-09-16,163.9238739013672,81.54100799560547,18.704618453979492,118.83000183105469
2014-09-17,164.14462280273438,81.33201599121094,18.821577072143555,117.54000091552734
2014-09-18,165.01959228515625,81.59156799316406,18.738033294677734,117.77999877929688
2014-09-19,164.87081909179688,82.62984466552734,18.838281631469727,117.08999633789062
2014-09-22,163.5975341796875,82.73078155517578,18.821577072143555,116.8499984741211
2014-09-23,162.6610565185547,83.24272918701172,18.821577072143555,117.5999984741211
2014-09-24,163.9343719482422,82.78128051757812,18.905113220214844,117.05000305175781
2014-09-25,161.28919982910156,83.76190948486328,18.93852996826172,117.38999938964844
2014-09-26,162.5706787109375,83.63929748535156,19.04713249206543,117.05999755859375
2014-09-29,162.27499389648438,84.30989074707031,19.030426025390625,117.02999877929688
2014-09-30,161.8478240966797,83.83396911621094,19.10561180114746,116.20999908447266
2014-10-01,159.65451049804688,85.4595718383789,19.08890151977539,116.7699966430664
2014-10-02,159.6791229248047,84.71510314941406,19.030426025390625,116.73999786376953
2014-10-03,161.43707275390625,85.07648468017578,19.281044006347656,114.61000061035156
2014-10-06,161.2481231689453,85.12712097167969,19.063840866088867,116.02999877929688
2014-10-07,158.7591094970703,86.27644348144531,19.030426025390625,116.36000061035156
2014-10-08,161.53565979003906,86.2980728149414,18.94688606262207,117.47000122070312
2014-10-09,158.33189392089844,85.92220306396484,19.00536346435547,117.63999938964844
2014-10-10,156.5245819091797,86.77516174316406,19.097257614135742,117.58999633789062
2014-10-13,153.9534149169922,87.30278015136719,18.98865509033203,118.5199966430664
2014-10-14,154.1916046142578,87.87379455566406,19.072193145751953,118.58999633789062
2014-10-15,153.1483612060547,88.5677261352539,18.8716983795166,118.98999786376953
2014-10-16,153.0168914794922,88.00395965576172,18.8716983795166,119.22000122070312
2014-10-17,154.8241424560547,87.51244354248047,18.930177688598633,118.98999786376953
2014-10-20,156.3274688720703,87.8304672241211,18.863346099853516,119.80000305175781
2014-10-21,159.42442321777344,87.12932586669922,18.963594436645508,120.0199966430664
2014-10-22,158.29083251953125,87.22330474853516,19.04713249206543,119.33999633789062
2014-10-23,160.13088989257812,86.44985961914062,19.063840866088867,118.5199966430664
2014-10-24,161.3631591796875,86.53661346435547,19.030426025390625,118.3499984741211
2014-10-27,161.14134216308594,86.69560241699219,18.980300903320312,118.05999755859375
2014-10-28,162.98968505859375,86.15350341796875,18.94688606262207,118.0999984741211
2014-10-29,162.74322509765625,86.34866333007812,19.08890151977539,116.41000366210938
2014-10-30,163.78651428222656,86.42094421386719,19.139028549194336,115.19000244140625
2014-10-31,165.6594696044922,86.19689178466797,19.28940200805664,112.66000366210938
2014-11-03,165.74986267089844,86.19684600830078,19.381296157836914,112.1500015258789
2014-11-04,165.17477416992188,86.46495819091797,19.331167221069336,112.22000122070312
2014-11-05,166.21812438964844,86.34180450439453,19.423063278198242,109.79000091552734
2014-11-06,166.88352966308594,85.7838363647461,19.556726455688477,109.87999725341797
2014-11-07,167.0395965576172,86.76924896240234,19.43977165222168,112.97000122070312
2014-11-10,167.56527709960938,85.9722671508789,19.498249053955078,110.45999908447266
2014-11-11,167.72952270507812,86.0302505493164,19.423063278198242,112.04000091552734
2014-11-12,167.54884338378906,85.95777130126953,19.489896774291992,111.5
2014-11-13,167.73776245117188,86.1606674194336,19.473186492919922,111.66999816894531
2014-11-14,167.77886962890625,86.58092498779297,19.423063278198242,114.47000122070312
2014-11-17,167.88568115234375,86.36353302001953,19.523313522338867,114.05000305175781
2014-11-18,168.85504150390625,86.60264587402344,19.43141746520996,115.05000305175781
2014-11-19,168.5839385986328,86.05198669433594,19.464834213256836,113.68000030517578
2014-11-20,168.87965393066406,86.501220703125,19.43977165222168,114.86000061035156
2014-11-21,169.78330993652344,87.02291107177734,19.598499298095703,115.38999938964844
2014-11-24,170.25970458984375,87.09535217285156,19.54837417602539,115.11000061035156
2014-11-25,170.13650512695312,87.81995391845703,19.506603240966797,115.37999725341797
2014-11-26,170.57191467285156,88.05907440185547,19.44812774658203,115.16000366210938
2014-11-28,170.21046447753906,88.75466918945312,19.60685157775879,112.11000061035156
2014-12-01,169.0275421142578,88.23688507080078,19.514957427978516,116.58000183105469
2014-12-02,170.1201171875,87.37995147705078,19.67368507385254,115.13999938964844
2014-12-03,170.77732849121094,87.7212142944336,19.732162475585938,116.33000183105469
2014-12-04,170.58837890625,88.4547119140625,19.6569766998291,115.87999725341797
2014-12-05,170.8675994873047,87.93910217285156,19.80734634399414,114.43000030517578
2014-12-08,169.72579956054688,89.01394653320312,19.765579223632812,115.77999877929688
2014-12-09,169.6107940673828,89.47148132324219,19.67368507385254,118.19000244140625
2014-12-10,166.89166259765625,90.12506103515625,19.565082550048828,117.95999908447266
2014-12-11,167.73776245117188,90.49545288085938,19.640268325805664,117.69000244140625
2014-12-12,165.0269317626953,91.72279357910156,19.573434829711914,117.41000366210938
2014-12-15,163.89328002929688,91.53392791748047,19.61520767211914,114.38999938964844
2014-12-16,162.57891845703125,92.6668701171875,19.473186492919922,114.94999694824219
2014-12-17,165.76622009277344,91.83169555664062,19.715450286865234,114.2699966430664
2014-12-18,169.86544799804688,90.19766998291016,19.7739315032959,115.1500015258789
2014-12-19,170.58822631835938,91.41046905517578,19.857473373413086,114.7699966430664
2014-12-22,171.37290954589844,91.53392791748047,19.87417984008789,112.55000305175781
2014-12-23,171.60418701171875,89.71839904785156,19.974428176879883,112.73999786376953
2014-12-24,171.62071228027344,90.20675659179688,19.949365615844727,112.7699966430664
2014-12-26,172.1741180419922,90.54148864746094,19.957717895507812,114.83000183105469
2014-12-29,172.4054412841797,91.21833038330078,20.007844924926758,113.66999816894531
2014-12-30,171.4802703857422,91.46576690673828,19.957717895507812,115.19999694824219
2014-12-31,169.7786865234375,91.64043426513672,20.024553298950195,113.58000183105469
2015-01-02,169.68785095214844,92.65930938720703,20.216693878173828,114.08000183105469
2015-01-05,166.62335205078125,94.11483001708984,20.258464813232422,115.80000305175781
2015-01-06,165.05392456054688,95.8105239868164,20.300235748291016,117.12000274658203
2015-01-07,167.1107177734375,95.62130737304688,20.37541961669922,116.43000030517578
2015-01-08,170.07606506347656,94.35498046875,20.458959579467773,115.94000244140625
2015-01-09,168.71319580078125,95.38836669921875,20.3670654296875,117.26000213623047
2015-01-12,167.39154052734375,95.9342269897461,20.3670654296875,118.55999755859375
2015-01-13,166.9207305908203,95.9342269897461,20.42554473876953,118.16000366210938
2015-01-14,165.9129638671875,96.66200256347656,20.383773803710938,117.97000122070312
2015-01-15,164.3931121826172,98.18299865722656,20.450605392456055,120.94000244140625
2015-01-16,166.54893493652344,96.9312973022461,20.542503356933594,122.5199966430664
2015-01-20,166.90415954589844,98.2194595336914,20.626041412353516,124.19999694824219
2015-01-21,167.74671936035156,97.08412170410156,20.567562103271484,124.2300033569336
2015-01-22,170.2412567138672,96.7348403930664,20.87666130065918,125.2300033569336
2015-01-23,169.307861328125,98.0811767578125,21.060449600219727,124.2300033569336
2015-01-26,169.70437622070312,97.78274536132812,21.02703285217285,122.98999786376953
2015-01-27,167.46591186523438,97.93555450439453,20.826536178588867,124.4000015258789
2015-01-28,165.31826782226562,99.53669738769531,20.951845169067383,123.41999816894531
2015-01-29,166.84632873535156,98.8817138671875,20.968557357788086,120.76000213623047
2015-01-30,164.74822998046875,100.63563537597656,20.99361801147461,123.44999694824219
2015-02-02,166.7885284423828,100.2556381225586,20.951845169067383,122.41999816894531
2015-02-03,169.2005157470703,98.13358306884766,20.709583282470703,121.05000305175781
2015-02-04,168.55618286132812,98.30133819580078,20.83489227294922,121.58000183105469
2015-02-05,170.25784301757812,97.22206115722656,20.68451690673828,121.79000091552734
2015-02-06,169.78695678710938,95.50101470947266,20.935136795043945,118.63999938964844
2015-02-09,169.02703857421875,95.347900390625,20.918432235717773,119.16999816894531
2015-02-10,170.82777404785156,94.58949279785156,20.943490982055664,118.47000122070312
2015-02-11,170.9268798828125,94.76451110839844,21.0186767578125,117.06999969482422
2015-02-12,172.57064819335938,94.45095825195312,20.818185806274414,117.33999633789062
2015-02-13,173.281005859375,93.48106384277344,20.80982780456543,117.9800033569336
2015-02-17,173.55360412597656,92.0736312866211,20.78476333618164,116.01000213623047
2015-02-18,173.570068359375,92.62053680419922,20.793119430541992,116.33999633789062
2015-02-19,173.4461669921875,92.00799560546875,20.868305206298828,115.94000244140625
2015-02-20,174.48695373535156,92.27783203125,20.851598739624023,115.27999877929688
2015-02-23,174.46218872070312,93.3351821899414,20.910078048706055,115.43000030517578
2015-02-24,174.95787048339844,94.56031799316406,20.868305206298828,115.26000213623047
2015-02-25,174.80909729003906,94.96865844726562,20.826536178588867,115.69999694824219
2015-02-26,174.6026153564453,93.6706314086914,21.043739318847656,116.06999969482422
2015-02-27,174.00790405273438,94.45821380615234,21.05209732055664,116.16000366210938
2015-03-02,175.10647583007812,92.69876098632812,21.09386444091797,115.68000030517578
2015-03-03,174.38783264160156,92.36270904541016,21.08551025390625,115.47000122070312
2015-03-04,173.6526641845703,92.39192199707031,21.19411277770996,115.11000061035156
2015-03-05,173.8426971435547,92.27494812011719,21.294361114501953,115.0
2015-03-06,171.39764404296875,90.23648071289062,21.553335189819336,111.86000061035156
2015-03-09,172.10804748535156,91.06941223144531,21.553335189819336,111.97000122070312
2015-03-10,169.31613159179688,92.26773071289062,21.77889633178711,111.41999816894531
2015-03-11,168.9196319580078,92.93990325927734,22.021160125732422,110.75
2015-03-12,171.06732177734375,92.87413024902344,21.90420150756836,110.72000122070312
2015-03-13,170.01824951171875,92.5892105102539,22.129764556884766,110.87999725341797
2015-03-16,172.28981018066406,93.48059844970703,21.962684631347656,110.80999755859375
2015-03-17,171.7776336669922,94.25511932373047,21.97103500366211,110.20999908447266
2015-03-18,173.8426971435547,96.0744857788086,21.53662872314453,112.37000274658203
2015-03-19,173.04974365234375,95.58487701416016,21.8624324798584,112.29000091552734
2015-03-20,174.5772247314453,96.08905792236328,21.570043563842773,113.56999969482422
2015-03-23,174.23703002929688,95.97216033935547,21.336132049560547,114.29000091552734
2015-03-24,173.2580108642578,96.90007781982422,21.402963638305664,114.56999969482422
2015-03-25,170.71913146972656,96.08177185058594,21.344484329223633,114.7300033569336
2015-03-26,170.3125457763672,94.58385467529297,21.4196720123291,115.4800033569336
2015-03-27,170.7025146484375,95.7602767944336,21.436376571655273,115.05999755859375
2015-03-30,172.7850341796875,95.28531646728516,21.60346031188965,113.75
2015-03-31,171.27496337890625,95.48995208740234,21.636877059936523,113.66000366210938
2015-04-01,170.66937255859375,96.7441635131836,21.645227432250977,115.5999984741211
2015-04-02,171.2833251953125,95.71907806396484,21.4781494140625,115.27999877929688
2015-04-06,172.43658447265625,95.18460845947266,21.311071395874023,116.69000244140625
2015-04-07,171.980224609375,95.98271179199219,21.553335189819336,116.11000061035156
2015-04-08,172.56101989746094,96.0119400024414,21.586750030517578,115.47000122070312
2015-04-09,173.32435607910156,94.76729583740234,21.81231117248535,114.66999816894531
2015-04-10,174.2701873779297,94.90634155273438,21.8624324798584,115.97000122070312
2015-04-13,173.48202514648438,95.03813934326172,21.89584732055664,115.13999938964844
2015-04-14,173.81390380859375,95.71174621582031,21.728769302368164,114.44000244140625
2015-04-15,174.59381103515625,95.63125610351562,21.628522872924805,115.43000030517578
2015-04-16,174.5440216064453,95.15530395507812,21.461441040039062,115.02999877929688
2015-04-17,172.5361328125,96.24624633789062,21.41131591796875,115.5999984741211
2015-04-20,174.1125030517578,95.39693450927734,21.53662872314453,114.72000122070312
2015-04-21,173.9051055908203,94.96492767333984,21.561687469482422,115.37999725341797
2015-04-22,174.7597198486328,93.51519775390625,21.561687469482422,113.83000183105469
2015-04-23,175.1995086669922,93.91790008544922,21.402963638305664,114.66000366210938
2015-04-24,175.6060333251953,94.50364685058594,21.31942367553711,113.05000305175781
2015-04-27,174.8759307861328,94.50364685058594,21.252588272094727,115.33000183105469
2015-04-28,175.4318084716797,93.20038604736328,21.118927001953125,116.33000183105469
2015-04-29,174.7099609375,92.05813598632812,20.935136795043945,115.51000213623047
2015-04-30,172.9592742919922,92.21922302246094,20.80982780456543,113.47000122070312
2015-05-01,174.83441162109375,90.97782897949219,20.910078048706055,113.08000183105469
2015-05-04,175.33226013183594,90.11942291259766,20.968557357788086,114.0999984741211
2015-05-05,173.32435607910156,89.99467468261719,20.910078048706055,114.41999816894531
2015-05-06,172.61077880859375,88.45394134521484,20.676164627075195,114.36000061035156
2015-05-07,173.29945373535156,89.64247131347656,20.78476333618164,113.41999816894531
2015-05-08,175.58111572265625,89.88463592529297,20.80982780456543,113.97000122070312
2015-05-11,174.74314880371094,87.69820404052734,20.87666130065918,113.52999877929688
2015-05-12,174.2204132080078,87.92564392089844,20.75970458984375,114.5
2015-05-13,174.25357055664062,87.2213363647461,20.575916290283203,116.55000305175781
2015-05-14,176.07070922851562,87.45613098144531,20.509084701538086,117.18000030517578
2015-05-15,176.26148986816406,89.20958709716797,20.47566795349121,117.52999877929688
2015-05-18,176.8090362548828,87.71288299560547,20.676164627075195,117.5199966430664
2015-05-19,176.7510528564453,86.9351806640625,20.918432235717773,115.88999938964844
2015-05-20,176.62652587890625,87.0819320678711,20.9601993560791,116.08000183105469
2015-05-21,177.1409454345703,88.2998046875,20.92678451538086,115.69000244140625
2015-05-22,176.71778869628906,88.33654022216797,21.118927001953125,115.5999984741211
2015-05-26,174.8177490234375,89.84791564941406,21.352840423583984,113.91000366210938
2015-05-27,176.47718811035156,90.0533447265625,21.36119270324707,113.88999938964844
2015-05-28,176.27813720703125,89.83326721191406,21.30271339416504,114.0199966430664
2015-05-29,175.1829071044922,90.03137969970703,21.269298553466797,114.0999984741211
2015-06-01,175.53961181640625,89.06375885009766,21.394611358642578,114.0
2015-06-02,175.3654327392578,87.82110595703125,21.068803787231445,114.45999908447266
2015-06-03,175.830078125,86.4094009399414,20.92678451538086,113.63999938964844
2015-06-04,174.34486389160156,87.53435516357422,20.951845169067383,112.83999633789062
2015-06-05,174.04623413085938,86.46821594238281,21.13563346862793,112.23999786376953
2015-06-08,172.97593688964844,86.37259674072266,20.893367767333984,112.56999969482422
2015-06-09,172.9510040283203,85.68882751464844,20.868305206298828,112.81999969482422
2015-06-10,175.02523803710938,84.93887329101562,20.751352310180664,113.77999877929688
2015-06-11,175.5894012451172,86.72557830810547,20.80982780456543,113.26000213623047
2015-06-12,174.24530029296875,86.72557830810547,20.793119430541992,113.2300033569336
2015-06-15,173.4985809326172,86.86530303955078,20.776412963867188,113.7300033569336
2015-06-16,174.44442749023438,87.54908752441406,20.818185806274414,113.31999969482422
2015-06-17,174.72653198242188,86.87265014648438,20.634395599365234,113.8499984741211
2015-06-18,176.54360961914062,86.44615936279297,20.567562103271484,115.31999969482422
2015-06-19,175.7598876953125,87.55644226074219,20.617687225341797,115.12000274658203
2015-06-22,176.66030883789062,85.76972198486328,20.659456253051758,113.63999938964844
2015-06-23,176.78538513183594,85.25504302978516,20.90172576904297,112.88999938964844
2015-06-24,175.50143432617188,85.99032592773438,20.859949111938477,112.58999633789062
2015-06-25,174.96783447265625,85.68882751464844,20.826536178588867,112.44000244140625
2015-06-26,174.93450927734375,84.72563171386719,20.8850154876709,112.55999755859375
2015-06-29,171.26602172851562,86.96820831298828,20.76805877685547,113.06999969482422
2015-06-30,171.62452697753906,86.36529541015625,20.910078048706055,112.37000274658203
2015-07-01,173.00022888183594,85.19953918457031,21.077157974243164,111.9800033569336
2015-07-02,172.84181213378906,85.47955322265625,21.02703285217285,111.76000213623047
2015-07-06,172.34991455078125,87.06388854980469,21.068803787231445,112.05999755859375
2015-07-07,173.43382263183594,87.88180541992188,21.13563346862793,110.76000213623047
2015-07-08,170.5240020751953,88.64083099365234,21.05209732055664,111.08999633789062
2015-07-09,170.83250427246094,86.89434814453125,21.118927001953125,111.36000061035156
2015-07-10,172.98355102539062,85.51641082763672,20.968557357788086,111.48999786376953
2015-07-13,174.892822265625,85.25106811523438,21.177404403686523,110.98999786376953
2015-07-14,175.6514892578125,85.53114318847656,21.14398956298828,110.73999786376953
2015-07-15,175.5931396484375,86.4375228881836,21.235883712768555,110.16000366210938
2015-07-16,177.0021514892578,87.0344009399414,21.352840423583984,109.76000213623047
2015-07-17,177.15220642089844,87.48389434814453,21.402963638305664,108.6500015258789
2015-07-20,177.24391174316406,87.11543273925781,21.41131591796875,105.69999694824219
2015-07-21,176.5435791015625,87.58705139160156,21.26094627380371,105.37000274658203
2015-07-22,176.22674560546875,88.13231658935547,21.311071395874023,104.80000305175781
2015-07-23,175.23458862304688,89.2303237915039,21.227527618408203,104.33000183105469
2015-07-24,173.41705322265625,89.45137786865234,21.26094627380371,105.3499984741211
2015-07-27,172.40821838378906,89.93036651611328,21.09386444091797,104.86000061035156
2015-07-28,174.5259246826172,89.27457427978516,21.110572814941406,105.0199966430664
2015-07-29,175.72659301757812,88.94293212890625,21.227527618408203,105.16999816894531
2015-07-30,175.76820373535156,89.62824249267578,21.311071395874023,104.2699966430664
2015-07-31,175.50143432617188,90.29147338867188,21.244239807128906,104.93000030517578
2015-08-03,174.909423828125,91.24188995361328,21.294361114501953,104.0999984741211
2015-08-04,174.56764221191406,90.5181655883789,21.402963638305664,104.30999755859375
2015-08-05,175.14291381835938,89.8387451171875,21.394611358642578,103.93000030517578
2015-08-06,173.7089385986328,90.63634490966797,21.352840423583984,104.38999938964844
2015-08-07,173.37538146972656,91.82533264160156,21.31942367553711,104.6500015258789
2015-08-10,175.559814453125,90.68803405761719,21.219173431396484,105.72000122070312
2015-08-11,173.97573852539062,92.12812042236328,21.219173431396484,106.26000213623047
2015-08-12,174.18414306640625,91.62592315673828,20.99361801147461,107.75
2015-08-13,173.9673309326172,91.33051300048828,21.02703285217285,106.86000061035156
2015-08-14,174.60096740722656,91.54474639892578,21.08551025390625,106.8499984741211
2015-08-17,175.57643127441406,91.95822143554688,21.118927001953125,107.12999725341797
2015-08-18,175.0678253173828,91.23450469970703,21.169048309326172,107.11000061035156
2015-08-19,173.6838836669922,92.13551330566406,21.035388946533203,108.55000305175781
2015-08-20,170.05709838867188,93.06600952148438,20.918432235717773,110.44000244140625
2015-08-21,164.93800354003906,93.34661865234375,20.717931747436523,111.12999725341797
2015-08-24,157.99295043945312,93.31706237792969,20.37541961669922,110.52999877929688
2015-08-25,156.1337890625,91.8179702758789,20.517438888549805,109.16000366210938
2015-08-26,162.12831115722656,90.04553985595703,20.76805877685547,107.66999816894531
2015-08-27,166.13853454589844,90.09725952148438,20.90172576904297,107.7300033569336
2015-08-28,166.14691162109375,90.36311340332031,20.968557357788086,108.69999694824219
2015-08-31,164.80459594726562,89.66891479492188,20.935136795043945,108.81999969482422
2015-09-01,159.88555908203125,90.31500244140625,20.80982780456543,109.19999694824219
2015-09-02,162.92042541503906,89.53789520263672,20.918432235717773,108.62000274658203
2015-09-03,163.03707885742188,89.97457122802734,21.0186767578125,107.83999633789062
2015-09-04,160.56922912597656,90.79606628417969,20.99361801147461,107.48999786376953
2015-09-08,164.60447692871094,89.45650482177734,20.918432235717773,107.5199966430664
2015-09-09,162.40345764160156,89.8857650756836,20.918432235717773,106.12999725341797
2015-09-10,163.28720092773438,89.27884674072266,20.83489227294922,106.37999725341797
2015-09-11,164.02920532226562,89.84133911132812,20.742998123168945,106.16000366210938
2015-09-14,163.4206085205078,89.98194885253906,20.751352310180664,106.22000122070312
2015-09-15,165.46324157714844,88.25752258300781,20.83489227294922,105.9000015258789
2015-09-16,166.8972930908203,87.92450714111328,20.776412963867188,107.30999755859375
2015-09-17,166.52210998535156,88.99764251708984,20.55921173095703,108.41000366210938
2015-09-18,163.8008575439453,90.3668212890625,20.76805877685547,109.20999908447266
2015-09-21,164.64732360839844,88.89400482177734,20.893367767333984,108.52999877929688
2015-09-22,162.51026916503906,90.1299819946289,20.985265731811523,107.79000091552734
2015-09-23,162.25045776367188,90.1225814819336,20.985265731811523,108.22000122070312
2015-09-24,161.6637725830078,90.73685455322266,20.918432235717773,110.48999786376953
2015-09-25,161.62193298339844,89.95235443115234,20.951845169067383,109.80999755859375
2015-09-28,157.5655975341797,91.49176025390625,20.92678451538086,108.41999816894531
2015-09-29,157.65780639648438,91.75082397460938,20.893367767333984,107.9800033569336
2015-09-30,160.5994110107422,91.43254852294922,20.968557357788086,106.86000061035156
2015-10-01,161.01846313476562,91.82268524169922,20.9601993560791,106.7300033569336
2015-10-02,163.42376708984375,92.37890625,20.910078048706055,108.98999786376953
2015-10-05,166.3318634033203,91.12549591064453,20.918432235717773,108.7699966430664
2015-10-06,165.76193237304688,91.51861572265625,20.776412963867188,109.86000061035156
2015-10-07,167.11959838867188,91.21449279785156,20.80147361755371,109.69999694824219
2015-10-08,168.62820434570312,90.45063781738281,20.751352310180664,109.13999938964844
2015-10-09,168.7287139892578,90.68795776367188,20.651100158691406,110.87000274658203
2015-10-12,168.88800048828125,91.3776626586914,20.634395599365234,111.30999755859375
2015-10-13,167.8236083984375,91.53340148925781,20.600976943969727,111.86000061035156
2015-10-14,167.01902770996094,92.33438110351562,20.42554473876953,113.80999755859375
2015-10-15,169.5835418701172,91.88199615478516,20.55921173095703,113.29000091552734
2015-10-16,170.35459899902344,91.91162109375,20.59262466430664,112.48999786376953
2015-10-19,170.43836975097656,91.65955352783203,20.651100158691406,112.0199966430664
2015-10-20,170.22047424316406,91.09587860107422,20.634395599365234,112.7300033569336
2015-10-21,169.1644744873047,92.00068664550781,20.659456253051758,111.7300033569336
2015-10-22,172.0223388671875,92.15640258789062,20.9601993560791,111.69000244140625
2015-10-23,173.907958984375,91.3702621459961,21.13563346862793,111.5
2015-10-26,173.48060607910156,91.97846221923828,21.068803787231445,111.43000030517578
2015-10-27,173.14535522460938,92.20826721191406,21.08551025390625,111.68000030517578
2015-10-28,175.1148223876953,91.83748626708984,21.26094627380371,110.77999877929688
2015-10-29,175.0143280029297,90.37650299072266,21.169048309326172,109.72000122070312
2015-10-30,174.2599639892578,91.05875396728516,21.09386444091797,109.30000305175781
2015-11-02,176.3216552734375,90.64031219482422,21.077157974243164,108.58999633789062
2015-11-03,176.83285522460938,89.89708709716797,21.13563346862793,106.9800033569336
2015-11-04,176.2964630126953,90.00114440917969,21.311071395874023,105.97000122070312
2015-11-05,176.12049865722656,89.76323699951172,21.327777862548828,105.63999938964844
2015-11-06,176.0283203125,88.44770050048828,21.578393936157227,104.0999984741211
2015-11-09,174.38571166992188,87.94969177246094,21.53662872314453,104.4000015258789
2015-11-10,174.78799438476562,88.20986938476562,21.595104217529297,104.18000030517578
2015-11-11,174.1007537841797,88.02408599853516,21.53662872314453,103.83000183105469
2015-11-12,171.67034912109375,88.44770050048828,21.444734573364258,103.8499984741211
2015-11-13,169.7427978515625,88.95315551757812,21.519920349121094,103.55999755859375
2015-11-16,172.3240509033203,88.87134552001953,21.636877059936523,103.70999908447266
2015-11-17,172.19830322265625,89.0200424194336,21.670289993286133,102.33999633789062
2015-11-18,174.93043518066406,89.2058334350586,21.670289993286133,102.43000030517578
2015-11-19,174.7795867919922,89.80045318603516,21.519920349121094,103.55999755859375
2015-11-20,175.4165496826172,89.52540588378906,21.670289993286133,103.08999633789062
2015-11-23,175.21539306640625,89.80045318603516,21.70370864868164,102.26000213623047
2015-11-24,175.45004272460938,89.79304504394531,21.661935806274414,102.94000244140625
2015-11-25,175.42489624023438,90.00114440917969,21.70370864868164,102.45999908447266
2015-11-27,175.62599182128906,89.91193389892578,21.737123489379883,101.25
2015-11-30,174.8968963623047,90.26868438720703,21.787248611450195,101.91999816894531
2015-12-01,176.5646514892578,91.48797607421875,21.687000274658203,102.27999877929688
2015-12-02,174.76287841796875,91.51781463623047,21.737123489379883,100.69000244140625
2015-12-03,172.31565856933594,89.03001403808594,21.219173431396484,101.76000213623047
2015-12-04,175.67633056640625,89.8121109008789,21.36954689025879,104.0199966430664
2015-12-07,174.61203002929688,90.68356323242188,21.436376571655273,102.66999816894531
2015-12-08,173.43870544433594,90.72824096679688,21.36954689025879,102.83999633789062
2015-12-09,172.08938598632812,90.63140869140625,21.14398956298828,102.63999938964844
2015-12-10,172.53359985351562,90.75059509277344,21.26094627380371,102.55000305175781
2015-12-11,169.18968200683594,92.18067169189453,21.177404403686523,103.11000061035156
2015-12-14,170.0445556640625,90.98894500732422,21.219173431396484,101.79000091552734
2015-12-15,171.82958984375,90.45267486572266,21.336132049560547,101.5199966430664
2015-12-16,174.34381103515625,90.25904083251953,21.336132049560547,102.75
2015-12-17,171.68714904785156,91.27947235107422,21.53662872314453,100.5
2015-12-18,168.6285400390625,91.78597259521484,21.41131591796875,102.04000091552734
2015-12-21,170.01954650878906,91.76358032226562,21.336132049560547,103.1500015258789
2015-12-22,171.56234741210938,91.10067749023438,21.30271339416504,102.61000061035156
2015-12-23,173.6868133544922,90.4154281616211,21.336132049560547,102.30999755859375
2015-12-24,173.40020751953125,90.9334487915039,21.2860050201416,103.05000305175781
2015-12-28,173.00399780273438,91.20215606689453,21.26094627380371,102.2699966430664
2015-12-29,174.85028076171875,89.68694305419922,21.31942367553711,102.19999694824219
2015-12-30,173.61099243164062,89.59733581542969,21.31942367553711,101.41999816894531
2015-12-31,171.87428283691406,90.00040435791016,21.428024291992188,101.45999908447266
2016-01-04,169.47158813476562,90.64982604980469,21.461441040039062,102.88999938964844
2016-01-05,169.75814819335938,90.28409576416016,21.586750030517578,103.18000030517578
2016-01-06,167.61685180664062,91.50066375732422,21.52827262878418,104.66999816894531
2016-01-07,163.59548950195312,91.66490936279297,21.311071395874023,106.1500015258789
2016-01-08,161.7996826171875,92.0754165649414,21.352840423583984,105.68000030517578
2016-01-11,161.95989990234375,91.06777954101562,21.453086853027344,104.73999786376953
2016-01-12,163.2666473388672,92.38140106201172,21.48650360107422,104.20999908447266
2016-01-13,159.1946563720703,93.29205322265625,21.453086853027344,104.72000122070312
2016-01-14,161.80813598632812,92.41876220703125,21.51156234741211,103.0199966430664
2016-01-15,158.33477783203125,93.85926818847656,21.461441040039062,104.08000183105469
2016-01-19,158.5454864501953,93.56819152832031,21.503211975097656,103.9800033569336
2016-01-20,156.5137939453125,94.553466796875,21.51156234741211,105.37000274658203
2016-01-21,157.39053344726562,93.91155242919922,21.48650360107422,105.48999786376953
2016-01-22,160.61941528320312,93.55329132080078,21.60346031188965,105.0
2016-01-25,158.1914520263672,94.06080627441406,21.53662872314453,106.08000183105469
2016-01-26,160.34970092773438,94.10564422607422,21.494855880737305,107.29000091552734
2016-01-27,158.60452270507812,94.08322143554688,21.4781494140625,107.69000244140625
2016-01-28,159.4307403564453,94.21760559082031,21.377901077270508,106.54000091552734
2016-01-29,163.3172149658203,95.01619720458984,21.60346031188965,106.94999694824219
2016-02-01,163.25820922851562,94.72530364990234,21.461441040039062,108.05000305175781
2016-02-02,160.3159637451172,96.48265075683594,21.444734573364258,108.08999633789062
2016-02-03,161.27700805664062,95.6824951171875,21.077157974243164,109.25
2016-02-04,161.52996826171875,96.14613342285156,20.935136795043945,110.56999969482422
2016-02-05,158.4528350830078,96.25836181640625,21.02703285217285,112.31999969482422
2016-02-08,156.31983947753906,98.3298110961914,20.976909637451172,113.83000183105469
2016-02-09,156.32826232910156,98.43444061279297,20.826536178588867,113.58000183105469
2016-02-10,156.193359375,99.30189514160156,20.78476333618164,114.45999908447266
2016-02-11,154.16160583496094,99.9974365234375,20.726289749145508,119.05999755859375
2016-02-12,157.33993530273438,98.33727264404297,20.818185806274414,118.36000061035156
2016-02-16,159.99557495117188,97.2978286743164,21.001972198486328,114.7699966430664
2016-02-17,162.6090850830078,96.69951629638672,20.99361801147461,115.4800033569336
2016-02-18,161.9430694580078,97.88855743408203,21.001972198486328,118.29000091552734
2016-02-19,161.86715698242188,97.9708023071289,20.943490982055664,117.58000183105469
2016-02-22,164.21084594726562,97.91846466064453,21.102218627929688,115.48999786376953
2016-02-23,162.13693237304688,98.3147964477539,21.110572814941406,117.22000122070312
2016-02-24,162.87887573242188,98.1203384399414,21.127281188964844,117.61000061035156
2016-02-25,164.85153198242188,98.47181701660156,21.110572814941406,117.91999816894531
2016-02-26,164.47218322753906,97.52214813232422,21.252588272094727,117.11000061035156
2016-02-29,163.18234252929688,97.94842529296875,21.294361114501953,118.63999938964844
2016-03-01,167.0182342529297,96.2236328125,21.30271339416504,117.7699966430664
2016-03-02,167.7685546875,96.6207504272461,21.2860050201416,118.68000030517578
2016-03-03,168.42613220214844,96.9729232788086,21.152341842651367,120.7300033569336
2016-03-04,168.97415161132812,96.35103607177734,21.09386444091797,120.54000091552734
2016-03-07,169.10902404785156,96.32096862792969,21.05209732055664,121.13999938964844
2016-03-08,167.26272583007812,97.38496398925781,21.060449600219727,120.58000183105469
2016-03-09,168.08895874023438,96.79305267333984,21.068803787231445,119.58000183105469
2016-03-10,168.22381591796875,96.3959732055664,20.859949111938477,121.5
2016-03-11,170.9384765625,95.42200469970703,20.843244552612305,119.41000366210938
2016-03-14,170.71926879882812,95.72169494628906,20.92678451538086,117.87000274658203
2016-03-15,170.44107055664062,95.81156158447266,20.943490982055664,117.95999908447266
2016-03-16,171.4274444580078,96.0963134765625,20.717931747436523,120.58999633789062
2016-03-17,172.51499938964844,96.49340057373047,20.53414535522461,120.12999725341797
2016-03-18,173.19287109375,96.69568634033203,20.584270477294922,119.80000305175781
2016-03-21,173.43869018554688,95.95391082763672,20.651100158691406,118.95999908447266
2016-03-22,173.345458984375,95.93143463134766,20.709583282470703,119.30999755859375
2016-03-23,172.2014617919922,97.0177993774414,20.818185806274414,116.61000061035156
2016-03-24,172.12513732910156,97.05528259277344,20.826536178588867,116.33000183105469
2016-03-28,172.2268829345703,97.18267822265625,20.78476333618164,116.5999984741211
2016-03-29,173.8199920654297,98.20166015625,20.600976943969727,118.76000213623047
2016-03-30,174.58265686035156,97.16767120361328,20.53414535522461,117.0999984741211
2016-03-31,174.15895080566406,97.85700988769531,20.500728607177734,117.63999938964844
2016-04-01,175.34523010253906,98.11219787597656,20.49237823486328,116.93000030517578
2016-04-04,174.777587890625,98.17227935791016,20.47566795349121,116.1500015258789
2016-04-05,173.0319366455078,99.24591827392578,20.49237823486328,117.66000366210938
2016-04-06,174.92160034179688,98.52513122558594,20.450605392456055,116.94000244140625
2016-04-07,172.82852172851562,99.74142456054688,20.47566795349121,118.61000061035156
2016-04-08,173.29458618164062,99.1107406616211,20.400482177734375,118.43000030517578
2016-04-11,172.88784790039062,98.98314666748047,20.350360870361328,120.02999877929688
2016-04-12,174.4978790283203,98.29997253417969,20.350360870361328,120.05000305175781
2016-04-13,176.26051330566406,98.64530181884766,20.509084701538086,118.7699966430664
2016-04-14,176.26902770996094,98.17227935791016,20.55921173095703,117.11000061035156
2016-04-15,176.07408142089844,99.01322937011719,20.500728607177734,117.91999816894531
2016-04-18,177.31129455566406,98.5852279663086,20.458959579467773,117.73999786376953
2016-04-19,177.8706512451172,98.27739715576172,20.358713150024414,119.58000183105469
2016-04-20,178.04010009765625,97.19629669189453,20.47566795349121,118.97000122070312
2016-04-21,177.08253479003906,96.6181869506836,20.47566795349121,119.41999816894531
2016-04-22,177.08253479003906,96.37043762207031,20.59262466430664,117.88999938964844
2016-04-25,176.77743530273438,95.97249603271484,20.52579116821289,118.2300033569336
2016-04-26,177.0401153564453,95.53704833984375,20.467313766479492,118.69999694824219
2016-04-27,177.40451049804688,96.49053955078125,20.442249298095703,119.04000091552734
2016-04-28,175.79446411132812,96.88845825195312,20.27517318725586,121.29000091552734
2016-04-29,174.8453826904297,97.13623809814453,20.133155822753906,123.6500015258789
2016-05-02,176.23509216308594,96.15824890136719,20.057968139648438,123.23999786376953
2016-05-03,174.7013397216797,97.36946868896484,20.116445541381836,122.95999908447266
2016-05-04,173.7267608642578,97.90357208251953,20.191633224487305,122.20999908447266
2016-05-05,173.69284057617188,98.55804443359375,20.29187774658203,122.06999969482422
2016-05-06,174.32843017578125,98.13677215576172,20.31694221496582,123.18000030517578
2016-05-09,174.47251892089844,98.44519805908203,20.37541961669922,120.6500015258789
2016-05-10,176.641845703125,98.45275115966797,20.39212989807129,120.9800033569336
2016-05-11,174.98944091796875,99.00946807861328,20.29187774658203,122.12000274658203
2016-05-12,175.04022216796875,98.55804443359375,20.3670654296875,121.16000366210938
2016-05-13,173.514892578125,99.51346588134766,20.458959579467773,121.70999908447266
2016-05-16,175.2266845703125,98.65583801269531,20.450605392456055,121.80000305175781
2016-05-17,173.59115600585938,98.82135772705078,20.450605392456055,122.22000122070312
2016-05-18,173.64207458496094,97.41458129882812,20.59262466430664,120.0999984741211
2016-05-19,173.0403594970703,97.83585357666016,20.626041412353516,119.87000274658203
2016-05-20,174.13352966308594,97.91110229492188,20.626041412353516,119.70999908447266
2016-05-23,173.896240234375,98.12923431396484,20.617687225341797,119.37000274658203
2016-05-24,176.150390625,97.69294738769531,20.68451690673828,117.30000305175781
2016-05-25,177.34521484375,97.32428741455078,20.626041412353516,116.9800033569336
2016-05-26,177.3960418701172,97.82833862304688,20.59262466430664,116.58000183105469
2016-05-27,178.15870666503906,97.68540954589844,20.709583282470703,115.62000274658203
2016-05-31,177.8197784423828,97.91861724853516,20.751352310180664,116.05999755859375
2016-06-01,178.1841278076172,98.31586456298828,20.634395599365234,115.94000244140625
2016-06-02,178.7265167236328,99.02447509765625,20.659456253051758,115.66999816894531
2016-06-03,178.19264221191406,100.43421173095703,20.33365249633789,118.87999725341797
2016-06-06,179.09930419921875,99.68791961669922,20.33365249633789,118.91999816894531
2016-06-07,179.37896728515625,99.92911529541016,20.300235748291016,118.81999969482422
2016-06-08,179.96365356445312,100.46434020996094,20.241756439208984,120.58000183105469
2016-06-09,179.71795654296875,101.11266326904297,20.33365249633789,121.25
2016-06-10,178.0146484375,101.60259246826172,20.467313766479492,121.73999786376953
2016-06-13,176.641845703125,102.05493927001953,20.41718864440918,122.63999938964844
2016-06-14,176.29437255859375,101.97956848144531,20.542503356933594,122.7699966430664
2016-06-15,176.04861450195312,102.3715591430664,20.49237823486328,123.68000030517578
2016-06-16,176.57408142089844,102.86907196044922,20.467313766479492,122.37999725341797
2016-06-17,175.9164276123047,102.22831726074219,20.37541961669922,123.94999694824219
2016-06-20,177.0493621826172,101.13521575927734,20.258464813232422,123.20999908447266
2016-06-21,177.55194091796875,100.66786193847656,20.358713150024414,120.83999633789062
2016-06-22,177.26234436035156,100.83369445800781,20.26681900024414,120.9000015258789
2016-06-23,179.57077026367188,99.68033599853516,20.174924850463867,120.11000061035156
2016-06-24,173.12252807617188,102.3564682006836,20.70122718811035,126.0
2016-06-27,170.02195739746094,104.91201782226562,20.87666130065918,126.68000030517578
2016-06-28,173.0884246826172,105.13056945800781,20.776412963867188,125.31999969482422
2016-06-29,176.03573608398438,104.32402038574219,20.709583282470703,125.83999633789062
2016-06-30,178.4377899169922,104.70845794677734,20.751352310180664,126.47000122070312
2016-07-01,178.8126220703125,106.1622543334961,20.68451690673828,128.41000366210938
2016-07-05,177.52642822265625,107.49148559570312,20.826536178588867,129.47000122070312
2016-07-06,178.5911407470703,107.66514587402344,20.76805877685547,130.22999572753906
2016-07-07,178.48040771484375,107.6576156616211,20.818185806274414,129.74000549316406
2016-07-08,181.1381378173828,108.45057678222656,20.826536178588867,130.52000427246094
2016-07-11,181.77696228027344,107.49897003173828,20.8850154876709,129.2899932861328
2016-07-12,183.0972442626953,105.73175811767578,20.868305206298828,127.1500015258789
2016-07-13,183.0717315673828,106.9779052734375,20.818185806274414,128.32000732421875
2016-07-14,184.0938720703125,105.4221420288086,20.76805877685547,127.33000183105469
2016-07-15,183.84683227539062,104.51585388183594,20.851598739624023,126.83999633789062
2016-07-18,184.34091186523438,104.41767120361328,20.868305206298828,127.04000091552734
2016-07-19,184.15350341796875,105.00680541992188,20.968557357788086,127.20999908447266
2016-07-20,184.92010498046875,104.43280029296875,20.985265731811523,125.38999938964844
2016-07-21,184.22164916992188,104.64423370361328,20.951845169067383,127.30000305175781
2016-07-22,185.04788208007812,104.8255386352539,21.060449600219727,126.3499984741211
2016-07-25,184.5453338623047,104.74994659423828,21.02703285217285,125.47000122070312
2016-07-26,184.63046264648438,104.91612243652344,21.001972198486328,126.0
2016-07-27,184.43458557128906,106.22267150878906,20.90172576904297,128.02999877929688
2016-07-28,184.64756774902344,106.02631378173828,20.893367767333984,127.66000366210938
2016-07-29,184.94569396972656,106.909912109375,20.609333038330078,128.97999572753906
2016-08-01,184.79241943359375,105.7508316040039,20.66781234741211,129.22000122070312
2016-08-02,183.60836791992188,104.66127014160156,20.52579116821289,130.27000427246094
2016-08-03,184.14500427246094,104.72181701660156,20.64274787902832,129.64999389648438
2016-08-04,184.34091186523438,105.50868225097656,20.676164627075195,129.8699951171875
2016-08-05,185.84864807128906,104.41160583496094,20.78476333618164,127.55000305175781
2016-08-08,185.73788452148438,104.60836791992188,20.80147361755371,127.44000244140625
2016-08-09,185.84864807128906,105.63729858398438,20.75970458984375,127.95999908447266
2016-08-10,185.38861083984375,106.0458755493164,20.651100158691406,128.55999755859375
2016-08-11,186.24896240234375,105.10012817382812,20.709583282470703,127.66999816894531
2016-08-12,186.0871124267578,105.98538208007812,20.676164627075195,127.4000015258789
2016-08-15,186.62376403808594,104.98664093017578,20.64274787902832,127.83999633789062
2016-08-16,185.66116333007812,104.70668029785156,20.458959579467773,128.47000122070312
2016-08-17,186.01040649414062,105.33464050292969,20.47566795349121,128.5
2016-08-18,186.4278106689453,105.50108337402344,20.32529640197754,129.11000061035156
2016-08-19,186.15525817871094,104.9488296508789,20.400482177734375,127.97000122070312
2016-08-22,186.14674377441406,105.83402252197266,20.42554473876953,127.77999877929688
2016-08-23,186.5215606689453,105.94754028320312,20.408838272094727,127.76000213623047
2016-08-24,185.5675048828125,105.69782257080078,20.467313766479492,126.33999633789062
2016-08-25,185.43971252441406,105.2968521118164,20.467313766479492,126.2300033569336
2016-08-26,185.0904998779297,104.68403625488281,20.617687225341797,126.05000305175781
2016-08-29,186.00196838378906,106.08370971679688,20.634395599365234,126.30000305175781
2016-08-30,185.6953125,105.67511749267578,20.742998123168945,125.02999877929688
2016-08-31,185.1671600341797,105.82645416259766,20.734642028808594,124.77999877929688
2016-09-01,185.1757049560547,105.9432144165039,20.659456253051758,125.29000091552734
2016-09-02,186.01040649414062,105.07908630371094,20.709583282470703,126.56999969482422
2016-09-06,186.5726318359375,105.84469604492188,20.467313766479492,128.7100067138672
2016-09-07,186.5555877685547,105.76887512207031,20.500728607177734,128.27000427246094
2016-09-08,186.12973022460938,104.44233703613281,20.52579116821289,127.58999633789062
2016-09-09,181.67471313476562,102.72175598144531,20.584270477294922,126.75
2016-09-12,184.28126525878906,102.77486419677734,20.550853729248047,126.58999633789062
2016-09-13,181.63211059570312,101.60759735107422,20.634395599365234,125.75
2016-09-14,181.56402587890625,101.75911712646484,20.584270477294922,126.18000030517578
2016-09-15,183.3783721923828,101.3194808959961,20.575916290283203,125.37000274658203
2016-09-16,182.6694793701172,102.13813781738281,20.742998123168945,125.05999755859375
2016-09-19,182.70370483398438,101.80461883544922,20.692874908447266,125.31999969482422
2016-09-20,182.71231079101562,102.16089630126953,20.726289749145508,125.44000244140625
2016-09-21,184.76698303222656,102.98709106445312,20.634395599365234,127.2699966430664
2016-09-22,185.9313201904297,103.80571746826172,20.609333038330078,127.56999969482422
2016-09-23,184.9125213623047,103.70719146728516,20.617687225341797,127.6500015258789
2016-09-26,183.41432189941406,104.36659240722656,20.575916290283203,127.55000305175781
2016-09-27,184.55296325683594,105.13216400146484,20.59262466430664,126.62000274658203
2016-09-28,185.46896362304688,104.90474700927734,20.609333038330078,126.22000122070312
2016-09-29,183.7909698486328,105.1700439453125,20.626041412353516,126.06999969482422
2016-09-30,185.1778564453125,104.23019409179688,20.617687225341797,125.63999938964844
2016-10-03,184.7327117919922,103.88611602783203,20.659456253051758,125.31999969482422
2016-10-04,183.7909698486328,102.67125701904297,20.751352310180664,120.97000122070312
2016-10-05,184.60433959960938,102.19287872314453,20.776412963867188,120.77999877929688
2016-10-06,184.7327117919922,101.62337493896484,20.8850154876709,119.66000366210938
2016-10-07,184.09918212890625,101.69164276123047,20.851598739624023,119.73999786376953
2016-10-10,185.05804443359375,101.09182739257812,20.935136795043945,120.16000366210938
2016-10-11,182.7208251953125,100.86402893066406,21.09386444091797,119.55000305175781
2016-10-12,182.9605712890625,100.96270751953125,21.152341842651367,119.73999786376953
2016-10-13,182.3612518310547,101.34236145019531,21.077157974243164,120.02999877929688
2016-10-14,182.4554443359375,99.92237854003906,21.185760498046875,119.36000061035156
2016-10-17,181.82191467285156,100.56024932861328,21.13563346862793,119.68000030517578
2016-10-18,182.9605712890625,100.88675689697266,21.152341842651367,120.41999816894531
2016-10-19,183.4485321044922,100.97025299072266,21.16069793701172,121.11000061035156
2016-10-20,183.1060791015625,101.07661437988281,21.227527618408203,120.73999786376953
2016-10-21,183.1916961669922,101.22852325439453,21.30271339416504,120.83000183105469
2016-10-24,183.97076416015625,100.7880630493164,21.327777862548828,120.55999755859375
2016-10-25,183.35435485839844,101.05377197265625,21.31942367553711,121.47000122070312
2016-10-26,182.9862518310547,100.37042236328125,21.311071395874023,120.79000091552734
2016-10-27,182.49826049804688,99.27694702148438,21.352840423583984,121.01000213623047
2016-10-28,181.95889282226562,99.05671691894531,21.227527618408203,121.58000183105469
2016-10-31,181.96743774414062,99.66422271728516,21.235883712768555,121.94000244140625
2016-11-01,180.64903259277344,99.67181396484375,21.127281188964844,122.7300033569336
2016-11-02,179.56175231933594,100.10547637939453,21.05209732055664,123.63999938964844
2016-11-03,178.73988342285156,99.33702087402344,20.99361801147461,124.30000305175781
2016-11-04,178.5430145263672,100.22721862792969,20.935136795043945,124.38999938964844
2016-11-07,182.48114013671875,99.37511444091797,21.110572814941406,122.1500015258789
2016-11-08,183.3030548095703,98.97185516357422,21.169048309326172,121.63999938964844
2016-11-09,185.2464141845703,94.77230072021484,21.30271339416504,121.55999755859375
2016-11-10,185.70864868164062,93.3724365234375,21.344484329223633,119.75
2016-11-11,185.28062438964844,92.84748077392578,21.377901077270508,117.0999984741211
2016-11-14,185.42611694335938,92.29210662841797,21.586750030517578,116.11000061035156
2016-11-15,186.8730010986328,92.74860382080078,21.620166778564453,117.12000274658203
2016-11-16,186.5220184326172,93.58546447753906,21.678646087646484,116.7699966430664
2016-11-17,187.48086547851562,92.20838928222656,21.803956985473633,116.16999816894531
2016-11-18,187.06134033203125,91.942138671875,21.879140853881836,115.1500015258789
2016-11-21,188.4739227294922,92.17037200927734,21.79560089111328,115.58000183105469
2016-11-22,188.84210205078125,92.13993072509766,21.829017639160156,115.54000091552734
2016-11-23,188.9447784423828,91.7823486328125,21.962684631347656,113.25
2016-11-25,189.64686584472656,91.9192886352539,21.920909881591797,112.61000061035156
2016-11-28,188.75645446777344,92.596435546875,21.8624324798584,113.80000305175781
2016-11-29,189.12457275390625,92.98444366455078,21.81231117248535,113.2699966430664
2016-11-30,188.6708526611328,91.47809600830078,21.929264068603516,111.75
2016-12-01,187.9774169921875,90.5121841430664,21.81231117248535,111.54000091552734
2016-12-02,188.0715789794922,91.1754150390625,21.76218605041504,112.13999938964844
2016-12-05,189.20167541503906,91.07630920410156,21.620166778564453,111.54000091552734
2016-12-06,189.80091857910156,91.0077133178711,21.70370864868164,111.43000030517578
2016-12-07,192.28367614746094,91.78527069091797,21.636877059936523,111.83000183105469
2016-12-08,192.75450134277344,90.70274353027344,21.829017639160156,111.56999969482422
2016-12-09,193.91888427734375,89.57451629638672,21.920909881591797,110.4000015258789
2016-12-12,193.6962432861328,89.74220275878906,21.79560089111328,110.81999969482422
2016-12-13,194.989013671875,90.06243133544922,21.820661544799805,110.44999694824219
2016-12-14,193.3794708251953,89.05609130859375,22.02951431274414,108.83000183105469
2016-12-15,194.17568969726562,89.50588989257812,22.27178192138672,107.33999633789062
2016-12-16,193.79592895507812,89.30004119873047,22.19659423828125,108.05000305175781
2016-12-19,194.21788024902344,90.26055908203125,22.263423919677734,108.58999633789062
2016-12-20,194.9671173095703,89.81083679199219,22.305194854736328,107.79000091552734
2016-12-21,194.42459106445312,90.20723724365234,22.23836326599121,107.8499984741211
2016-12-22,194.08868408203125,90.04595184326172,22.263423919677734,107.58999633789062
2016-12-23,194.37290954589844,90.2293930053711,22.246715545654297,107.93000030517578
2016-12-27,194.8551483154297,89.93895721435547,22.23836326599121,108.55999755859375
2016-12-28,193.24476623535156,90.59628295898438,22.296842575073242,108.86000061035156
2016-12-29,193.20176696777344,90.91730499267578,22.171533584594727,110.29000091552734
2016-12-30,192.4955596923828,91.05487823486328,22.104698181152344,109.61000061035156
2017-01-03,193.9681396484375,91.44470977783203,22.305194854736328,110.47000122070312
2017-01-04,195.1220703125,91.7962875366211,22.13811492919922,110.86000061035156
2017-01-05,194.9671173095703,93.23323822021484,21.90420150756836,112.58000183105469
2017-01-06,195.6646728515625,92.37715148925781,22.062929153442383,111.75
2017-01-09,195.0187530517578,93.11858367919922,22.00444793701172,112.66999816894531
2017-01-10,195.0187530517578,93.05745697021484,22.012805938720703,113.1500015258789
2017-01-11,195.5698699951172,93.3708267211914,21.962684631347656,113.5
2017-01-12,195.07904052734375,93.1644058227539,21.879140853881836,113.91000366210938
2017-01-13,195.52687072753906,92.72112274169922,21.85407829284668,114.20999908447266
2017-01-17,194.837890625,93.69182586669922,21.653581619262695,115.8499984741211
2017-01-18,195.2684783935547,92.49182891845703,21.85407829284668,114.87000274658203
2017-01-19,194.54515075683594,91.85746765136719,21.820661544799805,114.7699966430664
2017-01-20,195.25990295410156,91.67400360107422,21.74547576904297,115.05000305175781
2017-01-23,194.75180053710938,92.59117126464844,21.628522872924805,115.79000091552734
2017-01-24,196.00045776367188,91.9568099975586,21.636877059936523,115.2699966430664
2017-01-25,197.69700622558594,90.80262756347656,21.561687469482422,114.31999969482422
2017-01-26,197.4903106689453,91.1083984375,21.70370864868164,113.26000213623047
2017-01-27,197.18032836914062,91.43705749511719,21.712060928344727,113.48999786376953
2017-01-30,195.9574432373047,91.1618881225586,21.670289993286133,113.97000122070312
2017-01-31,195.9402313232422,91.7962875366211,21.494855880737305,115.55000305175781
2017-02-01,196.0177001953125,91.22869873046875,21.51156234741211,115.19999694824219
2017-02-02,196.14688110351562,91.19036865234375,21.54498291015625,115.83999633789062
2017-02-03,197.49884033203125,91.15203857421875,21.53662872314453,116.12999725341797
2017-02-06,197.1458740234375,91.70359802246094,21.553335189819336,117.69999694824219
2017-02-07,197.1544189453125,92.37767028808594,21.661935806274414,117.45999908447266
2017-02-08,197.41278076171875,93.63386535644531,21.636877059936523,118.19000244140625
2017-02-09,198.583984375,92.55384063720703,21.720417022705078,117.29000091552734
2017-02-10,199.3676300048828,92.5002212524414,21.74547576904297,117.5999984741211
2017-02-13,200.45272827148438,92.20912170410156,21.79560089111328,116.80000305175781
2017-02-14,201.2535858154297,91.54275512695312,21.845726013183594,116.93000030517578
2017-02-15,202.30422973632812,91.1214828491211,21.803956985473633,117.44999694824219
2017-02-16,202.13194274902344,91.61932373046875,21.678646087646484,118.08000183105469
2017-02-17,202.45057678222656,92.16320037841797,21.787248611450195,117.68000030517578
2017-02-21,203.6562042236328,92.00235748291016,21.887496948242188,117.75
2017-02-22,203.4754180908203,92.15550994873047,21.837369918823242,117.91000366210938
2017-02-23,203.6132049560547,92.43128204345703,21.787248611450195,118.94000244140625
2017-02-24,203.87149047851562,93.45771026611328,21.829017639160156,119.69999694824219
2017-02-27,204.19015502929688,92.90620422363281,21.829017639160156,119.12000274658203
2017-02-28,203.63902282714844,93.25090026855469,21.81231117248535,119.2300033569336
2017-03-01,206.48941040039062,91.68831634521484,21.962684631347656,119.05999755859375
2017-03-02,205.18910217285156,91.35834503173828,22.054576873779297,117.58000183105469
2017-03-03,205.31825256347656,91.59628295898438,21.8624324798584,117.51000213623047
2017-03-06,204.70687866210938,91.15878295898438,21.937618255615234,116.72000122070312
2017-03-07,204.095458984375,90.88253784179688,21.962684631347656,115.77999877929688
2017-03-08,203.7164764404297,90.39131927490234,22.03786849975586,115.05999755859375
2017-03-09,203.97482299804688,89.66990661621094,21.9960994720459,114.47000122070312
2017-03-10,204.68959045410156,89.98457336425781,21.845726013183594,114.72000122070312
2017-03-13,204.79296875,89.41666412353516,21.879140853881836,114.73999786376953
2017-03-14,204.00929260253906,89.84650421142578,21.954326629638672,114.12000274658203
2017-03-15,205.77474975585938,90.94390869140625,21.69535255432129,116.25
2017-03-16,205.3699493408203,90.48345947265625,21.620166778564453,116.7300033569336
2017-03-17,205.00929260253906,91.05137634277344,21.628522872924805,116.98999786376953
2017-03-20,204.78439331054688,91.44274139404297,21.636877059936523,117.51000213623047
2017-03-21,202.15504455566406,92.2025375366211,21.503211975097656,118.54000091552734
2017-03-22,202.63072204589844,92.5708999633789,21.48650360107422,118.83000183105469
2017-03-23,202.41453552246094,92.4404525756836,21.51156234741211,118.66999816894531
2017-03-24,202.26751708984375,92.77045440673828,21.503211975097656,118.86000061035156
2017-03-27,202.05990600585938,93.19256591796875,21.386255264282227,119.52999877929688
2017-03-28,203.53028869628906,92.5708999633789,21.503211975097656,119.04000091552734
2017-03-29,203.72055053710938,93.12352752685547,21.54498291015625,119.33000183105469
2017-03-30,204.3691864013672,92.371337890625,21.687000274658203,118.47000122070312
2017-03-31,203.89356994628906,92.6399917602539,21.678646087646484,118.72000122070312
2017-04-03,203.53892517089844,93.57442474365234,21.678646087646484,119.3499984741211
2017-04-04,203.6686553955078,93.06684112548828,21.70370864868164,119.62000274658203
2017-04-05,203.06321716308594,93.35138702392578,21.69535255432129,119.62000274658203
2017-04-06,203.63406372070312,93.21295166015625,21.74547576904297,119.18000030517578
2017-04-07,203.4264678955078,92.83614349365234,21.845726013183594,119.45999908447266
2017-04-10,203.54754638671875,93.26678466796875,21.803956985473633,119.45999908447266
2017-04-11,203.30540466308594,94.15125274658203,21.737123489379883,121.19000244140625
2017-04-12,202.41453552246094,94.66653442382812,21.628522872924805,122.0199966430664
2017-04-13,201.0999298095703,94.95874786376953,21.70370864868164,122.5999984741211
2017-04-17,202.88160705566406,94.66653442382812,21.645227432250977,122.23999786376953
2017-04-18,202.2761688232422,95.90473175048828,21.461441040039062,122.81999969482422
2017-04-19,201.90423583984375,95.38179016113281,21.53662872314453,121.7300033569336
2017-04-20,203.54754638671875,95.01261138916016,21.54498291015625,121.95999908447266
2017-04-21,202.8988800048828,95.01261138916016,21.561687469482422,122.30999755859375
2017-04-24,205.13037109375,94.54349517822266,21.36119270324707,121.4800033569336
2017-04-25,206.3239288330078,93.40524291992188,21.30271339416504,120.25
2017-04-26,206.19418334960938,93.9205093383789,21.352840423583984,120.83999633789062
2017-04-27,206.36715698242188,93.88978576660156,21.386255264282227,120.38999938964844
2017-04-28,205.9174041748047,94.09744262695312,21.36119270324707,120.7699966430664
2017-05-01,206.43634033203125,93.31513977050781,21.377901077270508,119.66999816894531
2017-05-02,206.51419067382812,93.7929916381836,21.344484329223633,119.6500015258789
2017-05-03,206.2633514404297,93.85466003417969,21.428024291992188,117.9800033569336
2017-05-04,206.50558471679688,93.39221954345703,21.294361114501953,116.79000091552734
2017-05-05,207.31851196289062,93.47701263427734,21.26094627380371,117.01000213623047
2017-05-08,207.28399658203125,92.96833038330078,21.377901077270508,116.75
2017-05-09,207.09371948242188,92.96064758300781,21.48650360107422,116.05000305175781
2017-05-10,207.46559143066406,92.85273742675781,21.494855880737305,116.04000091552734
2017-05-11,207.04180908203125,92.85273742675781,21.503211975097656,116.5
2017-05-12,206.6958465576172,93.5540542602539,21.394611358642578,116.83000183105469
2017-05-15,207.83750915527344,93.29973602294922,21.336132049560547,117.13999938964844
2017-05-16,207.6472625732422,93.64654541015625,21.177404403686523,117.6500015258789
2017-05-17,203.96273803710938,95.01068115234375,21.035388946533203,119.79000091552734
2017-05-18,204.78439331054688,95.11856079101562,21.110572814941406,118.80999755859375
2017-05-19,206.11631774902344,95.3420639038086,20.9601993560791,119.4000015258789
2017-05-22,207.16282653808594,95.08003997802734,20.92678451538086,119.9000015258789
2017-05-23,207.6212921142578,94.44037628173828,21.0186767578125,119.13999938964844
2017-05-24,208.10560607910156,94.97216796875,20.951845169067383,119.61000061035156
2017-05-25,209.10028076171875,95.00298309326172,20.976909637451172,119.4800033569336
2017-05-26,209.05706787109375,95.16484832763672,21.02703285217285,120.54000091552734
2017-05-30,208.8754119873047,95.63494110107422,21.001972198486328,120.13999938964844
2017-05-31,208.82351684570312,95.87380981445312,20.951845169067383,120.62000274658203
2017-06-01,210.4841766357422,95.8838882446289,20.976909637451172,120.72000122070312
2017-06-02,211.18470764160156,97.01924896240234,20.87666130065918,121.61000061035156
2017-06-05,211.02906799316406,96.41677856445312,20.893367767333984,121.7300033569336
2017-06-06,210.35443115234375,96.94196319580078,20.843244552612305,123.0999984741211
2017-06-07,210.74359130859375,96.47858428955078,20.868305206298828,122.44999694824219
2017-06-08,210.84742736816406,96.22374725341797,20.943490982055664,121.6500015258789
2017-06-09,210.5274200439453,96.07696533203125,21.01032257080078,120.54000091552734
2017-06-12,210.4841766357422,96.04605865478516,20.976909637451172,120.36000061035156
2017-06-13,211.51336669921875,96.0615234375,20.951845169067383,120.4800033569336
2017-06-14,211.24525451660156,97.54438018798828,20.935136795043945,119.81999969482422
2017-06-15,210.8387451171875,97.3899154663086,21.060449600219727,119.31999969482422
2017-06-16,210.88482666015625,97.58296203613281,20.985265731811523,119.33999633789062
2017-06-19,212.64047241210938,97.44400787353516,21.077157974243164,118.43000030517578
2017-06-20,211.20639038085938,98.31671905517578,21.110572814941406,118.18000030517578
2017-06-21,211.15423583984375,98.51753997802734,21.068803787231445,118.5199966430664
2017-06-22,211.0586700439453,98.73372650146484,21.077157974243164,118.91999816894531
2017-06-23,211.31065368652344,98.68742370605469,21.01032257080078,119.43000030517578
2017-06-26,211.4497528076172,99.05812072753906,21.043739318847656,118.36000061035156
2017-06-27,209.74623107910156,98.00005340576172,20.80982780456543,118.80999755859375
2017-06-28,211.62359619140625,97.67569732666016,20.742998123168945,118.9000015258789
2017-06-29,209.76361083984375,96.85706329345703,20.64274787902832,118.31999969482422
2017-06-30,210.15475463867188,96.63304138183594,20.676164627075195,118.0199966430664
2017-07-03,210.5111083984375,96.32190704345703,20.80147361755371,116.08999633789062
2017-07-05,210.99786376953125,96.34518432617188,20.80982780456543,116.5199966430664
2017-07-06,209.06829833984375,95.5479965209961,20.717931747436523,116.47000122070312
2017-07-07,210.42420959472656,94.97532653808594,20.751352310180664,115.27999877929688
2017-07-10,210.65013122558594,95.1146011352539,20.75970458984375,115.47000122070312
2017-07-11,210.49368286132812,95.27717590332031,20.68451690673828,115.62000274658203
2017-07-12,212.0755157470703,95.9349594116211,20.68451690673828,116.02999877929688
2017-07-13,212.4318389892578,95.33132934570312,20.692874908447266,115.81999969482422
2017-07-14,213.42262268066406,95.44738006591797,20.567562103271484,116.7699966430664
2017-07-17,213.39659118652344,95.71057891845703,20.567562103271484,117.29000091552734
2017-07-18,213.50955200195312,96.5463638305664,20.458959579467773,118.11000061035156
2017-07-19,214.66549682617188,96.5850601196289,20.509084701538086,118.08000183105469
2017-07-20,214.76112365722656,96.86368560791016,20.383773803710938,118.23999786376953
2017-07-21,214.56991577148438,97.27384185791016,20.31694221496582,119.26000213623047
2017-07-24,214.51776123046875,96.89464569091797,20.32529640197754,119.30999755859375
2017-07-25,215.03921508789062,95.6331558227539,20.358713150024414,118.91999816894531
2017-07-26,215.04791259765625,95.7879409790039,20.241756439208984,119.87999725341797
2017-07-27,214.84803771972656,95.31587219238281,20.31694221496582,119.79000091552734
2017-07-28,214.59596252441406,95.88078308105469,20.191633224487305,120.69000244140625
2017-07-31,214.47430419921875,95.9968490600586,20.108091354370117,120.75
2017-08-01,214.9523468017578,96.6708984375,20.14150619506836,120.6500015258789
2017-08-02,215.056640625,96.72518920898438,20.116445541381836,120.4000015258789
2017-08-03,214.63941955566406,97.72572326660156,20.06632423400879,120.58999633789062
2017-08-04,215.0305633544922,96.89579010009766,20.241756439208984,119.6500015258789
2017-08-07,215.4303436279297,97.00437927246094,20.233400344848633,119.51000213623047
2017-08-08,214.90017700195312,96.65535736083984,20.26681900024414,119.86000061035156
2017-08-09,214.89151000976562,97.18279266357422,20.250110626220703,121.30999755859375
2017-08-10,211.8582305908203,98.01266479492188,20.216693878173828,122.20999908447266
2017-08-11,212.17105102539062,98.0591812133789,20.14150619506836,122.79000091552734
2017-08-14,214.27439880371094,97.55506896972656,20.225046157836914,121.91999816894531
2017-08-15,214.24832153320312,97.14401245117188,20.31694221496582,120.9800033569336
2017-08-16,214.62210083007812,97.50078582763672,20.250110626220703,121.87000274658203
2017-08-17,211.27593994140625,98.22981262207031,20.29187774658203,122.48999786376953
2017-08-18,210.94564819335938,98.20657348632812,20.225046157836914,122.30000305175781
2017-08-21,211.11077880859375,98.44702911376953,20.16657066345215,122.76000213623047
2017-08-22,213.31838989257812,98.06698608398438,20.250110626220703,122.20999908447266
2017-08-23,212.55352783203125,98.73397827148438,20.16657066345215,122.66999816894531
2017-08-24,212.05810546875,98.36945343017578,20.208341598510742,122.29000091552734
2017-08-25,212.55352783203125,98.74950408935547,20.041259765625,122.73999786376953
2017-08-28,212.562255859375,98.68748474121094,19.9827823638916,124.69000244140625
2017-08-29,212.8056182861328,99.00540924072266,20.007844924926758,124.41999816894531
2017-08-30,213.8137664794922,98.9743881225586,20.133155822753906,124.36000061035156
2017-08-31,215.1001434326172,99.2691421508789,20.074674606323242,125.81999969482422
2017-09-01,215.40431213378906,98.50984954833984,20.116445541381836,126.05999755859375
2017-09-05,213.85723876953125,100.07199096679688,20.007844924926758,127.45999908447266
2017-09-06,214.5872802734375,99.4579849243164,19.99113655090332,126.80999755859375
2017-09-07,214.56121826171875,100.47611236572266,19.849119186401367,128.1300048828125
2017-09-08,214.30917358398438,100.25850677490234,19.798992156982422,127.97000122070312
2017-09-11,216.59500122070312,99.06163787841797,19.932659149169922,126.19000244140625
2017-09-12,217.32501220703125,98.54092407226562,19.92430305480957,126.55999755859375
2017-09-13,217.42933654785156,98.15232849121094,20.041259765625,125.61000061035156
2017-09-14,217.3597869873047,98.55644226074219,19.9827823638916,126.16000366210938
2017-09-15,217.65240478515625,98.59532165527344,19.915952682495117,125.52999877929688
2017-09-18,218.11537170410156,98.0279769897461,19.966073989868164,124.36000061035156
2017-09-19,218.33372497558594,97.78701782226562,19.907596588134766,124.62000274658203
2017-09-20,218.4122772216797,97.85700988769531,20.06632423400879,123.62000274658203
2017-09-21,217.8271484375,97.80256652832031,20.007844924926758,122.68000030517578
2017-09-22,217.8707733154297,98.08238220214844,19.99113655090332,123.23999786376953
2017-09-25,217.42530822753906,98.69635772705078,20.108091354370117,124.52999877929688
2017-09-26,217.55628967285156,98.51761627197266,20.174924850463867,123.13999938964844
2017-09-27,218.40354919433594,97.03316497802734,20.27517318725586,121.9800033569336
2017-09-28,218.66563415527344,96.74556732177734,20.216693878173828,122.20999908447266
2017-09-29,219.43421936035156,96.96319580078125,20.19998550415039,121.58000183105469
2017-10-02,220.3863067626953,96.78565216064453,20.31694221496582,120.7699966430664
2017-10-03,220.85797119140625,96.87909698486328,20.30858612060547,120.83000183105469
2017-10-04,221.12001037597656,96.88683319091797,20.283527374267578,121.16999816894531
2017-10-05,222.43011474609375,96.52083587646484,20.39212989807129,120.5199966430664
2017-10-06,222.1768035888672,96.2482681274414,20.358713150024414,121.08999633789062
2017-10-09,221.80996704101562,96.55201721191406,20.32529640197754,122.08000183105469
2017-10-10,222.3951873779297,96.70779418945312,20.216693878173828,122.4000015258789
2017-10-11,222.74453735351562,96.8946762084961,20.158212661743164,122.79000091552734
2017-10-12,222.4126739501953,97.30742645263672,20.19998550415039,122.88999938964844
2017-10-13,222.68341064453125,98.0082778930664,20.19998550415039,123.81999969482422
2017-10-16,222.9803924560547,97.93821716308594,20.250110626220703,122.97000122070312
2017-10-17,223.13758850097656,98.0628433227539,20.300235748291016,122.12999725341797
2017-10-18,223.35598754882812,97.41649627685547,20.27517318725586,121.66999816894531
2017-10-19,223.41714477539062,97.58777618408203,20.225046157836914,122.38999938964844
2017-10-20,224.57005310058594,96.55201721191406,20.342004776000977,121.61000061035156
2017-10-23,223.6966094970703,96.72333526611328,20.3670654296875,121.80000305175781
2017-10-24,224.0896453857422,96.12368774414062,20.400482177734375,121.33000183105469
2017-10-25,222.9803924560547,95.66419982910156,20.350360870361328,121.3499984741211
2017-10-26,223.2686004638672,95.3449478149414,20.567562103271484,120.33000183105469
2017-10-27,225.09413146972656,95.97572326660156,20.617687225341797,120.9000015258789
2017-10-30,224.255615234375,96.8946762084961,20.517438888549805,121.12999725341797
2017-10-31,224.60498046875,96.92581939697266,20.53414535522461,120.66999816894531
2017-11-01,224.90196228027344,97.35737609863281,20.575916290283203,121.11000061035156
2017-11-02,224.98928833007812,97.78665161132812,20.575916290283203,121.19000244140625
2017-11-03,225.74044799804688,98.05194091796875,20.626041412353516,120.62000274658203
2017-11-06,226.08987426757812,98.41876983642578,20.575916290283203,121.6500015258789
2017-11-07,225.93264770507812,98.83236694335938,20.609333038330078,121.20999908447266
2017-11-08,226.3169708251953,98.6138916015625,20.600976943969727,121.62999725341797
2017-11-09,225.49588012695312,98.33292388916016,20.517438888549805,122.12999725341797
2017-11-10,225.4259796142578,96.8501205444336,20.500728607177734,121.12999725341797
2017-11-13,225.63563537597656,97.05299377441406,20.517438888549805,121.30999755859375
2017-11-14,225.1116180419922,97.70858764648438,20.37541961669922,121.55999755859375
2017-11-15,223.98487854003906,98.76994323730469,20.3670654296875,121.41000366210938
2017-11-16,225.8889923095703,97.91146850585938,20.39212989807129,121.4000015258789
2017-11-17,225.22515869140625,98.63729858398438,20.33365249633789,122.86000061035156
2017-11-20,225.6094512939453,98.59823608398438,20.43389892578125,121.30999755859375
2017-11-21,227.08555603027344,98.9104232788086,20.408838272094727,121.51000213623047
2017-11-22,226.88465881347656,99.23041534423828,20.250110626220703,122.62999725341797
2017-11-24,227.40870666503906,98.95728302001953,20.158212661743164,122.31999969482422
2017-11-27,227.29519653320312,98.81675720214844,20.183279037475586,122.83000183105469
2017-11-28,229.60107421875,98.94945526123047,20.26681900024414,122.80999755859375
2017-11-29,229.46128845214844,97.9738998413086,20.258464813232422,122.04000091552734
2017-11-30,231.47018432617188,97.6461410522461,20.208341598510742,121.0999984741211
2017-12-01,230.9898223876953,98.96383666992188,20.191633224487305,121.58999633789062
2017-12-04,230.7103271484375,99.01078033447266,20.258464813232422,121.18000030517578
2017-12-05,229.88058471679688,99.50344848632812,20.29187774658203,120.31999969482422
2017-12-06,229.9241943359375,99.84751892089844,20.342004776000977,120.06999969482422
2017-12-07,230.649169921875,99.0655288696289,20.383773803710938,118.48999786376953
2017-12-08,231.90699768066406,99.07333374023438,20.41718864440918,118.4800033569336
2017-12-11,232.60572814941406,98.87004089355469,20.41718864440918,118.01000213623047
2017-12-12,233.01625061035156,98.8309097290039,20.450605392456055,118.1500015258789
2017-12-13,232.99008178710938,99.57381439208984,20.30858612060547,119.16999816894531
2017-12-14,232.03799438476562,99.9961166381836,20.32529640197754,118.93000030517578
2017-12-15,233.97024536132812,100.37146759033203,20.408838272094727,119.18000030517578
2017-12-18,235.4539031982422,99.45652770996094,20.377897262573242,119.7300033569336
2017-12-19,234.54971313476562,98.16616821289062,20.31936264038086,119.81999969482422
2017-12-20,234.42674255371094,97.07921600341797,20.294279098510742,120.13999938964844
2017-12-21,234.9095458984375,97.6449966430664,20.28591537475586,120.30999755859375
2017-12-22,234.8481903076172,97.77822875976562,20.294279098510742,120.94000244140625
2017-12-26,234.5672149658203,98.06816864013672,20.27755355834961,121.7699966430664
2017-12-27,234.68133544921875,99.34556579589844,20.235746383666992,122.2300033569336
2017-12-28,235.1642303466797,99.25933074951172,20.177209854125977,122.8499984741211
2017-12-29,234.27745056152344,99.41608428955078,20.09359359741211,123.6500015258789
2018-01-02,235.95428466796875,98.34244537353516,20.009973526000977,125.1500015258789
2018-01-03,237.44674682617188,98.81266021728516,20.08523178100586,124.81999969482422
2018-01-04,238.4475555419922,98.7969970703125,20.018339157104492,125.45999908447266
2018-01-05,240.03652954101562,98.51484680175781,20.035058975219727,125.33000183105469
2018-01-08,240.47544860839844,98.45216369628906,20.12704086303711,125.30999755859375
2018-01-09,241.0197296142578,97.13560485839844,20.168851852416992,124.7300033569336
2018-01-10,240.65106201171875,97.01810455322266,20.11867904663086,125.02999877929688
2018-01-11,242.40692138671875,97.41770935058594,20.035058975219727,125.44000244140625
2018-01-12,243.9871368408203,97.58232116699219,19.826013565063477,126.95999908447266
2018-01-16,243.15310668945312,97.98981475830078,19.717308044433594,127.16999816894531
2018-01-17,245.47073364257812,97.85658264160156,19.767480850219727,126.13999938964844
2018-01-18,245.05824279785156,96.94754028320312,19.742395401000977,125.86000061035156
2018-01-19,246.1731719970703,96.4381332397461,19.775842666625977,126.41999816894531
2018-01-22,248.17474365234375,96.53219604492188,19.708946228027344,126.6500015258789
2018-01-23,248.70144653320312,96.94754028320312,19.658777236938477,127.27999877929688
2018-01-24,248.60496520996094,96.42250061035156,19.466453552246094,128.8300018310547
2018-01-25,248.710205078125,97.21403503417969,19.491539001464844,127.97000122070312
2018-01-26,251.58985900878906,96.85348510742188,19.449729919433594,128.07000732421875
2018-01-29,249.92176818847656,96.17955780029297,19.499900817871094,127.3499984741211
2018-01-30,247.35826110839844,95.61531066894531,19.466453552246094,126.80000305175781
2018-01-31,247.4811553955078,96.17955780029297,19.441368103027344,127.6500015258789
2018-02-01,247.20028686523438,94.78565216064453,19.34102439880371,128.07000732421875
2018-02-02,241.81869506835938,93.9061050415039,19.458091735839844,126.38999938964844
2018-02-05,231.70526123046875,94.79348754882812,19.541711807250977,126.70999908447266
2018-02-06,236.2703399658203,94.20451354980469,19.58351707458496,125.37999725341797
2018-02-07,234.98863220214844,93.30928802490234,19.734031677246094,124.79000091552734
2018-02-08,226.17445373535156,93.20718383789062,19.734031677246094,124.9800033569336
2018-02-09,229.57196044921875,92.61821746826172,19.750755310058594,124.7699966430664
2018-02-12,232.94302368164062,93.0265884399414,19.683860778808594,125.37000274658203
2018-02-13,233.5224609375,93.44276428222656,19.57515525817871,126.08000183105469
2018-02-14,236.67416381835938,92.40620422363281,19.424640655517578,128.22999572753906
2018-02-15,239.69418334960938,92.72027587890625,19.34102439880371,128.3800048828125
2018-02-16,239.76438903808594,93.2228775024414,19.47481346130371,127.95999908447266
2018-02-20,238.2631072998047,92.81452941894531,19.600242614746094,126.23999786376953
2018-02-21,237.0780029296875,91.67583465576172,19.675500869750977,125.66000366210938
2018-02-22,237.3852996826172,91.95072174072266,19.608606338500977,126.30000305175781
2018-02-23,241.16900634765625,92.7674331665039,19.650413513183594,126.13999938964844
2018-02-26,243.96951293945312,92.79878997802734,19.625329971313477,126.44999694824219
2018-02-27,240.92327880859375,92.66532897949219,19.750755310058594,125.12999725341797
2018-02-28,238.48260498046875,93.25434112548828,19.809289932250977,125.0
2018-03-01,235.0149688720703,93.89088439941406,19.742395401000977,124.72000122070312
2018-03-02,236.22642517089844,93.12760162353516,19.658777236938477,125.38999938964844
2018-03-05,238.95669555664062,92.87580871582031,19.658777236938477,125.18000030517578
2018-03-06,239.56253051757812,92.9623794555664,19.608606338500977,126.52999877929688
2018-03-07,239.4746551513672,92.86006164550781,19.591880798339844,125.72000122070312
2018-03-08,240.63357543945312,93.39517211914062,19.717308044433594,125.41999816894531
2018-03-09,244.82115173339844,92.78134155273438,19.692222595214844,125.54000091552734
2018-03-12,244.5138397216797,93.31645965576172,19.667139053344727,125.54000091552734
2018-03-13,242.93356323242188,93.78858184814453,19.616968154907227,125.77999877929688
2018-03-14,241.68701171875,94.61483764648438,19.625329971313477,125.69999694824219
2018-03-15,241.42369079589844,94.61483764648438,19.700584411621094,124.9000015258789
2018-03-16,241.68544006347656,94.27648162841797,19.750755310058594,124.5999984741211
2018-03-19,238.4153289794922,93.97742462158203,19.667139053344727,124.87000274658203
2018-03-20,238.8208465576172,93.5997314453125,19.784204483032227,124.30999755859375
2018-03-21,238.36241149902344,93.7020492553711,19.625329971313477,126.4800033569336
2018-03-22,232.40406799316406,94.63053894042969,19.650413513183594,125.9800033569336
2018-03-23,227.4504852294922,94.55970764160156,19.58351707458496,127.61000061035156
2018-03-26,233.67330932617188,94.19778442382812,19.491539001464844,128.27999877929688
2018-03-27,229.6981201171875,95.20499420166016,19.58351707458496,127.48999786376953
2018-03-28,229.01942443847656,95.45680236816406,19.759117126464844,125.7300033569336
2018-03-29,231.94573974609375,95.92105102539062,19.742395401000977,125.79000091552734
2018-04-02,226.93923950195312,96.1103286743164,19.734031677246094,127.26000213623047
2018-04-03,229.84796142578125,95.36904907226562,19.767480850219727,126.30000305175781
2018-04-04,232.30712890625,95.17190551757812,19.759117126464844,126.44999694824219
2018-04-05,234.14044189453125,94.46223449707031,19.83437156677246,125.80000305175781
2018-04-06,228.92245483398438,95.49520111083984,19.759117126464844,126.38999938964844
2018-04-09,230.0506591796875,95.65294647216797,19.708946228027344,126.81999969482422
2018-04-10,233.70858764648438,95.47947692871094,19.658777236938477,127.12000274658203
2018-04-11,232.48338317871094,95.81854248046875,19.642051696777344,128.11000061035156
2018-04-12,234.39610290527344,95.1167221069336,19.683860778808594,126.62000274658203
2018-04-13,233.70858764648438,95.33751678466797,19.683860778808594,127.44999694824219
2018-04-16,235.6300506591797,95.36904907226562,19.616968154907227,127.62999725341797
2018-04-17,238.1509246826172,95.6292495727539,19.616968154907227,127.75
2018-04-18,238.32717895507812,94.86438751220703,19.658777236938477,127.8499984741211
2018-04-19,237.00503540039062,94.09160614013672,19.717308044433594,127.5999984741211
2018-04-20,234.9954376220703,93.4134292602539,19.83437156677246,126.62999725341797
2018-04-23,234.960205078125,93.43709564208984,19.95980453491211,125.62000274658203
2018-04-24,231.79588317871094,93.0112533569336,19.934717178344727,126.2300033569336
2018-04-25,232.3688201904297,92.38826751708984,20.018339157104492,125.41000366210938
2018-04-26,234.73106384277344,93.03489685058594,20.11031723022461,124.97000122070312
2018-04-27,234.95135498046875,93.75247955322266,20.09359359741211,125.5
2018-04-30,233.1444549560547,93.9180908203125,20.177209854125977,124.58999633789062
2018-05-01,233.55874633789062,93.57987976074219,20.31100082397461,123.70999908447266
2018-05-02,231.98980712890625,93.47708129882812,20.402982711791992,123.6500015258789
2018-05-03,231.4785614013672,93.89595031738281,20.31936264038086,124.27999877929688
2018-05-04,234.4753875732422,94.0382080078125,20.344449996948242,124.54000091552734
2018-05-07,235.26870727539062,93.88805389404297,20.386259078979492,124.56999969482422
2018-05-08,235.26870727539062,93.80110931396484,20.46151351928711,124.58999633789062
2018-05-09,237.54281616210938,93.24004364013672,20.46151351928711,124.33000183105469
2018-05-10,239.76388549804688,93.99080657958984,20.369535446166992,125.18000030517578
2018-05-11,240.49551391601562,94.22791290283203,20.33608627319336,125.0
2018-05-14,240.610107421875,93.73001861572266,20.361173629760742,124.48999786376953
2018-05-15,238.9530792236328,92.6630630493164,20.48659896850586,122.4800033569336
2018-05-16,239.95782470703125,92.30744171142578,20.536771774291992,122.29000091552734
2018-05-17,239.75518798828125,91.84120178222656,20.561859130859375,122.36000061035156
2018-05-18,239.15576171875,92.6314697265625,20.603666305541992,122.41000366210938
2018-05-21,240.95384216308594,92.67888641357422,20.586944580078125,122.4800033569336
2018-05-22,240.28396606445312,92.5366439819336,20.578584671020508,122.41000366210938
2018-05-23,240.94497680664062,93.20840454101562,20.662200927734375,122.54000091552734
2018-05-24,240.45140075683594,93.9512710571289,20.637115478515625,123.58999633789062
2018-05-25,239.87850952148438,94.5361099243164,20.737455368041992,123.20999908447266
2018-05-29,237.1196746826172,96.60672760009766,20.879610061645508,123.19000244140625
2018-05-30,240.28396606445312,95.9586410522461,20.720735549926758,123.37000274658203
2018-05-31,238.81204223632812,95.80059051513672,20.704011917114258,123.0999984741211
2018-06-01,241.1565704345703,95.29442596435547,20.737455368041992,122.48999786376953
2018-06-04,242.30245971679688,94.60523986816406,20.720735549926758,122.37000274658203
2018-06-05,242.47866821289062,94.82707214355469,20.695650100708008,122.8499984741211
2018-06-06,244.50592041015625,94.05867767333984,20.637115478515625,122.91999816894531
2018-06-07,244.47947692871094,94.96966552734375,20.595306396484375,122.86000061035156
2018-06-08,245.20230102539062,94.6844711303711,20.603666305541992,123.01000213623047
2018-06-11,245.5284423828125,94.51018524169922,20.620391845703125,123.2300033569336
2018-06-12,245.84568786621094,94.53396606445312,20.662200927734375,122.81999969482422
2018-06-13,245.06129455566406,94.48644256591797,20.628753662109375,123.19000244140625
2018-06-14,245.6783447265625,95.27064514160156,20.896333694458008,123.37999725341797
2018-06-15,245.36476135253906,95.35775756835938,20.879610061645508,121.33999633789062
2018-06-18,244.86007690429688,95.27064514160156,20.879610061645508,121.11000061035156
2018-06-19,243.92172241210938,95.82516479492188,20.938140869140625,120.80000305175781
2018-06-20,244.337890625,94.98546600341797,20.954866409301758,120.26000213623047
2018-06-21,242.8060760498047,95.48455047607422,20.896333694458008,120.05000305175781
2018-06-22,243.24874877929688,95.47660064697266,20.821075439453125,120.33999633789062
2018-06-25,239.93748474121094,95.69048309326172,20.787628173828125,119.88999938964844
2018-06-26,240.4686737060547,95.82516479492188,20.896333694458008,119.26000213623047
2018-06-27,238.47662353515625,96.72815704345703,21.02176284790039,118.58000183105469
2018-06-28,239.84005737304688,96.75190734863281,21.02176284790039,118.22000122070312
2018-06-29,240.1853790283203,96.41925811767578,20.854524612426758,118.6500015258789
2018-07-02,240.69888305664062,96.3438491821289,20.954866409301758,117.45999908447266
2018-07-03,239.84898376464844,96.85986328125,20.887968063354492,118.6500015258789
2018-07-05,241.8055877685547,97.13774108886719,20.821075439453125,119.05000305175781
2018-07-06,243.85084533691406,97.45536041259766,20.754182815551758,118.86000061035156
2018-07-09,246.04656982421875,96.82813262939453,20.762544631958008,119.1500015258789
2018-07-10,246.93199157714844,96.82017517089844,20.770904541015625,118.93000030517578
2018-07-11,245.125732421875,97.1933364868164,20.913057327270508,117.63999938964844
2018-07-12,247.34799194335938,97.18541717529297,20.929780960083008,118.12999725341797
2018-07-13,247.5429229736328,97.4315414428711,20.904695510864258,117.61000061035156
2018-07-16,247.32151794433594,97.02664184570312,20.871248245239258,117.55000305175781
2018-07-17,248.322021484375,96.8439712524414,20.96323013305664,116.27999877929688
2018-07-18,248.84437561035156,96.45497131347656,20.98831558227539,116.30999755859375
2018-07-19,247.90589904785156,97.0663070678711,21.03012466430664,115.80999755859375
2018-07-20,247.62242126464844,95.8753890991211,20.862886428833008,116.55999755859375
2018-07-23,248.08294677734375,94.69245910644531,20.896333694458008,116.0
2018-07-24,249.3313446044922,95.01793670654297,20.904695510864258,116.04000091552734
2018-07-25,251.45620727539062,94.86709594726562,20.804351806640625,116.68000030517578
2018-07-26,250.86306762695312,94.68450164794922,20.946504592895508,115.7699966430664
2018-07-27,249.1632080078125,94.84330749511719,20.92142105102539,115.83000183105469
2018-07-30,247.86166381835938,94.5177993774414,20.846162796020508,115.6500015258789
2018-07-31,249.08343505859375,95.03382873535156,20.887968063354492,115.98999786376953
2018-08-01,248.66722106933594,94.25959014892578,20.913057327270508,115.13999938964844
2018-08-02,250.02186584472656,94.39485931396484,21.03012466430664,114.5199966430664
2018-08-03,251.0932159423828,94.8643569946289,21.046846389770508,114.91999816894531
2018-08-06,252.01397705078125,94.92005920410156,21.080293655395508,114.33000183105469
2018-08-07,252.8463134765625,94.42669677734375,21.05521011352539,114.58999633789062
2018-08-08,252.74005126953125,94.52220153808594,21.03012466430664,114.91000366210938
2018-08-09,252.39479064941406,95.31790924072266,21.155553817749023,114.73999786376953
2018-08-10,250.7036590576172,96.01019287109375,21.306066513061523,114.69000244140625
2018-08-13,249.7651824951172,95.81123352050781,21.31442642211914,112.95999908447266
2018-08-14,251.3588409423828,95.59642028808594,21.39804458618164,113.06999969482422
2018-08-15,249.48187255859375,96.15338134765625,21.39804458618164,111.19000244140625
2018-08-16,251.50047302246094,96.1453857421875,21.38132095336914,111.0999984741211
2018-08-17,252.38584899902344,96.26483154296875,21.272619247436523,112.12999725341797
2018-08-20,252.92601013183594,96.90929412841797,21.22244644165039,112.69000244140625
2018-08-21,253.51918029785156,96.5831069946289,21.09701919555664,113.0199966430664
2018-08-22,253.36863708496094,96.96505737304688,21.03848648071289,113.2699966430664
2018-08-23,253.0322723388672,97.1162338256836,21.17227554321289,112.19999694824219
2018-08-24,254.55502319335938,97.30716705322266,21.071935653686523,114.16000366210938
2018-08-27,256.5647888183594,96.75016784667969,20.98831558227539,114.58999633789062
2018-08-28,256.6888122558594,96.16929626464844,20.98831558227539,113.68000030517578
2018-08-29,258.0700378417969,96.29662322998047,20.954866409301758,114.19999694824219
2018-08-30,257.0252990722656,96.50348663330078,20.971590042114258,113.63999938964844
2018-08-31,257.03411865234375,96.28069305419922,21.063570022583008,113.51000213623047
2018-09-04,256.59149169921875,95.72405242919922,21.155553817749023,112.93000030517578
2018-09-05,255.9008026123047,95.46885681152344,21.080293655395508,113.31999969482422
2018-09-06,255.13055419921875,95.81975555419922,21.080293655395508,113.54000091552734
2018-09-07,254.63478088378906,95.00627899169922,21.138830184936523,113.2300033569336
2018-09-10,255.07752990722656,95.35718536376953,21.09701919555664,113.1500015258789
2018-09-11,255.91847229003906,94.63147735595703,21.11374282836914,113.22000122070312
2018-09-12,255.98048400878906,94.85476684570312,21.03848648071289,114.16999816894531
2018-09-13,257.49456787109375,94.99832153320312,20.97995376586914,113.76000213623047
2018-09-14,257.5387878417969,94.54375457763672,21.05521011352539,113.0199966430664
2018-09-17,256.1753234863281,94.54375457763672,20.954866409301758,113.61000061035156
2018-09-18,257.5654296875,93.55484771728516,20.98831558227539,113.44000244140625
2018-09-19,257.8398132324219,92.9966049194336,20.97995376586914,113.87999725341797
2018-09-20,259.9292907714844,93.42728424072266,20.829439163208008,114.2699966430664
2018-09-21,259.69183349609375,93.3873519897461,20.896333694458008,113.48999786376953
2018-09-24,258.82916259765625,93.14810943603516,20.896333694458008,113.47000122070312
2018-09-25,258.5889587402344,93.05242156982422,20.913057327270508,113.6500015258789
2018-09-26,257.815185546875,93.70638275146484,20.92142105102539,113.05000305175781
2018-09-27,258.53558349609375,93.77017211914062,21.071935653686523,112.05000305175781
2018-09-28,258.5624084472656,93.52296447753906,21.122106552124023,112.76000213623047
2018-10-01,259.4605407714844,92.83638763427734,21.155553817749023,112.56999969482422
2018-10-02,259.3094482421875,93.40386962890625,21.18899917602539,113.87000274658203
2018-10-03,259.4516906738281,91.78134155273438,21.255895614624023,113.41999816894531
2018-10-04,257.42388916015625,91.13388061523438,21.264257431030273,113.4800033569336
2018-10-05,255.98309326171875,90.35061645507812,21.23917007446289,113.80000305175781
2018-10-08,255.98309326171875,90.0468978881836,21.264257431030273,112.54000091552734
2018-10-09,255.60952758789062,90.95806121826172,21.255895614624023,112.5999984741211
2018-10-10,247.5160369873047,90.71028900146484,21.230806350708008,112.87999725341797
2018-10-11,242.06423950195312,91.81328582763672,21.11374282836914,115.77999877929688
2018-10-12,245.4261016845703,91.49359130859375,21.18063735961914,115.2300033569336
2018-10-15,244.04757690429688,91.45365905761719,21.13046646118164,116.0
2018-10-16,249.38381958007812,91.66141510009766,21.138830184936523,115.80000305175781
2018-10-17,249.42835998535156,91.117919921875,21.247533798217773,115.79000091552734
2018-10-18,245.82635498046875,91.08595275878906,21.33951187133789,115.91999816894531
2018-10-19,245.69290161132812,90.8861312866211,21.29770278930664,116.01000213623047
2018-10-22,244.59007263183594,90.7662353515625,21.372961044311523,115.70999908447266
2018-10-23,243.34486389160156,91.05394744873047,21.33951187133789,116.38999938964844
2018-10-24,235.97190856933594,91.74134826660156,21.448217391967773,116.66000366210938
2018-10-25,240.20538330078125,91.35772705078125,21.506750106811523,116.4000015258789
2018-10-26,235.98074340820312,91.90922546386719,21.448217391967773,116.7699966430664
2018-10-29,234.67340087890625,91.7013931274414,21.506750106811523,116.30999755859375
2018-10-30,238.15090942382812,91.2458267211914,21.598731994628906,115.80000305175781
2018-10-31,240.6946258544922,90.78219604492188,21.590370178222656,115.1500015258789
2018-11-01,243.25599670410156,90.86636352539062,21.448217391967773,116.62999725341797
2018-11-02,241.81515502929688,89.73661041259766,21.498388290405273,116.6500015258789
2018-11-05,243.14932250976562,90.08917236328125,21.490028381347656,116.37000274658203
2018-11-06,244.6878662109375,90.03311157226562,21.439857482910156,116.04000091552734
2018-11-07,249.92636108398438,90.15325927734375,21.39804458618164,116.02999877929688
2018-11-08,249.4727325439453,90.1452407836914,21.523473739624023,115.77999877929688
2018-11-09,247.0359649658203,90.81828308105469,21.565284729003906,114.4800033569336
2018-11-12,242.4199981689453,91.41116333007812,21.75760841369629,113.66000366210938
2018-11-13,241.96632385253906,91.3551025390625,21.682350158691406,113.69999694824219
2018-11-14,240.31210327148438,91.41116333007812,21.60709571838379,114.63999938964844
2018-11-15,242.8201446533203,91.37114715576172,21.657264709472656,114.7699966430664
2018-11-16,243.4517059326172,91.89991760253906,21.498388290405273,115.62000274658203
2018-11-19,239.3337860107422,92.15630340576172,21.481666564941406,115.66999816894531
2018-11-20,234.9045867919922,92.1883544921875,21.590370178222656,115.66999816894531
2018-11-21,235.70509338378906,92.15630340576172,21.590370178222656,115.86000061035156
2018-11-23,234.130859375,92.2524642944336,21.63218116760254,115.7699966430664
2018-11-26,237.91073608398438,92.04417419433594,21.673986434936523,115.63999938964844
2018-11-27,238.71116638183594,92.1483154296875,21.73252296447754,114.94999694824219
2018-11-28,244.2075958251953,91.69963836669922,21.623815536499023,115.37999725341797
2018-11-29,243.67396545410156,92.06017303466797,21.590370178222656,115.73999786376953
2018-11-30,245.15919494628906,92.40470886230469,21.673986434936523,115.54000091552734
2018-12-03,248.40553283691406,93.06083679199219,21.682350158691406,116.41000366210938
2018-12-04,240.35659790039062,94.61878967285156,21.640539169311523,117.12000274658203
2018-12-06,239.99192810058594,94.91593933105469,21.63218116760254,117.13999938964844
2018-12-07,234.4154510498047,95.09261322021484,21.573644638061523,118.08999633789062
2018-12-10,234.86016845703125,95.48611450195312,21.71579933166504,117.68000030517578
2018-12-11,234.91358947753906,95.47003173828125,21.77433204650879,117.54000091552734
2018-12-12,236.09640502929688,95.04443359375,21.690711975097656,117.79000091552734
2018-12-13,236.0164031982422,94.81954193115234,21.690711975097656,117.52999877929688
2018-12-14,231.6584014892578,95.14881134033203,21.77433204650879,117.05999755859375
2018-12-17,227.1136016845703,95.70295715332031,21.71579933166504,117.87000274658203
2018-12-18,226.8645782470703,96.27609252929688,21.707435607910156,118.1500015258789
2018-12-19,223.46714782714844,97.54798126220703,21.71579933166504,117.43000030517578
2018-12-20,219.82952880859375,97.19377136230469,21.548561096191406,119.23999786376953
2018-12-21,215.32534790039062,97.17768096923828,21.690711975097656,118.72000122070312
2018-12-24,209.63577270507812,97.66063690185547,21.5943603515625,120.0199966430664
2018-12-26,220.22764587402344,96.61419677734375,21.704235076904297,119.66000366210938
2018-12-27,221.9184112548828,96.6302719116211,21.611263275146484,120.56999969482422
2018-12-28,221.63211059570312,97.44332885742188,21.552104949951172,121.05999755859375
2018-12-31,223.5733642578125,97.81361389160156,21.509845733642578,121.25
2019-01-02,223.80593872070312,98.32877349853516,21.670429229736328,121.33000183105469
2019-01-03,218.46534729003906,99.44772338867188,21.552104949951172,122.43000030517578
2019-01-04,225.78298950195312,98.29657745361328,21.51829719543457,121.44000244140625
2019-01-07,227.56320190429688,98.00680541992188,21.42532730102539,121.86000061035156
2019-01-08,229.7012176513672,97.74919891357422,21.49294090270996,121.52999877929688
2019-01-09,230.77471923828125,97.59626007080078,21.290096282958984,122.30999755859375
2019-01-10,231.58880615234375,96.9683837890625,21.416873931884766,121.58999633789062
2019-01-11,231.67823791503906,97.34669494628906,21.433780670166016,121.80000305175781
2019-01-14,230.26483154296875,96.98448181152344,21.433780670166016,122.08999633789062
2019-01-15,232.90380859375,96.6302719116211,21.509845733642578,121.87999725341797
2019-01-16,233.46743774414062,96.72687530517578,21.535200119018555,122.2699966430664
2019-01-17,235.23870849609375,96.75102996826172,21.535200119018555,122.11000061035156
2019-01-18,238.36968994140625,96.24388885498047,21.602813720703125,121.0199966430664
2019-01-22,235.1492462158203,96.89592742919922,21.602813720703125,121.44999694824219
2019-01-23,235.64125061035156,96.85570526123047,21.552104949951172,121.27999877929688
2019-01-24,235.76649475097656,97.49162292480469,21.67888069152832,121.08999633789062
2019-01-25,237.7614288330078,97.02471923828125,21.501394271850586,122.86000061035156
2019-01-28,235.95436096191406,96.92813873291016,21.51829719543457,123.29000091552734
2019-01-29,235.64125061035156,97.41913604736328,21.52674674987793,123.9800033569336
2019-01-30,239.37159729003906,97.34669494628906,21.416873931884766,124.69000244140625
2019-01-31,241.47389221191406,98.18389892578125,21.459131240844727,124.75
2019-02-01,241.59014892578125,97.5909194946289,21.459131240844727,124.5
2019-02-04,243.2898406982422,97.15518188476562,21.51829719543457,123.95999908447266
2019-02-05,244.30978393554688,97.59894561767578,21.577457427978516,124.27999877929688
2019-02-06,243.9876708984375,97.64737701416016,21.661975860595703,123.44000244140625
2019-02-07,241.66183471679688,98.29280853271484,21.712688446044922,123.73999786376953
2019-02-08,241.95700073242188,98.71234893798828,21.7380428314209,124.20999908447266
2019-02-11,242.09112548828125,98.3250503540039,21.822561264038086,123.5999984741211
2019-02-12,245.20433044433594,98.07499694824219,21.746492385864258,123.86000061035156
2019-02-13,246.00051879882812,97.70387268066406,21.864822387695312,123.37000274658203
2019-02-14,245.45481872558594,98.26055145263672,21.839466094970703,124.05999755859375
2019-02-15,248.12960815429688,98.4138412475586,21.79720687866211,124.80000305175781
2019-02-19,248.55897521972656,98.66394805908203,21.712688446044922,126.69999694824219
2019-02-20,249.06002807617188,98.3816146850586,21.729589462280273,126.4800033569336
2019-02-21,248.1743621826172,97.50213623046875,21.746492385864258,125.05000305175781
2019-02-22,249.7130889892578,98.0830307006836,21.7380428314209,125.5
2019-02-25,250.05288696289062,97.7925796508789,21.721139907836914,125.37000274658203
2019-02-26,249.8740234375,98.27668762207031,21.636621475219727,125.58000183105469
2019-02-27,249.76666259765625,97.16331481933594,21.653526306152344,124.69000244140625
2019-02-28,249.30148315429688,96.83252716064453,21.670429229736328,123.98999786376953
2019-03-01,250.8580780029297,95.93749237060547,21.754945755004883,121.87999725341797
2019-03-04,249.94554138183594,96.68939208984375,21.780302047729492,121.55999755859375
2019-03-05,249.60565185546875,96.89153289794922,21.839466094970703,121.72000122070312
2019-03-06,248.09381103515625,97.2472915649414,21.839466094970703,121.61000061035156
2019-03-07,246.01840209960938,97.87787628173828,22.033855438232422,121.51000213623047
2019-03-08,245.5263214111328,98.29024505615234,21.966243743896484,122.83999633789062
2019-03-11,249.0867156982422,97.99916076660156,21.915531158447266,122.23999786376953
2019-03-12,250.0260467529297,98.6864242553711,21.87327003479004,122.9800033569336
2019-03-13,251.68106079101562,98.50045776367188,21.771848678588867,123.83999633789062
2019-03-14,251.52001953125,97.78897857666016,21.839466094970703,122.41000366210938
2019-03-15,252.7626953125,98.43574523925781,21.80565643310547,122.97000122070312
2019-03-18,253.6791229248047,98.37920379638672,21.780302047729492,123.04000091552734
2019-03-19,253.74208068847656,98.16087341308594,21.754945755004883,123.37999725341797
2019-03-20,252.97833251953125,99.18767547607422,21.6281681060791,124.18000030517578
2019-03-21,255.8356170654297,99.406005859375,21.763397216796875,123.68000030517578
2019-03-22,250.91171264648438,100.95023345947266,21.80565643310547,123.97000122070312
2019-03-25,250.72312927246094,101.1119384765625,21.80565643310547,124.91999816894531
2019-03-26,252.59207153320312,101.03917694091797,21.87327003479004,124.30000305175781
2019-03-27,251.27120971679688,101.96894073486328,21.89862632751465,123.6500015258789
2019-03-28,252.22349548339844,102.32469177246094,21.974693298339844,121.9000015258789
2019-03-29,253.8139190673828,102.22769165039062,22.000049591064453,122.01000213623047
2019-04-01,256.8240051269531,100.775634765625,21.983144760131836,121.52999877929688
2019-04-02,256.9498291015625,100.96195983886719,22.008501052856445,121.9800033569336
2019-04-03,257.3541564941406,100.08687591552734,21.974693298339844,121.80000305175781
2019-04-04,258.0369873046875,100.37051391601562,22.000049591064453,122.11000061035156
2019-04-05,259.28594970703125,100.50013732910156,22.025402069091797,121.9800033569336
2019-04-08,259.4836730957031,100.1435546875,21.949338912963867,122.51000213623047
2019-04-09,258.15380859375,100.45962524414062,21.957788467407227,123.1500015258789
2019-04-10,259.03436279296875,100.70269012451172,21.923982620239258,123.52999877929688
2019-04-11,258.9625244140625,100.11122131347656,21.99159812927246,121.94999694824219
2019-04-12,260.7146301269531,99.39813232421875,21.940885543823242,121.83000183105469
2019-04-15,260.5438232421875,99.64935302734375,21.93243408203125,121.5999984741211
2019-04-16,260.7146301269531,99.02542114257812,21.983144760131836,120.51000213623047
2019-04-17,260.0766296386719,99.06592559814453,21.966243743896484,120.27999877929688
2019-04-18,260.5887756347656,99.58451843261719,22.084566116333008,120.37000274658203
2019-04-22,260.81341552734375,99.10641479492188,22.033855438232422,120.37000274658203
2019-04-23,263.1585693359375,99.31710052490234,22.109920501708984,120.12000274658203
2019-04-24,262.5746154785156,100.12743377685547,22.21979522705078,120.47000122070312
2019-04-25,262.4127502441406,99.98152923583984,22.262052536010742,120.56999969482422
2019-04-26,263.6347961425781,100.32186126708984,22.236698150634766,121.37000274658203
2019-04-29,264.0481262207031,99.68177795410156,22.18598747253418,120.83000183105469
2019-04-30,264.18292236328125,100.19224548339844,22.118375778198242,121.19999694824219
2019-05-01,262.1971740722656,100.60546875,22.14373016357422,120.4000015258789
2019-05-02,261.6310119628906,100.1264877319336,22.194438934326172,119.94000244140625
2019-05-03,264.1919250488281,100.4106674194336,22.109920501708984,120.6500015258789
2019-05-06,263.1047058105469,100.68672943115234,22.126827239990234,120.80999755859375
2019-05-07,258.71087646484375,101.4581298828125,22.14373016357422,121.20999908447266
2019-05-08,258.3515319824219,101.01962280273438,22.152179718017578,120.91000366210938
2019-05-09,257.5697937011719,101.43375396728516,22.109920501708984,121.19999694824219
2019-05-10,258.86370849609375,101.29570770263672,22.101470947265625,121.43000030517578
2019-05-13,252.3583526611328,102.09146118164062,22.101470947265625,122.66999816894531
2019-05-14,254.6405487060547,101.79104614257812,22.152179718017578,122.45999908447266
2019-05-15,256.13214111328125,102.4162368774414,22.16063117980957,122.38999938964844
2019-05-16,258.5042419433594,102.07524871826172,22.21979522705078,121.51000213623047
2019-05-17,256.8329772949219,102.30256652832031,22.2705078125,120.6500015258789
2019-05-20,255.13478088378906,102.09146118164062,22.253604888916016,120.63999938964844
2019-05-21,257.4349670410156,101.9290771484375,22.287410736083984,120.36000061035156
2019-05-22,256.64434814453125,102.51368713378906,22.304311752319336,120.23999786376953
2019-05-23,253.5084228515625,103.66676330566406,22.262052536010742,121.16999816894531
2019-05-24,254.08355712890625,103.75604248046875,22.18598747253418,121.30000305175781
2019-05-28,251.720458984375,104.50309753417969,22.278959274291992,120.83000183105469
2019-05-29,250.03115844726562,104.81974792480469,22.329669952392578,120.87000274658203
2019-05-30,250.71400451660156,105.7210922241211,22.338119506835938,121.69000244140625
2019-05-31,247.33560180664062,107.04460906982422,22.24515151977539,123.33000183105469
2019-06-03,246.70675659179688,107.76065826416016,22.126827239990234,125.11000061035156
2019-06-04,252.06179809570312,106.53199768066406,22.101470947265625,125.1500015258789
2019-06-05,254.24520874023438,105.9299545288086,22.177534103393555,125.47000122070312
2019-06-06,255.89852905273438,106.27165222167969,22.101470947265625,125.87999725341797
2019-06-07,258.4593200683594,107.19105529785156,22.008501052856445,126.58999633789062
2019-06-10,259.6453552246094,106.18212127685547,22.033855438232422,125.33000183105469
2019-06-11,259.58245849609375,106.24724578857422,22.042308807373047,125.18000030517578
2019-06-12,259.1242370605469,106.32859802246094,22.101470947265625,125.83000183105469
2019-06-13,260.1934509277344,106.69471740722656,22.118375778198242,126.5999984741211
2019-06-14,259.906005859375,106.96327209472656,22.236698150634766,126.55999755859375
2019-06-17,260.0047607421875,107.15036010742188,22.24515151977539,126.4800033569336
2019-06-18,262.72723388671875,107.68740844726562,22.278959274291992,127.12000274658203
2019-06-19,263.3203125,107.8420181274414,22.177534103393555,127.88999938964844
2019-06-20,265.8360900878906,108.12677001953125,22.042308807373047,131.11000061035156
2019-06-21,265.4497375488281,106.9388198852539,21.93243408203125,131.97999572753906
2019-06-24,265.12469482421875,107.73622131347656,21.89862632751465,133.94000244140625
2019-06-25,262.5243835449219,108.06983947753906,21.949338912963867,134.1999969482422
2019-06-26,262.26251220703125,107.37821197509766,21.966243743896484,132.97000122070312
2019-06-27,263.1925354003906,108.1348648071289,21.966243743896484,132.83999633789062
2019-06-28,264.54681396484375,108.06168365478516,21.949338912963867,133.1999969482422
2019-07-01,266.9485168457031,107.8089370727539,22.109920501708984,130.6199951171875
2019-07-02,267.6437683105469,108.6405029296875,22.093017578125,133.41000366210938
2019-07-03,269.7835998535156,109.41500091552734,22.093017578125,133.6300048828125
2019-07-05,269.47662353515625,107.9638442993164,22.21134376525879,132.13999938964844
2019-07-08,267.9958801269531,108.11061096191406,22.253604888916016,131.2899932861328
2019-07-09,268.3299255371094,108.06980895996094,22.2705078125,131.75
2019-07-10,269.61199951171875,107.47469329833984,22.177534103393555,133.8300018310547
2019-07-11,270.2441101074219,106.03986358642578,22.177534103393555,132.6999969482422
2019-07-12,271.4539794921875,106.16214752197266,22.135276794433594,133.52999877929688
2019-07-15,271.5442199707031,106.77361297607422,22.169086456298828,133.52999877929688
2019-07-16,270.6684875488281,106.45565032958984,22.2705078125,132.39999389648438
2019-07-17,268.8266296386719,107.6051254272461,22.22824478149414,134.5800018310547
2019-07-18,269.8106384277344,107.61333465576172,22.109920501708984,136.47999572753906
2019-07-19,268.3119812011719,107.36053466796875,22.21979522705078,134.47000122070312
2019-07-22,268.970947265625,107.56437683105469,22.262052536010742,134.4499969482422
2019-07-23,270.89422607421875,106.97743225097656,22.363475799560547,133.69000244140625
2019-07-24,272.1672058105469,107.44210052490234,22.363475799560547,134.3699951171875
2019-07-25,270.86712646484375,106.92849731445312,22.405736923217773,133.4199981689453
2019-07-26,272.681884765625,107.18118286132812,22.43954086303711,133.63999938964844
2019-07-29,272.1852722167969,107.21383666992188,22.456445693969727,134.52999877929688
2019-07-30,271.5171813964844,107.47469329833984,22.456445693969727,134.97999572753906
2019-07-31,268.546630859375,108.33885955810547,22.591672897338867,133.2100067138672
2019-08-01,266.20819091796875,110.49056243896484,22.524059295654297,136.41000366210938
2019-08-02,264.20367431640625,111.51156616210938,22.473350524902344,135.88999938964844
2019-08-05,256.25830078125,113.4394302368164,22.363475799560547,137.7899932861328
2019-08-06,259.85186767578125,114.34619140625,22.388830184936523,138.91000366210938
2019-08-07,260.0053405761719,114.3869857788086,22.37192726135254,141.02000427246094
2019-08-08,265.1065673828125,114.63213348388672,22.388830184936523,141.72999572753906
2019-08-09,263.3009033203125,114.40339660644531,22.363475799560547,141.25999450683594
2019-08-12,260.0955505371094,116.78861999511719,22.346572875976562,142.6300048828125
2019-08-13,264.1405334472656,116.38835144042969,22.447996139526367,141.77999877929688
2019-08-14,256.33056640625,119.01055145263672,22.498706817626953,142.75
2019-08-15,257.0076904296875,120.33384704589844,22.515607833862305,143.6999969482422
2019-08-16,260.79986572265625,119.36994934082031,22.532512664794922,142.77999877929688
2019-08-19,263.94189453125,117.66268920898438,22.583223342895508,141.11000061035156
2019-08-20,261.91949462890625,118.87979888916016,22.532512664794922,142.2100067138672
2019-08-21,264.0502624511719,118.08747863769531,22.55786895751953,141.75999450683594
2019-08-22,263.9689636230469,117.30330657958984,22.540964126586914,141.39999389648438
2019-08-23,257.18829345703125,119.23104858398438,22.414188385009766,144.1699981689453
2019-08-26,260.0323791503906,118.74916076660156,22.532512664794922,144.19000244140625
2019-08-27,259.0121765136719,120.57893371582031,22.515607833862305,145.57000732421875
2019-08-28,260.8359375,120.73409271240234,22.566320419311523,145.16000366210938
2019-08-29,264.1675720214844,120.27669525146484,22.6254825592041,144.1199951171875
2019-08-30,264.0502624511719,120.30943298339844,22.71000099182129,143.75
2019-09-03,262.5062561035156,120.46480560302734,22.760709762573242,145.75
2019-09-04,265.48583984375,120.64492797851562,22.61703109741211,146.66000366210938
2019-09-05,268.8987731933594,118.45993041992188,22.6254825592041,143.13999938964844
2019-09-06,269.1064453125,119.30281829833984,22.633934020996094,141.9199981689453
2019-09-09,269.2418518066406,117.18339538574219,22.591672897338867,141.38999938964844
2019-09-10,269.1786804199219,115.12940979003906,22.61703109741211,140.17999267578125
2019-09-11,271.09271240234375,114.92487335205078,22.68464469909668,141.02999877929688
2019-09-12,272.0318603515625,114.17195129394531,22.61703109741211,141.32000732421875
2019-09-13,271.8511962890625,111.73334503173828,22.583223342895508,140.14999389648438
2019-09-16,271.01153564453125,113.15724182128906,22.68464469909668,141.32000732421875
2019-09-17,271.6977844238281,113.77102661132812,22.583223342895508,141.60000610351562
2019-09-18,271.86029052734375,114.25381469726562,22.667739868164062,140.7100067138672
2019-09-19,271.8421936035156,114.59745788574219,22.61703109741211,141.27999877929688
2019-09-20,270.5577697753906,116.11137390136719,22.676191329956055,142.9499969482422
2019-09-23,270.4942932128906,116.08679962158203,22.71000099182129,143.75
2019-09-24,268.37176513671875,117.48615264892578,22.6254825592041,144.50999450683594
2019-09-25,269.9591979980469,115.76770782470703,22.802968978881836,141.8300018310547
2019-09-26,269.396728515625,116.51236724853516,22.86213493347168,141.7899932861328
2019-09-27,267.94549560546875,116.79875183105469,22.828327178955078,141.05999755859375
2019-09-30,269.18817138671875,117.0851821899414,22.904394149780273,138.8699951171875
2019-10-01,265.9862060546875,117.43763732910156,22.828327178955078,139.6300048828125
2019-10-02,261.28759765625,117.72465515136719,22.81142234802246,141.25999450683594
2019-10-03,263.4283142089844,118.79842376708984,22.802968978881836,141.89999389648438
2019-10-04,266.9930419921875,119.67558288574219,22.78606605529785,141.89999389648438
2019-10-07,265.8410339355469,118.6837158203125,22.828327178955078,140.69000244140625
2019-10-08,261.71405029296875,119.00340270996094,22.86213493347168,141.9199981689453
2019-10-09,264.1993713378906,118.33116149902344,22.845230102539062,142.0500030517578
2019-10-10,265.9862060546875,116.56871032714844,22.752260208129883,140.80999755859375
2019-10-11,268.7436218261719,115.12602233886719,22.667739868164062,140.02999877929688
2019-10-14,268.44439697265625,115.96210479736328,22.7353572845459,140.58999633789062
2019-10-15,271.10198974609375,114.56036376953125,22.667739868164062,139.61000061035156
2019-10-16,270.6666564941406,114.6997299194336,22.608577728271484,140.41000366210938
2019-10-17,271.4648132324219,114.42101287841797,22.524059295654297,140.61000061035156
2019-10-18,270.27667236328125,114.42101287841797,22.43954086303711,140.4600067138672
2019-10-21,272.1088562011719,113.5602798461914,22.456445693969727,139.7899932861328
2019-10-22,271.2199401855469,114.22418212890625,22.50715446472168,140.1999969482422
2019-10-23,272.00909423828125,114.33905792236328,22.498706817626953,140.52999877929688
2019-10-24,272.4535827636719,114.10945892333984,22.566320419311523,141.52999877929688
2019-10-25,273.56927490234375,113.55207061767578,22.591672897338867,141.86000061035156
2019-10-28,275.11114501953125,112.51912689208984,22.574771881103516,140.63999938964844
2019-10-29,275.02960205078125,112.5928955078125,22.566320419311523,140.25
2019-10-30,275.8731384277344,114.24064636230469,22.515607833862305,141.02000427246094
2019-10-31,275.13848876953125,115.78177642822266,22.473350524902344,142.42999267578125
2019-11-01,277.68731689453125,115.42533111572266,22.46489715576172,142.55999755859375
2019-11-04,278.80303955078125,113.90618896484375,22.549415588378906,142.14999389648438
2019-11-05,278.4945983886719,112.6251449584961,22.633934020996094,139.85000610351562
2019-11-06,278.5581359863281,113.30675506591797,22.633934020996094,140.4499969482422
2019-11-07,279.5376281738281,111.25377655029297,22.68464469909668,138.27000427246094
2019-11-08,280.22698974609375,110.78569793701172,22.7353572845459,137.38999938964844
2019-11-11,279.69183349609375,110.85963439941406,22.701549530029297,137.05999755859375
2019-11-12,280.28143310546875,111.36873626708984,22.7353572845459,137.42999267578125
2019-11-13,280.3721618652344,112.09139251708984,22.726903915405273,137.97999572753906
2019-11-14,280.7803649902344,113.24923706054688,22.71000099182129,138.55999755859375
2019-11-15,282.8121643066406,113.12611389160156,22.65928840637207,138.2100067138672
2019-11-18,283.0207824707031,113.3313217163086,22.61703109741211,138.6199951171875
2019-11-19,282.9391784667969,114.27574920654297,22.642385482788086,138.69000244140625
2019-11-20,281.8869323730469,115.458251953125,22.642385482788086,138.75999450683594
2019-11-21,281.43353271484375,114.73558807373047,22.676191329956055,138.0
2019-11-22,282.0592346191406,114.88338470458984,22.743806838989258,137.74000549316406
2019-11-25,284.2453918457031,115.22006225585938,22.760709762573242,137.0800018310547
2019-11-26,284.889404296875,115.89344024658203,22.7353572845459,137.74000549316406
2019-11-27,286.1592102050781,115.55675506591797,22.769163131713867,137.00999450683594
2019-11-29,285.0979919433594,115.3104248046875,22.743806838989258,137.86000061035156
2019-12-02,282.67620849609375,113.7729721069336,22.650836944580078,137.7899932861328
2019-12-03,280.7803649902344,116.15850067138672,22.6254825592041,139.11000061035156
2019-12-04,282.5128173828125,114.99861145019531,22.600128173828125,138.9199981689453
2019-12-05,283.0207824707031,114.43929290771484,22.549415588378906,139.0
2019-12-06,285.60595703125,113.80590057373047,22.633934020996094,137.6199951171875
2019-12-09,284.7078857421875,114.05264282226562,22.608577728271484,137.5800018310547
2019-12-10,284.3905334472656,114.0609130859375,22.583223342895508,137.97000122070312
2019-12-11,285.1977844238281,114.95755004882812,22.498706817626953,138.9199981689453
2019-12-12,287.6558532714844,113.06552124023438,22.532512664794922,138.42999267578125
2019-12-13,287.82830810546875,114.37345886230469,22.532512664794922,139.0500030517578
2019-12-16,289.8056640625,113.34517669677734,22.490253448486328,139.0399932861328
2019-12-17,289.8691101074219,113.18891143798828,22.532512664794922,139.00999450683594
2019-12-18,289.88720703125,112.25936126708984,22.574771881103516,139.02000427246094
2019-12-19,291.075439453125,112.43900299072266,22.574771881103516,139.3800048828125
2019-12-20,292.3515625,112.58736419677734,22.650836944580078,139.52000427246094
2019-12-23,292.7982177734375,112.42256927490234,22.63876724243164,139.9499969482422
2019-12-24,292.8072814941406,112.74385070800781,22.63876724243164,141.27000427246094
2019-12-26,294.36602783203125,113.01573944091797,22.60428237915039,142.3800048828125
2019-12-27,294.2930908203125,113.13932037353516,22.492212295532227,142.3300018310547
2019-12-30,292.6706848144531,112.7274169921875,22.449106216430664,142.6300048828125
2019-12-31,293.3815612792969,111.62334442138672,22.388757705688477,142.89999389648438
2020-01-02,296.12530517578125,112.88389587402344,22.466346740722656,143.9499969482422
2020-01-03,293.88299560546875,114.62240600585938,22.492212295532227,145.86000061035156
2020-01-06,295.00408935546875,113.97145080566406,22.44048500061035,147.38999938964844
2020-01-07,294.17474365234375,113.41126251220703,22.518075942993164,147.97000122070312
2020-01-08,295.7424621582031,112.66145324707031,22.578420639038086,146.86000061035156
2020-01-09,297.74774169921875,113.05696868896484,22.621524810791016,146.02999877929688
2020-01-10,296.89105224609375,114.06208801269531,22.60428237915039,146.91000366210938
2020-01-13,298.9327697753906,113.71605682373047,22.60428237915039,145.82000732421875
2020-01-14,298.4769592285156,114.30110931396484,22.612905502319336,145.69000244140625
2020-01-15,299.1515808105469,115.05902862548828,22.578420639038086,146.5399932861328
2020-01-16,301.6399841308594,114.69654083251953,22.612905502319336,146.30999755859375
2020-01-17,302.578857421875,113.71605682373047,22.690494537353516,146.5800018310547
2020-01-21,301.9863586425781,114.91073608398438,22.67325210571289,146.74000549316406
2020-01-22,302.02276611328125,115.31450653076172,22.656009674072266,146.7899932861328
2020-01-23,302.3692626953125,116.12191009521484,22.716358184814453,147.1199951171875
2020-01-24,299.6802062988281,117.0611801147461,22.750839233398438,147.97999572753906
2020-01-27,294.87652587890625,118.88194274902344,22.78532600402832,148.99000549316406
2020-01-28,297.966552734375,117.95098876953125,22.78532600402832,147.66000366210938
2020-01-29,297.7204284667969,119.1044692993164,22.819807052612305,148.4600067138672
2020-01-30,298.6866760253906,119.12091064453125,22.750839233398438,148.47000122070312
2020-01-31,293.2631530761719,120.20854949951172,22.656009674072266,149.3300018310547
2020-02-03,295.441650390625,120.11112976074219,22.768083572387695,148.36000061035156
2020-02-04,299.9446105957031,118.49354553222656,22.802568435668945,146.42999267578125
2020-02-05,303.40838623046875,117.19791412353516,22.888776779174805,146.61000061035156
2020-02-06,304.4292297363281,117.72604370117188,22.931882858276367,147.39999389648438
2020-02-07,302.80670166015625,119.19502258300781,22.98360824584961,147.7899932861328
2020-02-10,305.0672302246094,119.52518463134766,23.018091201782227,148.1699981689453
2020-02-11,305.5959777832031,118.9227066040039,22.992229461669922,147.66000366210938
2020-02-12,307.5649108886719,118.32020568847656,23.05257797241211,147.5399932861328
2020-02-13,307.2367248535156,118.77413177490234,23.078441619873047,148.3800048828125
2020-02-14,307.7289123535156,119.29405212402344,23.0698184967041,149.0
2020-02-18,306.9359130859375,120.11112976074219,23.156030654907227,150.91000366210938
2020-02-19,308.40338134765625,120.10284423828125,23.199132919311523,151.7899932861328
2020-02-20,307.1364440917969,121.04368591308594,23.268102645874023,152.41000366210938
2020-02-21,303.97344970703125,122.17430877685547,23.130165100097656,154.6999969482422
2020-02-24,293.89202880859375,123.99822235107422,23.13878631591797,156.08999633789062
2020-02-25,284.98651123046875,124.65837097167969,23.0698184967041,153.3000030517578
2020-02-26,283.93829345703125,123.99822235107422,23.087060928344727,153.97000122070312
2020-02-27,271.1861267089844,125.34341430664062,22.94912338256836,154.0
2020-02-28,270.0467224121094,128.17401123046875,22.871536254882812,148.3800048828125
2020-03-02,281.7415466308594,127.23112487792969,22.750839233398438,149.1999969482422
2020-03-03,273.6746520996094,129.20640563964844,22.656009674072266,153.88999938964844
2020-03-04,285.17791748046875,127.83440399169922,22.733600616455078,154.16000366210938
2020-03-05,275.69818115234375,131.0164337158203,22.561180114746094,157.49000549316406
2020-03-06,271.140625,137.83499145507812,22.431865692138672,157.5500030517578
2020-03-09,249.9659881591797,141.57080078125,22.190475463867188,157.80999755859375
2020-03-10,262.900390625,134.3140869140625,22.518075942993164,154.47999572753906
2020-03-11,250.08444213867188,129.3716583251953,22.552555084228516,153.92999267578125
2020-03-12,226.1571044921875,130.17333984375,22.7939453125,147.7899932861328
2020-03-13,245.49037170410156,127.23112487792969,23.656047821044922,143.27999877929688
2020-03-16,218.6278839111328,135.47122192382812,22.897397994995117,141.63999938964844
2020-03-17,230.43212890625,126.4376220703125,23.30258560180664,143.55999755859375
2020-03-18,218.7646484375,119.30492401123047,23.656047821044922,140.6999969482422
2020-03-19,219.22950744628906,122.55306243896484,24.216413497924805,138.0399932861328
2020-03-20,209.78199768066406,131.76856994628906,24.147445678710938,140.11000061035156
2020-03-23,204.418212890625,137.19863891601562,24.112960815429688,146.3000030517578
2020-03-24,222.93923950195312,134.64476013183594,23.837087631225586,153.39999389648438
2020-03-25,226.2766571044922,134.33889770507812,23.61294174194336,151.3000030517578
2020-03-26,239.48890686035156,135.00013732910156,23.233619689941406,153.24000549316406
2020-03-27,232.35557556152344,138.60362243652344,23.043954849243164,152.25
2020-03-30,239.9014434814453,137.46311950683594,23.14740753173828,152.9199981689453
2020-03-31,236.32568359375,136.34730529785156,23.130165100097656,148.0500030517578
2020-04-01,225.68984985351562,138.25762939453125,23.276721954345703,149.4499969482422
2020-04-02,230.89772033691406,139.135009765625,23.397417068481445,151.89999389648438
2020-04-03,227.56027221679688,139.4659881591797,23.526731491088867,152.64999389648438
2020-04-06,242.8446502685547,139.10189819335938,23.53535270690918,156.8800048828125
2020-04-07,243.0922088623047,137.6451873779297,23.319828033447266,156.0399932861328
2020-04-08,251.25241088867188,136.64358520507812,23.406036376953125,154.64999389648438
2020-04-09,255.07582092285156,136.8919219970703,23.233619689941406,158.69000244140625
2020-04-13,252.74700927734375,135.64212036132812,23.199132919311523,161.41000366210938
2020-04-14,260.2012634277344,135.6090087890625,23.0698184967041,162.67999267578125
2020-04-15,254.67245483398438,139.201171875,23.242238998413086,161.85000610351562
2020-04-16,255.90103149414062,140.78211975097656,23.345691680908203,161.7100067138672
2020-04-17,262.8142395019531,138.8949432373047,23.28534507751465,158.57000732421875
2020-04-20,258.1840515136719,140.01242065429688,23.362934112548828,159.6999969482422
2020-04-21,250.3447723388672,141.77529907226562,23.397417068481445,158.61000061035156
2020-04-22,255.90103149414062,140.326904296875,23.466384887695312,161.72999572753906
2020-04-23,255.8826904296875,141.07179260253906,23.475006103515625,163.33999633789062
2020-04-24,259.44927978515625,141.4027862548828,23.423280715942383,162.63999938964844
2020-04-27,263.1901550292969,138.77081298828125,23.362934112548828,161.55999755859375
2020-04-28,261.98004150390625,140.36822509765625,23.33707046508789,160.83999633789062
2020-04-29,268.8381652832031,139.6399383544922,23.242238998413086,161.72999572753906
2020-04-30,266.3351135253906,138.00929260253906,23.09568214416504,158.8000030517578
2020-05-01,259.284423828125,139.1912384033203,23.121543884277344,159.77999877929688
2020-05-04,259.9995422363281,138.5364532470703,23.250858306884766,160.33999633789062
2020-05-05,262.4017028808594,137.64964294433594,23.268102645874023,161.02000427246094
2020-05-06,260.6228942871094,135.42849731445312,23.38017463684082,158.9499969482422
2020-05-07,263.7678527832031,137.69110107421875,23.311208724975586,161.38999938964844
2020-05-08,268.1322326660156,135.9009246826172,23.30258560180664,160.4199981689453
2020-05-11,268.187255859375,134.8401641845703,23.388795852661133,159.4199981689453
2020-05-12,262.84185791015625,136.22412109375,23.345691680908203,160.0399932861328
2020-05-13,258.1932067871094,137.17723083496094,23.388795852661133,161.5800018310547
2020-05-14,261.2830810546875,138.5198211669922,23.414657592773438,163.00999450683594
2020-05-15,262.4841613769531,138.16346740722656,23.431900024414062,163.92999267578125
2020-05-18,270.4794921875,135.1302032470703,23.242238998413086,162.69000244140625
2020-05-19,267.701171875,135.6357879638672,23.22499656677246,164.25999450683594
2020-05-20,272.24896240234375,136.04183959960938,23.14740753173828,164.64999389648438
2020-05-21,270.3694152832031,136.38168334960938,23.199132919311523,162.25
2020-05-22,270.88287353515625,137.20211791992188,23.268102645874023,163.2100067138672
2020-05-26,274.22027587890625,135.36221313476562,23.09568214416504,160.88999938964844
2020-05-27,278.3003845214844,135.11370849609375,23.087060928344727,161.17999267578125
2020-05-28,277.7869567871094,134.61643981933594,22.966365814208984,161.72000122070312
2020-05-29,279.0247497558594,135.5777587890625,22.931882858276367,162.91000366210938
2020-06-01,280.1524658203125,134.66500854492188,22.802568435668945,163.66000366210938
2020-06-02,282.47216796875,134.17539978027344,22.776702880859375,162.60000610351562
2020-06-03,286.2313232421875,132.39120483398438,22.63876724243164,159.60000610351562
2020-06-04,285.47955322265625,130.47430419921875,22.552555084228516,161.27999877929688
2020-06-05,292.7962951660156,129.54490661621094,22.595661163330078,158.00999450683594
2020-06-08,296.33544921875,130.042724609375,22.535316467285156,159.72000122070312
2020-06-09,294.1257629394531,131.5198516845703,22.466346740722656,161.25999450683594
2020-06-10,292.48443603515625,133.47000122070312,22.35427474975586,163.57000732421875
2020-06-11,275.6230773925781,135.99264526367188,22.578420639038086,162.38999938964844
2020-06-12,278.9238586425781,134.68148803710938,22.63876724243164,162.6199951171875
2020-06-15,281.5278625488281,134.75625610351562,22.54393768310547,162.3300018310547
2020-06-16,286.9465637207031,132.6898956298828,22.612905502319336,162.25
2020-06-17,285.754638671875,133.23765563964844,22.630146026611328,162.55999755859375
2020-06-18,285.8646240234375,134.6483612060547,22.716358184814453,162.24000549316406
2020-06-19,284.2308349609375,134.75625610351562,22.742219924926758,164.02999877929688
2020-06-22,286.0543518066406,134.77279663085938,22.621524810791016,165.08999633789062
2020-06-23,287.37127685546875,133.8516387939453,22.54393768310547,166.47999572753906
2020-06-24,280.040771484375,135.2872314453125,22.647390365600586,165.89999389648438
2020-06-25,283.0429992675781,135.67730712890625,22.68187141418457,165.8000030517578
2020-06-26,276.3203125,137.1295623779297,22.716358184814453,166.5399932861328
2020-06-29,280.38153076171875,136.6980743408203,22.724979400634766,166.6300048828125
2020-06-30,283.97308349609375,136.0341796875,22.690494537353516,167.3699951171875
2020-07-01,285.9622802734375,135.76995849609375,22.63876724243164,166.6199951171875
2020-07-02,287.53704833984375,135.9111785888672,22.656009674072266,166.97999572753906
2020-07-06,291.97589111328125,135.3545684814453,22.535316467285156,167.97999572753906
2020-07-07,288.9644470214844,137.2570343017578,22.58704376220703,169.0399932861328
2020-07-08,291.1745910644531,136.70877075195312,22.466346740722656,170.08999633789062
2020-07-09,289.5169982910156,138.8854217529297,22.54393768310547,169.6300048828125
2020-07-10,292.47308349609375,138.18759155273438,22.50945281982422,169.19000244140625
2020-07-13,289.94061279296875,138.64456176757812,22.47496795654297,169.39999389648438
2020-07-14,293.6979675292969,138.8438720703125,22.431865692138672,170.19000244140625
2020-07-15,296.3962097167969,138.1958770751953,22.371517181396484,170.33999633789062
2020-07-16,295.4200744628906,138.85232543945312,22.449106216430664,168.72999572753906
2020-07-17,296.2764892578125,138.5614471435547,22.35427474975586,170.1199951171875
2020-07-20,298.6708984375,138.90208435058594,22.31978988647461,170.94000244140625
2020-07-21,299.3063049316406,138.98516845703125,22.181854248046875,173.0
2020-07-22,301.0100402832031,139.40048217773438,22.12150764465332,175.6300048828125
2020-07-23,297.4183654785156,141.0288848876953,22.07840347290039,177.17999267578125
2020-07-24,295.5029296875,141.0205841064453,21.983572006225586,178.6999969482422
2020-07-27,297.6578674316406,140.49720764160156,21.819772720336914,182.22999572753906
2020-07-28,295.76995849609375,141.46926879882812,21.854257583618164,183.75
2020-07-29,299.40765380859375,141.22833251953125,21.750804901123047,185.1300048828125
2020-07-30,298.33935546875,142.1588592529297,21.664594650268555,183.75999450683594
2020-07-31,300.6968688964844,142.06741333007812,21.79391098022461,185.42999267578125
2020-08-03,302.7873840332031,141.35214233398438,21.79391098022461,185.63999938964844
2020-08-04,303.9569396972656,142.69952392578125,21.716320037841797,189.58999633789062
2020-08-05,305.84478759765625,141.45188903808594,21.621488571166992,191.35000610351562
2020-08-06,307.88922119140625,142.2421417236328,21.621488571166992,193.88999938964844
2020-08-07,308.1101989746094,141.2938995361328,21.750804901123047,190.80999755859375
2020-08-10,309.0312194824219,140.6618194580078,21.785289764404297,190.14999389648438
2020-08-11,306.4801940917969,138.99005126953125,21.819772720336914,179.94000244140625
2020-08-12,310.7532958984375,137.72579956054688,21.750804901123047,179.10000610351562
2020-08-13,310.19146728515625,136.2536163330078,21.742183685302734,183.3300018310547
2020-08-14,310.2007141113281,135.72128295898438,21.707700729370117,182.5399932861328
2020-08-17,311.1861267089844,136.0623779296875,21.61286735534668,186.5
2020-08-18,311.8584289550781,137.03546142578125,21.49217414855957,188.17999267578125
2020-08-19,310.55987548828125,136.1787872314453,21.664594650268555,182.24000549316406
2020-08-20,311.52691650390625,137.40975952148438,21.604246139526367,183.5
2020-08-21,312.6319274902344,138.23316955566406,21.707700729370117,182.02999877929688
2020-08-24,315.7998962402344,138.00856018066406,21.742183685302734,181.0
2020-08-25,316.9049987792969,136.9523468017578,21.664594650268555,181.22000122070312
2020-08-26,320.0821228027344,136.42831420898438,21.63873291015625,183.36000061035156
2020-08-27,320.7820129394531,134.1078338623047,21.664594650268555,181.24000549316406
2020-08-28,322.8540954589844,134.0080108642578,21.49217414855957,184.38999938964844
2020-08-31,321.68450927734375,134.89794921875,21.466310501098633,184.8300018310547
2020-09-01,324.71435546875,136.44082641601562,21.509414672851562,185.0500030517578
2020-09-02,329.4110107421875,137.7397918701172,21.587005615234375,182.6199951171875
2020-09-03,318.0745849609375,138.13119506835938,21.595626831054688,181.13999938964844
2020-09-04,315.4775390625,135.50830078125,21.630109786987305,181.63999938964844
2020-09-08,306.8578186035156,136.34097290039062,21.742183685302734,181.2899932861328
2020-09-09,312.91748046875,135.97463989257812,21.707700729370117,183.0500030517578
2020-09-10,307.4840087890625,136.66571044921875,21.750804901123047,182.4600067138672
2020-09-11,307.64056396484375,136.95704650878906,21.707700729370117,182.4499969482422
2020-09-14,311.692626953125,136.94876098632812,21.655975341796875,183.88999938964844
2020-09-15,313.26739501953125,136.61572265625,21.673213958740234,183.4499969482422
2020-09-16,312.02410888671875,136.20774841308594,21.699079513549805,183.97000122070312
2020-09-17,309.27978515625,136.6240997314453,21.621488571166992,182.9600067138672
2020-09-18,305.7191162109375,136.19943237304688,21.64735221862793,183.1999969482422
2020-09-21,302.3166198730469,136.89051818847656,21.80253028869629,179.52000427246094
2020-09-22,305.39556884765625,136.7822723388672,21.88011932373047,178.64999389648438
2020-09-23,298.3132019042969,136.96542358398438,22.000812530517578,174.7899932861328
2020-09-24,299.10833740234375,137.4900360107422,21.96632957458496,175.44000244140625
2020-09-25,303.9440002441406,137.4900360107422,22.026676177978516,174.94000244140625
2020-09-28,308.9922180175781,137.0986785888672,21.95770835876465,176.6999969482422
2020-09-29,307.3094482421875,137.25686645507812,21.854257583618164,178.19000244140625
2020-09-30,309.6394958496094,135.94134521484375,21.854257583618164,177.1199951171875
2020-10-01,311.6273498535156,136.16549682617188,21.819772720336914,178.6999969482422
2020-10-02,308.66864013671875,135.6570587158203,21.871498107910156,178.5399932861328
2020-10-05,314.1423034667969,133.00636291503906,21.77666664123535,179.41000366210938
2020-10-06,309.6764831542969,133.72325134277344,21.83701515197754,177.3000030517578
2020-10-07,315.0669250488281,132.7479705810547,21.8111515045166,177.22000122070312
2020-10-08,317.8591613769531,133.46482849121094,21.80253028869629,177.85000610351562
2020-10-09,320.6977233886719,133.43980407714844,21.673213958740234,181.0800018310547
2020-10-12,325.85693359375,133.86497497558594,21.64735221862793,180.55999755859375
2020-10-13,323.73040771484375,134.823486328125,21.77666664123535,177.72000122070312
2020-10-14,321.6962585449219,135.13189697265625,21.724943161010742,178.27000427246094
2020-10-15,321.2986755371094,134.89854431152344,21.828393936157227,178.9199981689453
2020-10-16,321.1044921875,134.5235137939453,21.80253028869629,178.3000030517578
2020-10-19,316.2226867675781,134.0149688720703,21.73356056213379,178.38999938964844
2020-10-20,317.4893798828125,132.7396240234375,21.664594650268555,179.25
2020-10-21,316.888427734375,132.2812042236328,21.552522659301758,180.60000610351562
2020-10-22,318.6265869140625,130.90589904785156,21.63873291015625,178.8300018310547
2020-10-23,319.7084655761719,131.7061004638672,21.587005615234375,178.63999938964844
2020-10-26,313.8002014160156,132.931396484375,21.664594650268555,178.5500030517578
2020-10-27,312.7184143066406,133.82327270507812,21.621488571166992,179.02000427246094
2020-10-28,302.0300598144531,133.94830322265625,21.759424209594727,176.1300048828125
2020-10-29,305.09967041015625,132.6479949951172,21.84563446044922,175.39999389648438
2020-10-30,301.9190979003906,131.33937072753906,21.871498107910156,176.1999969482422
2020-11-02,305.30316162109375,132.3231658935547,21.897361755371094,177.91000366210938
2020-11-03,310.6934814453125,131.55545043945312,21.77666664123535,178.9199981689453
2020-11-04,317.6372375488281,134.40914916992188,21.742183685302734,178.82000732421875
2020-11-05,323.8321228027344,134.642822265625,21.535276412963867,182.92999267578125
2020-11-06,323.7581481933594,133.01573181152344,21.45768928527832,183.19000244140625
2020-11-09,327.8263854980469,130.22039794921875,21.595626831054688,175.0800018310547
2020-11-10,327.3456726074219,129.46942138671875,21.595626831054688,175.66000366210938
2020-11-11,329.77728271484375,129.9367218017578,21.621488571166992,174.89999389648438
2020-11-12,326.5781555175781,132.14788818359375,21.621488571166992,175.9600067138672
2020-11-13,331.0994567871094,131.97267150878906,21.578384399414062,177.16000366210938
2020-11-16,335.23248291015625,131.65560913085938,21.52665901184082,177.14999389648438
2020-11-17,333.429443359375,132.51502990722656,21.49217414855957,176.5
2020-11-18,329.4166564941406,132.89891052246094,21.500797271728516,175.49000549316406
2020-11-19,330.8035888671875,133.58309936523438,21.466310501098633,175.16000366210938
2020-11-20,328.538330078125,134.76806640625,21.49217414855957,175.69000244140625
2020-11-23,330.50762939453125,134.15054321289062,21.52665901184082,172.22999572753906
2020-11-24,335.8334045410156,132.81539916992188,21.423206329345703,169.58999633789062
2020-11-25,335.3155822753906,132.4065704345703,21.388723373413086,169.50999450683594
2020-11-27,336.2494812011719,133.6916046142578,21.345617294311523,167.7899932861328
2020-11-30,334.7608642578125,133.52468872070312,21.3973445892334,166.6699981689453
2020-12-01,338.4222717285156,131.5559539794922,21.20768165588379,170.17999267578125
2020-12-02,339.1342468261719,130.5119171142578,21.18181800842285,171.4600067138672
2020-12-03,339.0417785644531,131.5643310546875,21.069744110107422,172.80999755859375
2020-12-04,341.96356201171875,129.63482666015625,21.095605850219727,172.32000732421875
2020-12-07,341.2607727050781,130.80421447753906,21.130094528198242,174.88999938964844
2020-12-08,342.2593994140625,131.42233276367188,21.155956268310547,175.5
2020-12-09,339.18975830078125,130.9879608154297,21.164573669433594,172.5
2020-12-10,339.0787658691406,132.14901733398438,21.104230880737305,172.1699981689453
2020-12-11,338.6811218261719,132.61680603027344,21.155956268310547,172.49000549316406
2020-12-14,337.16485595703125,132.24923706054688,21.095605850219727,171.5399932861328
2020-12-15,341.72314453125,131.80650329589844,21.02663803100586,173.94000244140625
2020-12-16,342.2593994140625,131.45574951171875,21.000776290893555,174.89999389648438
2020-12-17,344.1733093261719,131.10792541503906,20.888704299926758,176.74000549316406
2020-12-18,342.79901123046875,130.71490478515625,20.914566040039062,176.44000244140625
2020-12-21,341.5733642578125,131.23336791992188,20.957670211791992,175.8800048828125
2020-12-22,340.9976806640625,131.9105682373047,21.069744110107422,174.49000549316406
2020-12-23,341.3041076660156,130.9992218017578,20.97491455078125,175.64999389648438
2020-12-24,342.6319274902344,131.5176239013672,20.992156982421875,176.35000610351562
2020-12-28,345.57537841796875,131.576171875,20.992156982421875,175.7100067138672
2020-12-29,344.91607666015625,131.40890502929688,20.923187255859375,176.35000610351562
2020-12-30,345.40826416015625,131.6932373046875,20.836978912353516,177.6999969482422
2020-12-31,347.1632385253906,131.88555908203125,20.897323608398438,178.36000061035156
2021-01-04,342.4368896484375,131.7266082763672,20.914566040039062,182.3300018310547
2021-01-05,344.7954406738281,130.7483673095703,20.793874740600586,182.8699951171875
2021-01-06,346.85675048828125,128.06436157226562,20.768009185791016,179.89999389648438
2021-01-07,352.0101318359375,126.93551635742188,20.888704299926758,179.47999572753906
2021-01-08,354.0158996582031,126.52586364746094,20.923187255859375,173.33999633789062
2021-01-11,351.62945556640625,126.31672668457031,21.052501678466797,173.0
2021-01-12,351.7037658691406,126.2164306640625,20.9404296875,174.1199951171875
2021-01-13,352.65087890625,127.63790130615234,21.009397506713867,173.3699951171875
2021-01-14,351.4159240722656,126.44218444824219,20.966291427612305,173.27999877929688
2021-01-15,348.8531188964844,126.94386291503906,21.104230880737305,171.1300048828125
2021-01-19,351.59234619140625,127.3536148071289,21.043882369995117,172.5800018310547
2021-01-20,356.45794677734375,127.47901153564453,21.035261154174805,175.38999938964844
2021-01-21,356.7828369140625,126.58432006835938,20.9404296875,175.27999877929688
2021-01-22,355.52008056640625,126.99410247802734,20.98353385925293,173.89999389648438
2021-01-25,356.9222106933594,128.4907989501953,21.009397506713867,174.0500030517578
2021-01-26,356.3650817871094,128.24827575683594,20.949050903320312,173.6199951171875
2021-01-27,347.6553649902344,128.5743865966797,21.078365325927734,172.52000427246094
2021-01-28,350.6452331542969,127.86369323730469,21.02663803100586,172.67999267578125
2021-01-29,343.62548828125,127.09436798095703,21.052501678466797,172.61000061035156
2021-02-01,349.34527587890625,127.24169158935547,21.155956268310547,174.22999572753906
2021-02-02,354.28509521484375,126.42134857177734,21.18181800842285,172.11000061035156
2021-02-03,354.5636291503906,125.29953002929688,21.17319679260254,171.85000610351562
2021-02-04,358.59356689453125,124.96472930908203,21.26802635192871,168.14999389648438
2021-02-05,360.0049743652344,123.91845703125,21.147335052490234,169.80999755859375
2021-02-08,362.60491943359375,124.46246337890625,21.13871192932129,171.52000427246094
2021-02-09,362.36346435546875,124.5545654296875,21.02663803100586,172.0800018310547
2021-02-10,362.2055969238281,125.38333129882812,21.01801872253418,172.7100067138672
2021-02-11,362.7905578613281,124.69686126708984,21.009397506713867,171.2100067138672
2021-02-12,364.5826416015625,123.14823150634766,21.02663803100586,170.69000244140625
2021-02-16,364.2669372558594,121.27310943603516,21.02663803100586,168.24000549316406
2021-02-17,364.3504943847656,122.04328155517578,21.11284828186035,166.3300018310547
2021-02-18,362.7998352050781,121.54928588867188,21.043882369995117,166.32000732421875
2021-02-19,362.15911865234375,119.93367767333984,20.992156982421875,167.00999450683594
2021-02-22,359.3735656738281,119.02120208740234,20.93181037902832,169.50999450683594
2021-02-23,359.80999755859375,118.67803192138672,20.949050903320312,169.1199951171875
2021-02-24,363.7747802734375,117.89949035644531,20.914566040039062,169.0
2021-02-25,355.0093688964844,115.97415161132812,20.98353385925293,165.82000732421875
2021-02-26,353.1800537109375,119.80815124511719,21.13871192932129,161.80999755859375
2021-03-01,361.7413024902344,118.22576141357422,21.155956268310547,161.52999877929688
2021-03-02,358.9185485839844,118.23417663574219,21.078365325927734,162.41000366210938
2021-03-03,354.1644592285156,116.95181274414062,21.13871192932129,160.6199951171875
2021-03-04,349.78173828125,116.1974868774414,21.276647567749023,159.0399932861328
2021-03-05,356.2165222167969,116.42375946044922,21.354238510131836,159.13999938964844
2021-03-08,354.4429626464844,115.51862335205078,21.474931716918945,157.49000549316406
2021-03-09,359.5035400390625,117.11943817138672,21.354238510131836,160.83999633789062
2021-03-10,361.7413024902344,117.35411834716797,21.319751739501953,161.66000366210938
2021-03-11,365.4090270996094,116.50761413574219,21.2163028717041,161.52000427246094
2021-03-12,365.901123046875,114.03514099121094,21.2852725982666,161.49000549316406
2021-03-15,368.08319091796875,114.70561218261719,21.3283748626709,162.1999969482422
2021-03-16,367.618896484375,114.24462890625,21.3283748626709,162.35000610351562
2021-03-17,368.8724670410156,113.38976287841797,21.22492218017578,163.50999450683594
2021-03-18,363.5055847167969,112.24153900146484,21.354238510131836,162.55999755859375
2021-03-19,362.8330078125,112.93719482421875,21.36285972595215,163.24000549316406
2021-03-22,365.730224609375,114.20274353027344,21.319751739501953,163.0
2021-03-23,362.85162353515625,115.23368835449219,21.449068069458008,161.80999755859375
2021-03-24,361.00701904296875,115.85385131835938,21.500797271728516,162.3699951171875
2021-03-25,363.03790283203125,114.94033813476562,21.561140060424805,161.77999877929688
2021-03-26,368.8883056640625,114.53797912597656,21.535276412963867,162.24000549316406
2021-03-29,368.70184326171875,113.56574249267578,21.587005615234375,160.30999755859375
2021-03-30,367.7237548828125,114.16085052490234,21.673213958740234,157.57000732421875
2021-03-31,369.21429443359375,113.52388000488281,21.655975341796875,159.9600067138672
2021-04-01,373.2014465332031,115.40802764892578,21.561140060424805,161.97999572753906
2021-04-05,378.5580749511719,114.90443420410156,21.49217414855957,161.9199981689453
2021-04-06,378.33447265625,115.68498992919922,21.44045066833496,163.22000122070312
2021-04-07,378.7723693847656,114.87936401367188,21.466310501098633,162.75999450683594
2021-04-08,380.5703125,115.82764434814453,21.371482849121094,164.50999450683594
2021-04-09,383.3370666503906,115.40802764892578,21.388723373413086,163.27000427246094
2021-04-12,383.4768371582031,115.35771942138672,21.380098342895508,162.27999877929688
2021-04-13,384.6134033203125,116.22212219238281,21.30251121520996,163.42999267578125
2021-04-14,383.2998352050781,115.85284423828125,21.276647567749023,162.72000122070312
2021-04-15,387.41741943359375,117.79155731201172,21.276647567749023,165.35000610351562
2021-04-16,388.7123107910156,116.8767318725586,21.250783920288086,166.35000610351562
2021-04-19,386.8025817871094,116.54104614257812,21.130094528198242,165.88999938964844
2021-04-20,383.9706115722656,117.078125,21.164573669433594,166.47999572753906
2021-04-21,387.6037292480469,117.31314086914062,21.13871192932129,168.1300048828125
2021-04-22,384.0636901855469,117.82515716552734,21.199060440063477,167.0399932861328
2021-04-23,388.2278137207031,117.54816436767578,21.078365325927734,166.39999389648438
2021-04-26,389.0383605957031,117.38034057617188,21.078365325927734,166.83999633789062
2021-04-27,388.95452880859375,116.3564224243164,21.086986541748047,166.4199981689453
2021-04-28,388.8427429199219,116.43193817138672,21.009397506713867,166.91000366210938
2021-04-29,391.32073974609375,116.08784484863281,21.01801872253418,166.22000122070312
2021-04-30,388.7496032714844,116.3564224243164,21.190439224243164,165.66000366210938
2021-05-03,389.5880126953125,116.42618560791016,21.095605850219727,167.80999755859375
2021-05-04,387.18450927734375,117.21622467041016,21.190439224243164,166.5800018310547
2021-05-05,387.3056640625,117.4095687866211,21.18181800842285,167.27000427246094
2021-05-06,390.3985290527344,117.60283660888672,21.078365325927734,170.05999755859375
2021-05-07,393.2397766113281,117.02294921875,20.923187255859375,171.58999633789062
2021-05-10,389.3458251953125,115.83782196044922,20.923187255859375,172.11000061035156
2021-05-11,385.8709716796875,115.18224334716797,20.905946731567383,172.13999938964844
2021-05-12,377.67303466796875,113.9719009399414,21.061124801635742,170.42999267578125
2021-05-13,382.2098693847656,114.1484146118164,21.02663803100586,171.1300048828125
2021-05-14,388.0788269042969,115.21583557128906,20.9404296875,172.69000244140625
2021-05-17,387.09136962890625,114.97209930419922,20.914566040039062,174.6999969482422
2021-05-18,383.75628662109375,114.67790985107422,20.81973648071289,175.0399932861328
2021-05-19,382.7501525878906,114.40057373046875,20.914566040039062,175.16000366210938
2021-05-20,386.8678283691406,115.34196472167969,20.811111450195312,175.9600067138672
2021-05-21,386.5511169433594,115.71173858642578,20.880083084106445,176.0399932861328
2021-05-24,390.4916687011719,116.14043426513672,20.82835578918457,176.35000610351562
2021-05-25,389.62530517578125,117.21622467041016,20.802492141723633,177.9499969482422
2021-05-26,390.3985290527344,117.01454162597656,20.880083084106445,177.63999938964844
2021-05-27,390.60345458984375,116.5438461303711,20.862842559814453,177.7100067138672
2021-05-28,391.3020935058594,116.35892486572266,20.880083084106445,178.3800048828125
2021-06-01,390.95745849609375,116.33282470703125,20.845598220825195,177.89999389648438
2021-06-02,391.572265625,116.6021957397461,20.845598220825195,178.77000427246094
2021-06-03,390.1189270019531,116.16448974609375,20.97491455078125,175.27000427246094
2021-06-04,393.68695068359375,117.7553482055664,20.897323608398438,177.16000366210938
2021-06-07,393.30499267578125,117.39337921142578,20.862842559814453,177.8699951171875
2021-06-08,393.388916015625,118.2182388305664,20.888704299926758,177.32000732421875
2021-06-09,392.8019104003906,119.26204681396484,20.905946731567383,176.97999572753906
2021-06-10,394.6278381347656,119.97747039794922,20.888704299926758,177.74000549316406
2021-06-11,395.2799072265625,119.78385925292969,20.992156982421875,175.74000549316406
2021-06-14,396.1650390625,118.86639404296875,20.97491455078125,174.7100067138672
2021-06-15,395.43829345703125,118.72330474853516,20.992156982421875,174.0500030517578
2021-06-16,393.23046875,118.62226867675781,21.164573669433594,171.11000061035156
2021-06-17,393.1000061035156,120.39834594726562,21.3283748626709,165.85000610351562
2021-06-18,387.7969665527344,122.6624984741211,21.3973445892334,164.92999267578125
2021-06-21,393.3486633300781,120.60875701904297,21.29388999938965,166.9499969482422
2021-06-22,395.45159912109375,120.90335083007812,21.259408950805664,166.25
2021-06-23,394.97503662109375,120.59182739257812,21.29388999938965,166.13999938964844
2021-06-24,397.3115539550781,120.78553009033203,21.276647567749023,166.0399932861328
2021-06-25,398.7228088378906,119.5313720703125,21.2852725982666,166.58999633789062
2021-06-28,399.526611328125,120.76023864746094,21.29388999938965,166.5800018310547
2021-06-29,399.74151611328125,120.96221160888672,21.345617294311523,164.8300018310547
2021-06-30,400.07806396484375,121.50096130371094,21.405961990356445,165.6300048828125
2021-07-01,402.2931213378906,121.50769805908203,21.466310501098633,166.1999969482422
2021-07-02,405.3680114746094,122.24091339111328,21.380098342895508,167.2899932861328
2021-07-06,404.62969970703125,123.67371368408203,21.45768928527832,168.1199951171875
2021-07-07,406.0596618652344,124.7693862915039,21.49217414855957,168.75999450683594
2021-07-08,402.7510986328125,125.25813293457031,21.405961990356445,168.64999389648438
2021-07-09,407.0504150390625,123.49667358398438,21.354238510131836,169.2100067138672
2021-07-12,408.5084533691406,123.33653259277344,21.380098342895508,169.0
2021-07-13,407.1158447265625,122.39262390136719,21.509414672851562,169.22000122070312
2021-07-14,407.7232971191406,123.78324127197266,21.405961990356445,171.0399932861328
2021-07-15,406.33074951171875,125.1486587524414,21.466310501098633,171.07000732421875
2021-07-16,403.1436462402344,124.91259765625,21.49217414855957,169.41000366210938
2021-07-19,397.19000244140625,127.6517333984375,21.52665901184082,169.61000061035156
2021-07-20,402.8819274902344,126.42125701904297,21.552522659301758,169.38999938964844
2021-07-21,406.14373779296875,124.81991577148438,21.500797271728516,168.75999450683594
2021-07-22,406.9942626953125,125.99984741210938,21.52665901184082,169.08999633789062
2021-07-23,411.181396484375,125.15703582763672,21.535276412963867,168.55999755859375
2021-07-26,412.19085693359375,124.78617095947266,21.466310501098633,168.16000366210938
2021-07-27,410.312255859375,126.11787414550781,21.431827545166016,168.44000244140625
2021-07-28,410.14398193359375,126.12625885009766,21.371482849121094,169.2899932861328
2021-07-29,411.8450622558594,125.4267349243164,21.29388999938965,171.1699981689453
2021-07-30,409.8448791503906,126.01669311523438,21.354238510131836,169.82000732421875
2021-08-02,408.9850158691406,127.14070129394531,21.3283748626709,169.61000061035156
2021-08-03,412.3124084472656,127.20823669433594,21.33699607849121,169.49000549316406
2021-08-04,410.2842712402344,127.46986389160156,21.371482849121094,169.52999877929688
2021-08-05,412.8825378417969,126.82006072998047,21.371482849121094,168.86000061035156
2021-08-06,413.5647277832031,124.70195007324219,21.49217414855957,164.63999938964844
2021-08-09,413.22821044921875,124.25475311279297,21.535276412963867,161.72000122070312
2021-08-10,413.7422790527344,123.68099212646484,21.552522659301758,161.77000427246094
2021-08-11,414.7704162597656,123.60499572753906,21.509414672851562,164.0
2021-08-12,416.0134582519531,123.40253448486328,21.535276412963867,164.0399932861328
2021-08-13,416.77056884765625,125.35177612304688,21.431827545166016,166.38999938964844
2021-08-16,417.7518310546875,125.65559387207031,21.449068069458008,167.22000122070312
2021-08-17,415.0133972167969,125.60487365722656,21.578384399414062,166.97000122070312
2021-08-18,410.4710693359375,126.0268783569336,21.578384399414062,167.10000610351562
2021-08-19,411.10662841796875,126.95506286621094,21.68183708190918,166.61000061035156
2021-08-20,414.3778381347656,127.0394287109375,21.655975341796875,166.6999969482422
2021-08-23,418.02294921875,126.95506286621094,21.52665901184082,168.72999572753906
2021-08-24,418.68658447265625,125.96772003173828,21.509414672851562,168.64999389648438
2021-08-25,419.5650634765625,124.9214096069336,21.49217414855957,167.47999572753906
2021-08-26,417.08831787109375,125.26734924316406,21.552522659301758,167.6699981689453
2021-08-27,420.8175048828125,126.1196517944336,21.45768928527832,170.19000244140625
2021-08-30,422.6680908203125,126.44876861572266,21.45768928527832,169.35000610351562
2021-08-31,422.0418395996094,125.58802795410156,21.45768928527832,169.69000244140625
2021-09-01,422.2662048339844,125.79844665527344,21.414587020874023,169.6999969482422
2021-09-02,423.5652770996094,126.34762573242188,21.36285972595215,169.25
2021-09-03,423.46240234375,125.19852447509766,21.319751739501953,171.05999755859375
2021-09-07,421.94842529296875,124.14229583740234,21.423206329345703,167.7100067138672
2021-09-08,421.4344177246094,124.98735046386719,21.45768928527832,167.2899932861328
2021-09-09,419.6305236816406,126.49972534179688,21.405961990356445,168.02999877929688
2021-09-10,416.32196044921875,125.38443756103516,21.44045066833496,167.17999267578125
2021-09-13,417.38739013671875,126.14486694335938,21.44045066833496,167.74000549316406
2021-09-14,415.1349792480469,127.6740493774414,21.44045066833496,168.82000732421875
2021-09-15,418.60235595703125,127.22626495361328,21.3973445892334,167.8300018310547
2021-09-16,417.9388427734375,126.64335632324219,21.49217414855957,164.02999877929688
2021-09-17,413.8676452636719,126.03498077392578,21.569765090942383,163.77000427246094
2021-09-20,406.96673583984375,127.59801483154297,21.578384399414062,164.94000244140625
2021-09-21,406.58233642578125,127.48822021484375,21.561140060424805,166.0399932861328
2021-09-22,410.548583984375,128.24867248535156,21.621488571166992,165.4199981689453
2021-09-23,415.53662109375,125.35060119628906,21.535276412963867,163.50999450683594
2021-09-24,416.2210998535156,124.12555694580078,21.595626831054688,163.3000030517578
2021-09-27,415.0302734375,123.66924285888672,21.621488571166992,163.63999938964844
2021-09-28,406.66668701171875,121.74285888671875,21.699079513549805,162.0500030517578
2021-09-29,407.3511962890625,121.9540786743164,21.854257583618164,161.32000732421875
2021-09-30,402.37237548828125,121.93719482421875,21.819772720336914,164.22000122070312
2021-10-01,407.1543273925781,122.96338653564453,21.77666664123535,164.58999633789062
2021-10-04,401.9035339355469,122.65033721923828,21.707700729370117,165.36000061035156
2021-10-05,406.0853271484375,121.46599578857422,21.750804901123047,164.58999633789062
2021-10-06,407.7730712890625,122.15119171142578,21.8111515045166,165.02999877929688
2021-10-07,411.29852294921875,120.8737564086914,21.80253028869629,164.16000366210938
2021-10-08,410.548583984375,120.02783966064453,21.785289764404297,164.22999572753906
2021-10-11,407.576171875,119.72327423095703,21.84563446044922,163.9199981689453
2021-10-12,406.572998046875,121.7705307006836,21.871498107910156,164.66000366210938
2021-10-13,408.0356140136719,122.9549331665039,21.750804901123047,167.58999633789062
2021-10-14,414.8990478515625,123.41175079345703,21.750804901123047,168.0
2021-10-15,418.0588073730469,122.69267272949219,21.724943161010742,165.3300018310547
2021-10-18,419.29644775390625,123.26792907714844,21.73356056213379,164.9199981689453
2021-10-19,422.5313720703125,121.56747436523438,21.68183708190918,165.4499969482422
2021-10-20,424.1909484863281,120.74690246582031,21.64735221862793,166.89999389648438
2021-10-21,425.2973327636719,120.6030044555664,21.699079513549805,166.75
2021-10-22,424.8565673828125,121.93126678466797,21.655975341796875,167.77000427246094
2021-10-25,427.13507080078125,121.74516296386719,21.69045639038086,168.92999267578125
2021-10-26,427.5195617675781,122.75186920166016,21.73356056213379,167.67999267578125
2021-10-27,425.6254577636719,124.98524475097656,21.724943161010742,168.1199951171875
2021-10-28,429.7322692871094,124.56234741210938,21.595626831054688,168.0800018310547
2021-10-29,430.6042785644531,124.94294738769531,21.768047332763672,166.64999389648438
2021-11-01,431.3450622558594,124.04339599609375,21.699079513549805,167.52000427246094
2021-11-02,433.0889587402344,124.59394073486328,21.750804901123047,167.16000366210938
2021-11-03,435.7330627441406,123.30644989013672,21.699079513549805,165.77000427246094
2021-11-04,437.7864990234375,124.60248565673828,21.8111515045166,167.64999389648438
2021-11-05,439.3053894042969,126.46598815917969,21.79391098022461,169.83999633789062
2021-11-08,439.68048095703125,126.22885131835938,21.750804901123047,170.4499969482422
2021-11-09,438.2271728515625,127.87215423583984,21.724943161010742,171.2899932861328
2021-11-10,434.7016906738281,125.53421783447266,21.95770835876465,173.14999389648438
2021-11-11,434.84234619140625,125.34783935546875,22.009435653686523,174.1199951171875
2021-11-12,438.1240234375,124.79727935791016,21.983572006225586,174.4499969482422
2021-11-15,438.2740783691406,123.23021697998047,22.104265213012695,174.17999267578125
2021-11-16,440.0086669921875,122.9167709350586,22.190475463867188,172.9199981689453
2021-11-17,438.93975830078125,123.89093017578125,22.147371292114258,174.5
2021-11-18,440.4305419921875,124.35681915283203,22.087024688720703,173.94000244140625
2021-11-19,439.6430358886719,125.66975402832031,22.1990966796875,172.61000061035156
2021-11-22,438.4053649902344,124.19583892822266,22.311166763305664,168.74000549316406
2021-11-23,438.9866943359375,122.40005493164062,22.30255126953125,167.27999877929688
2021-11-24,440.1586608886719,124.36524200439453,22.388757705688477,167.1199951171875
2021-11-26,430.3417663574219,127.50777435302734,22.216339111328125,166.85000610351562
2021-11-29,435.62054443359375,126.48286437988281,22.259443283081055,166.6199951171875
2021-11-30,427.14447021484375,128.40576171875,22.155990600585938,165.5
2021-12-01,422.40008544921875,129.19789123535156,22.216339111328125,166.16000366210938
2021-12-02,428.86962890625,129.3590087890625,22.224960327148438,165.24000549316406
2021-12-03,425.1379089355469,130.9025421142578,22.216339111328125,166.6300048828125
2021-12-06,430.17303466796875,129.10458374023438,22.250823974609375,166.22000122070312
2021-12-07,439.0710144042969,128.0613555908203,22.259443283081055,166.80999755859375
2021-12-08,440.233642578125,125.84789276123047,22.155990600585938,166.89999389648438
2021-12-09,437.261474609375,126.55183410644531,22.23358154296875,165.8800048828125
2021-12-10,441.3775939941406,126.24647521972656,22.1990966796875,166.5800018310547
2021-12-13,437.46771240234375,128.11231994628906,22.268062591552734,167.0
2021-12-14,434.4578552246094,127.8069839477539,22.311166763305664,165.44000244140625
2021-12-15,441.2463684082031,126.57726287841797,22.276687622070312,166.14999389648438
2021-12-16,437.35516357421875,126.62651062011719,22.181854248046875,168.16000366210938
2021-12-17,432.7004699707031,128.0613555908203,22.337032318115234,167.8000030517578
2021-12-20,428.0993957519531,127.10195922851562,22.311166763305664,167.08999633789062
2021-12-21,435.7019958496094,126.61803436279297,22.28530502319336,167.02000427246094
2021-12-22,440.0584716796875,127.20387268066406,22.1990966796875,168.58999633789062
2021-12-23,442.79656982421875,126.10012817382812,22.181854248046875,168.97000122070312
2021-12-27,449.0630187988281,126.40575408935547,22.190475463867188,169.3699951171875
2021-12-28,448.69610595703125,125.90484619140625,22.216339111328125,168.63999938964844
2021-12-29,449.2700500488281,124.52938842773438,22.155990600585938,168.58999633789062
2021-12-30,448.0280456542969,125.57371520996094,22.190475463867188,169.8000030517578
2021-12-31,446.8989562988281,125.81991577148438,22.095643997192383,170.9600067138672
2022-01-03,449.4864807128906,122.51712036132812,22.23358154296875,168.3300018310547
2022-01-04,449.33587646484375,122.00764465332031,22.250823974609375,169.57000732421875
2022-01-05,440.7076721191406,121.3454818725586,22.224960327148438,169.05999755859375
2022-01-06,440.29364013671875,121.65958404541016,22.24220085144043,166.99000549316406
2022-01-07,438.5530090332031,120.78509521484375,22.12150764465332,167.75
2022-01-10,438.0072326660156,121.08223724365234,22.173234939575195,168.25999450683594
2022-01-11,441.9967346191406,121.8888168334961,22.07840347290039,170.2899932861328
2022-01-12,443.1917419433594,121.42179870605469,21.931846618652344,170.74000549316406
2022-01-13,437.08514404296875,122.50013732910156,21.92322540283203,170.16000366210938
2022-01-14,437.26385498046875,120.64923095703125,21.983572006225586,169.6699981689453
2022-01-18,429.5201110839844,118.95117950439453,22.12150764465332,169.38999938964844
2022-01-19,425.06011962890625,119.77474975585938,22.069780349731445,172.0800018310547
2022-01-20,420.3555603027344,120.51339721679688,22.138750076293945,171.64999389648438
2022-01-21,412.1037902832031,121.94828033447266,22.07840347290039,171.08999633789062
2022-01-24,413.8537902832031,120.9464111328125,22.147371292114258,172.02999877929688
2022-01-25,408.8010559082031,120.75110626220703,22.155990600585938,172.5800018310547
2022-01-26,407.7755126953125,119.2907485961914,22.276687622070312,169.7899932861328
2022-01-27,405.7618713378906,121.48133850097656,22.466346740722656,167.60000610351562
2022-01-28,415.83917236328125,121.52374267578125,22.457727432250977,167.10000610351562
2022-01-31,423.32891845703125,120.89543151855469,22.30255126953125,168.08999633789062
2022-02-01,426.1893005371094,120.49412536621094,22.24220085144043,168.22999572753906
2022-02-02,430.329345703125,120.90225982666016,22.155990600585938,168.83999633789062
2022-02-03,420.2144775390625,119.95846557617188,22.043916702270508,168.60000610351562
2022-02-04,422.1904602050781,118.19001007080078,22.026676177978516,168.86000061035156
2022-02-07,420.83551025390625,118.26654052734375,22.03529930114746,170.11000061035156
2022-02-08,424.298095703125,117.47587585449219,22.069780349731445,170.6300048828125
2022-02-09,430.50811767578125,117.69685363769531,22.043916702270508,171.2100067138672
2022-02-10,422.7737731933594,115.826416015625,22.07840347290039,170.55999755859375
2022-02-11,414.43719482421875,117.54386901855469,22.173234939575195,173.80999755859375
2022-02-14,413.0822448730469,116.08146667480469,22.23358154296875,174.74000549316406
2022-02-15,419.7440490722656,114.76361846923828,22.147371292114258,173.0800018310547
2022-02-16,420.2144775390625,115.44379425048828,22.104265213012695,174.86000061035156
2022-02-17,411.2381286621094,116.30252075195312,22.112886428833008,177.25
2022-02-18,408.5753479003906,117.52681732177734,22.173234939575195,177.1199951171875
2022-02-22,404.190673828125,117.83296966552734,22.181854248046875,177.49000549316406
2022-02-23,397.02081298828125,116.2090072631836,22.207717895507812,178.2899932861328
2022-02-24,402.9956359863281,116.28551483154297,22.388757705688477,177.13999938964844
2022-02-25,411.8873291015625,116.37055206298828,22.276687622070312,176.5500030517578
2022-02-28,410.8334655761719,118.92125701904297,22.311166763305664,178.3800048828125
2022-03-01,404.5763854980469,120.29615020751953,22.483591079711914,181.6199951171875
2022-03-02,412.01904296875,116.18413543701172,22.466346740722656,179.72999572753906
2022-03-03,409.96783447265625,117.36751556396484,22.552555084228516,180.8000030517578
2022-03-04,406.636962890625,119.39374542236328,22.724979400634766,183.67999267578125
2022-03-07,394.6496887207031,118.48274230957031,22.888776779174805,186.41000366210938
2022-03-08,391.6576232910156,117.29092407226562,22.845672607421875,191.50999450683594
2022-03-09,402.15814208984375,116.14159393310547,22.621524810791016,185.82000732421875
2022-03-10,400.34222412109375,114.47293090820312,22.733600616455078,186.39999389648438
2022-03-11,395.251953125,114.85601806640625,22.854293823242188,185.08999633789062
2022-03-14,392.36322021484375,112.17422485351562,22.845672607421875,182.3000030517578
2022-03-15,400.9914855957031,111.97840881347656,22.819807052612305,178.88999938964844
2022-03-16,409.8831481933594,113.07670593261719,22.656009674072266,180.00999450683594
2022-03-17,415.01123046875,112.23384094238281,22.60428237915039,180.88999938964844
2022-03-18,419.5567321777344,113.6044921875,22.630146026611328,179.3000030517578
2022-03-21,419.43402099609375,110.97384643554688,22.716358184814453,180.6699981689453
2022-03-22,424.34197998046875,109.55209350585938,22.707735061645508,179.36000061035156
2022-03-23,418.8771667480469,111.95292663574219,22.733600616455078,181.80999755859375
2022-03-24,425.1913757324219,111.07600402832031,22.759462356567383,183.1300048828125
2022-03-25,427.2679443359375,109.5350341796875,22.768083572387695,182.3800048828125
2022-03-28,430.3070373535156,110.47152709960938,22.837051391601562,179.05999755859375
2022-03-29,435.6303405761719,111.30587005615234,22.699115753173828,179.13999938964844
2022-03-30,432.9404602050781,112.17422485351562,22.578420639038086,180.5800018310547
2022-03-31,426.27691650390625,112.44668579101562,22.67325210571289,180.64999389648438
2022-04-01,427.4850158691406,112.87474822998047,22.707735061645508,179.5
2022-04-04,431.1470642089844,112.09027099609375,22.811187744140625,180.3699951171875
2022-04-05,425.7011413574219,109.55789947509766,22.931882858276367,179.24000549316406
2022-04-06,421.4443359375,108.671142578125,22.94912338256836,179.66000366210938
2022-04-07,423.5680236816406,107.85259246826172,22.992229461669922,180.33999633789062
2022-04-08,422.4354248046875,106.68443298339844,22.992229461669922,181.47000122070312
2022-04-11,415.2149963378906,104.99615478515625,23.043954849243164,182.3699951171875
2022-04-12,413.67657470703125,104.85124969482422,23.121543884277344,183.77000427246094
2022-04-13,418.4147033691406,105.06437683105469,23.026714324951172,184.64999389648438
2022-04-14,413.2046813964844,102.95833587646484,23.130165100097656,184.0399932861328
2022-04-18,413.3745422363281,102.44673919677734,23.22499656677246,184.61000061035156
2022-04-19,420.0475158691406,101.67935180664062,23.276721954345703,181.82000732421875
2022-04-20,419.7359619140625,103.7257308959961,23.11292266845703,182.7100067138672
2022-04-21,413.45953369140625,102.95833587646484,23.18189239501953,182.05999755859375
2022-04-22,402.1144714355469,102.31031036376953,23.319828033447266,180.2899932861328
2022-04-25,404.4457702636719,103.33348846435547,23.431900024414062,177.0500030517578
2022-04-26,392.7326965332031,104.37368774414062,23.578458786010742,177.32000732421875
2022-04-27,393.8370361328125,103.03507232666016,23.725013732910156,175.97999572753906
2022-04-28,403.78509521484375,103.18853759765625,23.862951278686523,176.92999267578125
2022-04-29,388.8629455566406,101.84988403320312,23.76811981201172,176.91000366210938
2022-05-02,391.2037353515625,100.08443450927734,23.888813018798828,173.6300048828125
2022-05-03,392.9969482421875,100.75916290283203,23.8457088470459,174.08999633789062
2022-05-04,404.96490478515625,101.31433868408203,23.64742660522461,175.8000030517578
2022-05-05,390.5713195800781,98.53851318359375,23.8457088470459,175.1300048828125
2022-05-06,388.2400207519531,97.08647918701172,23.888813018798828,175.4199981689453
2022-05-09,375.8096618652344,97.94059753417969,23.89743423461914,172.8800048828125
2022-05-10,376.6780090332031,98.82886505126953,23.949161529541016,171.4199981689453
2022-05-11,370.69403076171875,100.7335433959961,23.97502326965332,172.82000732421875
2022-05-12,370.3070068359375,100.5456314086914,24.181926727294922,170.1699981689453
2022-05-13,379.1602478027344,99.05949401855469,24.112960815429688,168.7899932861328
2022-05-16,377.6218566894531,98.95699310302734,24.018131256103516,170.39999389648438
2022-05-17,385.3896789550781,97.76124572753906,23.81984519958496,169.3300018310547
2022-05-18,369.8539123535156,99.84528350830078,23.940540313720703,169.4199981689453
2022-05-19,367.5887451171875,100.08443450927734,23.69053077697754,171.91000366210938
2022-05-20,367.749267578125,101.22040557861328,23.742258071899414,172.02999877929688
2022-05-23,374.6298522949219,99.55487823486328,23.526731491088867,172.8300018310547
2022-05-24,371.77001953125,101.51934051513672,23.457761764526367,174.1300048828125
2022-05-25,375.05462646484375,101.92076873779297,23.543973922729492,173.0800018310547
2022-05-26,382.548583984375,101.45954895019531,23.466384887695312,172.75999450683594
2022-05-27,391.9399108886719,101.70721435546875,23.414657592773438,172.85000610351562
2022-05-31,389.7406921386719,99.55487823486328,23.457761764526367,171.13999938964844
2022-06-01,386.5882263183594,99.44107818603516,23.638805389404297,172.22999572753906
2022-06-02,393.9503173828125,99.49242401123047,23.431900024414062,174.35000610351562
2022-06-03,387.4849548339844,99.27851104736328,23.53535270690918,172.5800018310547
2022-06-06,388.6647644042969,97.44745635986328,23.587080001831055,171.82000732421875
2022-06-07,392.3929443359375,98.49990844726562,23.561216354370117,172.94000244140625
2022-06-08,388.126708984375,97.62714385986328,23.630184173583984,172.77999877929688
2022-06-09,378.8960266113281,97.95228576660156,23.8026065826416,172.22999572753906
2022-06-10,367.9096984863281,97.34478759765625,23.992265701293945,174.5399932861328
2022-06-13,353.9407653808594,94.2901840209961,24.225034713745117,169.92999267578125
2022-06-14,352.874267578125,93.10086822509766,24.27676010131836,168.57000732421875
2022-06-15,357.90496826171875,94.83777618408203,24.087099075317383,170.77000427246094
2022-06-16,346.05975341796875,95.59077453613281,23.854331970214844,172.69000244140625
2022-06-17,346.8057556152344,95.8987808227539,24.095720291137695,171.27000427246094
2022-06-21,355.5361022949219,94.27306365966797,24.009510040283203,170.6300048828125
2022-06-22,354.89154052734375,96.86564636230469,23.97502326965332,171.30999755859375
2022-06-23,358.370361328125,97.66139221191406,24.000886917114258,170.25999450683594
2022-06-24,369.7643127441406,96.30947875976562,23.949161529541016,170.08999633789062
2022-06-27,368.35198974609375,95.4880599975586,23.906057357788086,169.89999389648438
2022-06-28,360.8254699707031,95.9330062866211,24.04399299621582,169.6199951171875
2022-06-29,360.5316467285156,97.43035888671875,24.181926727294922,169.49000549316406
2022-06-30,357.6025390625,98.2859878540039,24.104337692260742,168.4600067138672
2022-07-01,361.3847351074219,99.29503631591797,24.181926727294922,168.32000732421875
2022-07-05,362.0672607421875,100.0752182006836,24.526769638061523,164.75
2022-07-06,363.2900695800781,98.39485168457031,24.63884162902832,162.13999938964844
2022-07-07,368.731201171875,97.5289535522461,24.647462844848633,162.22999572753906
2022-07-08,368.4278259277344,96.4487533569336,24.63022232055664,162.3000030517578
2022-07-11,364.2190856933594,98.11193084716797,24.914714813232422,161.42999267578125
2022-07-12,360.9961242675781,98.6949462890625,24.906091690063477,160.8300018310547
2022-07-13,359.10028076171875,99.82661437988281,24.854366302490234,161.60000610351562
2022-07-14,358.2281494140625,99.01214599609375,25.02678871154785,159.3300018310547
2022-07-15,365.0721740722656,99.56938171386719,24.880229949951172,159.00999450683594
2022-07-18,362.0577392578125,98.53204345703125,24.742294311523438,159.16000366210938
2022-07-19,371.8403015136719,98.00048828125,24.587116241455078,159.5399932861328
2022-07-20,374.2100830078125,98.25769805908203,24.656085968017578,158.0399932861328
2022-07-21,378.0207214355469,99.95518493652344,24.587116241455078,160.27000427246094
2022-07-22,374.5133972167969,101.63555908203125,24.55263328552246,160.6699981689453
2022-07-25,374.96844482421875,100.64105987548828,24.51814842224121,160.22999572753906
2022-07-26,370.5321350097656,100.71820831298828,24.70781135559082,160.0399932861328
2022-07-27,380.153564453125,100.15235900878906,24.500905990600586,161.6699981689453
2022-07-28,384.9216003417969,100.9496841430664,24.48366355895996,163.63999938964844
2022-07-29,390.53326416015625,100.67535400390625,24.38883399963379,164.10000610351562
2022-08-01,389.3767395019531,103.0999755859375,24.294002532958984,165.02999877929688
2022-08-02,386.8079528808594,100.91840362548828,24.449180603027344,164.0500030517578
2022-08-03,392.8651123046875,102.50733947753906,24.51814842224121,164.4499969482422
2022-08-04,392.5997314453125,102.47296142578125,24.36297035217285,167.1699981689453
2022-08-05,391.9361877441406,100.03376007080078,24.569873809814453,165.2899932861328
2022-08-08,391.4811706542969,101.6484375,24.535388946533203,166.69000244140625
2022-08-09,389.9266357421875,101.25335693359375,24.5095272064209,167.1999969482422
2022-08-10,398.1166687011719,100.592041015625,24.242277145385742,166.77999877929688
2022-08-11,398.1166687011719,98.2472915649414,24.2595157623291,166.33999633789062
2022-08-12,404.8563537597656,99.24359893798828,24.35434913635254,167.8699951171875
2022-08-15,406.5246276855469,99.15770721435547,24.569873809814453,165.7100067138672
2022-08-16,407.3209228515625,99.5699462890625,24.56125259399414,165.4199981689453
2022-08-17,404.42974853515625,98.53070831298828,24.59573745727539,164.35000610351562
2022-08-18,405.60516357421875,98.67674255371094,24.785400390625,163.9199981689453
2022-08-19,400.15472412109375,97.08780670166016,24.94057846069336,162.72000122070312
2022-08-22,391.8223571777344,96.76144409179688,25.147480010986328,161.63999938964844
2022-08-23,390.87451171875,96.22892761230469,25.044029235839844,162.77000427246094
2022-08-24,392.125732421875,95.52464294433594,25.061269760131836,163.25
2022-08-25,397.66168212890625,96.85588836669922,25.018165588378906,163.75
2022-08-26,384.2011413574219,97.58597564697266,25.11299705505371,161.75999450683594
2022-08-29,381.6607666015625,96.77857208251953,25.121618270874023,161.86000061035156
2022-08-30,377.47088623046875,97.01908874511719,25.11299705505371,160.50999450683594
2022-08-31,374.5987243652344,96.0914535522461,25.09575653076172,159.27000427246094
2022-09-01,375.7741394042969,94.33223724365234,25.319902420043945,157.8699951171875
2022-09-02,371.8118591308594,94.8658676147461,25.328519821166992,159.25999450683594
2022-09-06,370.4089660644531,92.51618957519531,25.475078582763672,158.3300018310547
2022-09-07,377.06329345703125,93.97933197021484,25.29404067993164,159.94000244140625
2022-09-08,379.5279541015625,93.01535034179688,25.34576416015625,158.97999572753906
2022-09-09,385.4239807128906,93.22193908691406,25.164724349975586,159.82000732421875
2022-09-12,389.5664367675781,92.45587921142578,25.03540802001953,160.6300048828125
2022-09-13,372.6270446777344,92.67110443115234,25.3802490234375,158.5399932861328
2022-09-14,374.0489807128906,92.98955535888672,25.328519821166992,157.92999267578125
2022-09-15,369.80224609375,92.92928314208984,25.34576416015625,154.97999572753906
2022-09-16,366.98114013671875,92.15467071533203,25.34576416015625,155.83999633789062
2022-09-19,369.8270263671875,92.36984252929688,25.328519821166992,155.9600067138672
2022-09-20,365.5818786621094,91.44892120361328,25.44921875,155.07000732421875
2022-09-21,359.2048034667969,92.98095703125,25.69922637939453,155.7899932861328
2022-09-22,356.1875,90.60542297363281,25.73371124267578,155.6999969482422
2022-09-23,350.2196350097656,90.97550201416016,26.138896942138672,153.00999450683594
2022-09-26,346.7550048828125,89.23693084716797,26.432010650634766,151.22999572753906
2022-09-27,345.86993408203125,86.8871841430664,26.44063377380371,151.5399932861328
2022-09-28,352.6754150390625,89.79638671875,26.095792770385742,154.69000244140625
2022-09-29,345.3083190917969,89.33157348632812,25.992340087890625,154.66000366210938
2022-09-30,339.9685974121094,88.17829132080078,25.992340087890625,154.6699981689453
2022-10-03,348.9442138671875,89.57937622070312,25.871644973754883,158.42999267578125
2022-10-04,359.7568054199219,89.32914733886719,25.518184661865234,160.6999969482422
2022-10-05,358.91925048828125,88.47506713867188,25.759572982788086,159.80999755859375
2022-10-06,355.2167663574219,87.9832763671875,26.018203735351562,159.6300048828125
2022-10-07,345.3083190917969,87.12915802001953,26.121654510498047,157.8800048828125
2022-10-10,342.67181396484375,85.77462005615234,26.233728408813477,155.47999572753906
2022-10-11,340.50164794921875,86.15425109863281,26.2509708404541,155.16000366210938
2022-10-12,339.3785705566406,86.57698059082031,26.2509708404541,155.99000549316406
2022-10-13,348.3350830078125,85.74874877929688,26.078548431396484,154.91000366210938
2022-10-14,340.3969421386719,85.04127502441406,26.25959014892578,152.97999572753906
2022-10-17,349.14410400390625,84.62718963623047,25.992340087890625,153.4199981689453
2022-10-18,353.24639892578125,84.82561492919922,25.97509765625,153.75
2022-10-19,350.7431640625,83.28129577636719,26.16476058959961,151.69000244140625
2022-10-20,347.80206298828125,81.85775756835938,26.182003021240234,151.4499969482422
2022-10-21,356.254150390625,80.3824691772461,25.95785903930664,154.14999389648438
2022-10-24,360.6134948730469,79.71812438964844,25.983718872070312,153.64999389648438
2022-10-25,366.3719787597656,82.03894805908203,25.69922637939453,154.0
2022-10-26,363.6116943359375,83.22089385986328,25.431974411010742,154.97999572753906
2022-10-27,361.6699523925781,84.09229278564453,25.63025665283203,154.74000549316406
2022-10-28,370.2743835449219,83.51425170898438,25.673364639282227,153.16000366210938
2022-10-31,367.5997314453125,82.91893768310547,25.88888931274414,151.91000366210938
2022-11-01,365.9911193847656,83.69385528564453,25.880268096923828,153.4600067138672
2022-11-02,356.80621337890625,83.33060455322266,25.992340087890625,152.38999938964844
2022-11-03,353.13226318359375,82.88088989257812,26.20786476135254,151.80999755859375
2022-11-04,358.21490478515625,81.48844909667969,25.716466903686523,156.47000122070312
2022-11-07,361.6413879394531,80.67542266845703,25.569910049438477,155.85000610351562
2022-11-08,363.59259033203125,81.55763244628906,25.45783805847168,159.4499969482422
2022-11-09,356.1018981933594,81.82575225830078,25.647502899169922,158.64999389648438
2022-11-10,375.671142578125,84.9738540649414,25.061269760131836,163.47999572753906
2022-11-11,379.3070983886719,84.66253662109375,24.699188232421875,164.55999755859375
2022-11-14,376.0804138183594,84.45494842529297,24.811264038085938,164.9199981689453
2022-11-15,379.2879943847656,85.82147216796875,24.725051879882812,165.5
2022-11-16,376.3945007324219,87.69821166992188,24.67332649230957,165.1199951171875
2022-11-17,375.2427673339844,86.77281951904297,24.768156051635742,163.9199981689453
2022-11-18,376.9465026855469,86.17605590820312,24.837125778198242,162.7899932861328
2022-11-21,375.575927734375,86.53929138183594,25.052650451660156,161.8800048828125
2022-11-22,380.630126953125,87.76742553710938,24.89747428894043,162.07000732421875
2022-11-23,383.02862548828125,89.29823303222656,24.63884162902832,163.0800018310547
2022-11-25,382.9430236816406,88.99552917480469,24.63884162902832,163.22000122070312
2022-11-28,376.8323669433594,89.2463607788086,24.81988525390625,161.92999267578125
2022-11-29,376.1850891113281,88.19987487792969,24.86298942565918,162.72999572753906
2022-11-30,388.03521728515625,88.84851837158203,24.664705276489258,164.80999755859375
2022-12-01,387.7496337890625,91.68682861328125,24.36297035217285,167.83999633789062
2022-12-02,387.3022766113281,92.8398666381836,24.337106704711914,167.25999450683594
2022-12-05,380.3350830078125,91.53947448730469,24.535388946533203,164.38999938964844
2022-12-06,374.8525695800781,92.71849822998047,24.55263328552246,164.83999633789062
2022-12-07,374.2148742675781,94.90318298339844,24.47504234313965,166.3300018310547
2022-12-08,377.14642333984375,94.64307403564453,24.39745330810547,166.47000122070312
2022-12-09,374.3291015625,92.18099212646484,24.449180603027344,167.05999755859375
2022-12-12,379.7258605957031,92.47574615478516,24.466421127319336,165.67999267578125
2022-12-13,382.6003723144531,93.36871337890625,24.250896453857422,168.50999450683594
2022-12-14,380.1542053222656,93.76750183105469,24.138824462890625,168.10000610351562
2022-12-15,370.8549499511719,94.13336181640625,24.36297035217285,165.35000610351562
2022-12-16,366.47662353515625,93.0818099975586,24.40607452392578,166.7899932861328
2022-12-19,363.3689880371094,91.5175552368164,24.41216278076172,166.32000732421875
2022-12-20,363.8662414550781,89.89246368408203,24.246919631958008,169.0800018310547
2022-12-21,369.3069763183594,90.11843872070312,24.30780029296875,168.8000030517578
2022-12-22,364.03839111328125,90.10107421875,24.342586517333984,166.75999450683594
2022-12-23,366.13238525390625,88.78011322021484,24.333890914916992,167.25999450683594
2022-12-27,364.6884765625,87.02467346191406,24.325193405151367,168.6699981689453
2022-12-28,360.15625,86.5119400024414,24.41216278076172,167.91000366210938
2022-12-29,366.6391906738281,87.49396514892578,24.264314651489258,168.85000610351562
2022-12-30,365.6733703613281,86.52064514160156,24.1860408782959,169.63999938964844
2023-01-03,364.13397216796875,88.17180633544922,24.446949005126953,171.05999755859375
2023-01-04,366.94512939453125,89.37974548339844,24.3599796295166,172.6699981689453
2023-01-05,362.757080078125,89.75342559814453,24.586101531982422,170.52000427246094
2023-01-06,371.0758056640625,91.40458679199219,24.264314651489258,173.7100067138672
2023-01-09,370.865478515625,91.8912582397461,24.11646842956543,174.10000610351562
2023-01-10,373.46636962890625,90.37044525146484,24.133859634399414,174.74000549316406
2023-01-11,378.1897888183594,91.83911895751953,24.133859634399414,174.6199951171875
2023-01-12,379.5668029785156,93.64669036865234,23.899044036865234,176.63999938964844
2023-01-13,381.0392761230469,92.76896667480469,23.890348434448242,178.75999450683594
2023-01-17,380.34130859375,92.16935729980469,23.959922790527344,177.58999633789062
2023-01-18,374.33648681640625,94.40276336669922,23.959922790527344,177.0800018310547
2023-01-19,371.6112976074219,93.81178283691406,23.899044036865234,179.88999938964844
2023-01-20,378.5340881347656,92.2909927368164,23.864259719848633,179.2899932861328
2023-01-23,383.0759582519531,91.85647583007812,23.899044036865234,179.6300048828125
2023-01-24,382.664794921875,93.17743682861328,23.872955322265625,180.27999877929688
2023-01-25,382.8082275390625,93.40338134765625,23.7946834564209,181.11000061035156
2023-01-26,387.01544189453125,92.96886444091797,23.855562210083008,179.47000122070312
2023-01-27,387.9046630859375,92.73419952392578,23.890348434448242,179.22000122070312
2023-01-30,383.0376892089844,92.39530181884766,23.977317810058594,178.75999450683594
2023-01-31,388.66961669921875,93.13397979736328,23.92513656616211,179.41000366210938
2023-02-01,392.8003845214844,94.25353240966797,23.699018478393555,181.6699981689453
2023-02-02,398.5183410644531,94.37553405761719,23.855562210083008,177.89999389648438
2023-02-03,394.282470703125,92.96407318115234,24.168651580810547,173.4600067138672
2023-02-06,391.87286376953125,92.2757797241211,24.30780029296875,173.82000732421875
2023-02-07,396.9980163574219,91.53518676757812,24.264314651489258,173.97999572753906
2023-02-08,392.6568908691406,91.97081756591797,24.2904052734375,174.41000366210938
2023-02-09,389.2529296875,91.09955596923828,24.255617141723633,173.02999877929688
2023-02-10,390.161376953125,90.08016967773438,24.333890914916992,173.36000061035156
2023-02-13,394.74139404296875,90.83820343017578,24.264314651489258,172.47999572753906
2023-02-14,394.5597229003906,90.62909698486328,24.246919631958008,172.61000061035156
2023-02-15,395.84100341796875,89.78396606445312,24.41216278076172,170.88999938964844
2023-02-16,390.3907470703125,88.51189422607422,24.446949005126953,170.75
2023-02-17,389.4154968261719,89.20018768310547,24.429555892944336,171.25999450683594
2023-02-21,381.6034240722656,87.4664077758789,24.507829666137695,170.6199951171875
2023-02-22,381.07757568359375,88.26793670654297,24.586101531982422,169.66000366210938
2023-02-23,383.1046447753906,89.13050079345703,24.594797134399414,169.57000732421875
2023-02-24,379.01220703125,87.97171783447266,24.77743148803711,168.35000610351562
2023-02-27,380.30303955078125,88.21566772460938,24.6469783782959,169.00999450683594
2023-02-28,378.8974609375,88.616455078125,24.716552734375,169.77999877929688
2023-03-01,377.4440002441406,87.6644515991211,24.586101531982422,170.75999450683594
2023-03-02,380.3795166015625,86.88713836669922,24.716552734375,170.66000366210938
2023-03-03,386.4799499511719,88.9920425415039,24.620887756347656,172.49000549316406
2023-03-06,386.7476806640625,88.30203247070312,24.586101531982422,171.6199951171875
2023-03-07,380.8193054199219,88.84354400634766,24.890491485595703,168.6199951171875
2023-03-08,381.4408874511719,88.93087005615234,24.881793975830078,168.5399932861328
2023-03-09,374.4033508300781,89.14925384521484,24.812219619750977,170.1999969482422
2023-03-10,369.0009460449219,92.2236557006836,24.65567398071289,173.8699951171875
2023-03-13,368.47503662109375,92.43328094482422,24.429555892944336,177.86000061035156
2023-03-14,374.56597900390625,90.91352081298828,24.429555892944336,176.8300018310547
2023-03-15,372.2232971191406,92.66909790039062,24.69046401977539,178.2100067138672
2023-03-16,378.75396728515625,91.94416046142578,24.66437339782715,178.57000732421875
2023-03-17,374.3252868652344,93.32415771484375,24.525222778320312,183.77000427246094
2023-03-20,377.9247131347656,92.50314331054688,24.386072158813477,183.83999633789062
2023-03-21,382.8870544433594,91.7083511352539,24.377376556396484,180.3699951171875
2023-03-22,376.36016845703125,92.9311294555664,24.194740295410156,183.44000244140625
2023-03-23,377.3776550292969,92.9311294555664,24.229528427124023,185.74000549316406
2023-03-24,379.85400390625,93.32415771484375,24.377376556396484,183.64999389648438
2023-03-27,380.5642395019531,91.13188934326172,24.299102783203125,181.9499969482422
2023-03-28,379.7100524902344,91.29784393310547,24.212133407592773,183.44000244140625
2023-03-29,385.2290954589844,91.11441802978516,24.273012161254883,182.52999877929688
2023-03-30,387.48468017578125,91.53367614746094,24.15995216369629,184.17999267578125
2023-03-31,392.94610595703125,92.90492248535156,24.246919631958008,183.22000122070312
2023-04-03,394.4435119628906,93.34183502197266,24.133859634399414,184.5399932861328
2023-04-04,392.2550354003906,93.80594635009766,24.038196563720703,187.97999572753906
2023-04-05,391.2279968261719,94.7866439819336,24.107770919799805,187.8300018310547
2023-04-06,392.754150390625,95.03182220458984,24.125164031982422,186.49000549316406
2023-04-10,393.15728759765625,93.49945831298828,24.264314651489258,185.11000061035156
2023-04-11,393.26287841796875,93.69209289550781,24.17734718322754,186.27999877929688
2023-04-12,391.65997314453125,93.59577178955078,24.046892166137695,187.19000244140625
2023-04-13,396.8622131347656,92.86028289794922,23.933834075927734,189.72000122070312
2023-04-14,395.892822265625,92.01089477539062,24.072982788085938,186.36000061035156
2023-04-17,397.3133850097656,90.91636657714844,24.194740295410156,185.52999877929688
2023-04-18,397.572509765625,91.2403564453125,24.107770919799805,186.25
2023-04-19,397.50537109375,91.15278625488281,24.15995216369629,185.36000061035156
2023-04-20,395.3360900878906,91.93205261230469,24.15995216369629,186.08999633789062
2023-04-21,395.6432189941406,91.41548156738281,24.133859634399414,184.25
2023-04-24,396.0559387207031,92.29983520507812,24.05558967590332,184.80999755859375
2023-04-25,389.7690124511719,93.65708923339844,24.168651580810547,185.75
2023-04-26,388.11810302734375,92.65888214111328,24.090377807617188,184.74000549316406
2023-04-27,395.84478759765625,91.73944854736328,24.09907341003418,184.75
2023-04-28,399.22344970703125,93.2192611694336,24.133859634399414,184.8000030517578
2023-05-01,398.82025146484375,90.53133392333984,24.255617141723633,183.97000122070312
2023-05-02,394.3378601074219,92.78738403320312,24.194740295410156,187.52000427246094
2023-05-03,391.6311340332031,93.30529022216797,24.064287185668945,189.11000061035156
2023-05-04,388.85723876953125,92.383544921875,24.090377807617188,190.44000244140625
2023-05-05,396.0559387207031,92.0763168334961,24.05558967590332,187.4600067138672
2023-05-08,396.1615295410156,90.78589630126953,24.090377807617188,187.69000244140625
2023-05-09,394.4242248535156,90.46110534667969,24.168651580810547,189.02000427246094
2023-05-10,396.26715087890625,91.33893585205078,24.125164031982422,188.75
2023-05-11,395.5760803222656,92.3045654296875,24.281709671020508,187.1300048828125
2023-05-12,395.0577697753906,91.53207397460938,24.43825340270996,186.80999755859375
2023-05-15,396.4207763671875,90.5840072631836,24.368677139282227,187.2100067138672
2023-05-16,393.77154541015625,90.31187438964844,24.429555892944336,184.8699951171875
2023-05-17,398.5515441894531,90.04851531982422,24.473039627075195,184.22999572753906
2023-05-18,402.3908996582031,89.38134002685547,24.65567398071289,181.83999633789062
2023-05-19,401.8053894042969,88.74932861328125,24.586101531982422,183.63999938964844
2023-05-22,401.9685974121094,88.43328857421875,24.603492736816406,183.2100067138672
2023-05-23,397.4573059082031,88.68787384033203,24.67306900024414,183.42999267578125
2023-05-24,394.577880859375,88.24897003173828,24.76003646850586,181.9499969482422
2023-05-25,397.99481201171875,88.02948760986328,24.873098373413086,180.1999969482422
2023-05-26,403.14910888671875,88.74053192138672,24.86440086364746,180.9199981689453
2023-05-30,403.3027038574219,89.62716674804688,24.838308334350586,182.0399932861328
2023-05-31,401.0663146972656,90.40843200683594,24.881793975830078,182.32000732421875
2023-06-01,404.87689208984375,90.76314544677734,24.586101531982422,183.75999450683594
2023-06-02,410.7318420410156,89.76856994628906,24.847007751464844,181.0500030517578
2023-06-05,409.94482421875,89.60132598876953,24.80352210998535,182.13999938964844
2023-06-06,410.83740234375,90.12943267822266,24.881793975830078,182.33999633789062
2023-06-07,409.4168395996094,88.79154968261719,24.890491485595703,180.14999389648438
2023-06-08,411.8931579589844,89.83014678955078,24.69046401977539,182.52999877929688
2023-06-09,412.6322937011719,89.70694732666016,24.768733978271484,182.0399932861328
2023-06-12,416.3756408691406,89.97099304199219,24.77743148803711,181.8800048828125
2023-06-13,419.1207275390625,89.08203887939453,24.699159622192383,180.5399932861328
2023-06-14,419.6198425292969,89.79496002197266,24.577404022216797,180.63999938964844
2023-06-15,424.8222351074219,90.65751647949219,24.43825340270996,181.91000366210938
2023-06-16,423.3751220703125,90.30546569824219,24.48173713684082,181.6300048828125
2023-06-20,421.1785888671875,90.93035888671875,24.551311492919922,179.75
2023-06-21,419.0205383300781,91.15040588378906,24.43825340270996,179.49000549316406
2023-06-22,420.53314208984375,90.05021667480469,24.525222778320312,177.7100067138672
2023-06-23,417.3538818359375,90.94796752929688,24.65567398071289,178.1999969482422
2023-06-26,415.648681640625,91.04480743408203,24.62958335876465,178.50999450683594
2023-06-27,420.2055969238281,90.80714416503906,24.568706512451172,177.69000244140625
2023-06-28,420.41754150390625,91.19441223144531,24.681764602661133,177.27999877929688
2023-06-29,422.0745544433594,89.54850006103516,24.7861270904541,177.08999633789062
2023-06-30,427.0553894042969,90.6047134399414,24.681764602661133,178.27000427246094
2023-07-03,427.54669189453125,90.09107208251953,24.707855224609375,178.47000122070312
2023-07-05,426.9107971191406,89.23500061035156,24.8209171295166,177.83999633789062
2023-07-06,423.56787109375,87.97294616699219,24.76003646850586,177.30999755859375
2023-07-07,422.4984130859375,87.44340515136719,24.551311492919922,178.63999938964844
2023-07-10,423.56787109375,87.55815124511719,24.490434646606445,178.77999877929688
2023-07-11,426.26531982421875,88.00824737548828,24.429555892944336,179.4499969482422
2023-07-12,429.695068359375,88.98787689208984,24.142559051513672,181.8800048828125
2023-07-13,433.10546875,89.92337036132812,23.977317810058594,182.00999450683594
2023-07-14,432.8357238769531,89.39383697509766,24.020803451538086,181.42999267578125
2023-07-17,434.338623046875,89.43797302246094,23.994712829589844,181.55999755859375
2023-07-18,437.5660400390625,89.84395599365234,24.01210594177246,183.63999938964844
2023-07-19,438.53900146484375,90.85888671875,24.107770919799805,183.6699981689453
2023-07-20,435.6295166015625,89.75569915771484,24.246919631958008,182.74000549316406
2023-07-21,435.6295166015625,89.78217315673828,24.31649398803711,182.17999267578125
2023-07-24,437.57568359375,89.45561981201172,24.403465270996094,181.39999389648438
2023-07-25,438.7702331542969,89.2879409790039,24.377376556396484,182.41000366210938
2023-07-26,438.83770751953125,89.37620544433594,24.30780029296875,183.3000030517578
2023-07-27,435.92822265625,87.63758087158203,24.533918380737305,180.4199981689453
2023-07-28,440.1960754394531,88.08765411376953,24.499130249023438,181.86000061035156
2023-07-31,441.0343017578125,88.29949188232422,24.542613983154297,182.35000610351562
2023-08-01,439.77215576171875,86.8525390625,24.65567398071289,180.4600067138672
2023-08-02,433.6545715332031,85.92327880859375,24.742645263671875,179.60000610351562
2023-08-03,432.41180419921875,83.94092559814453,24.725250244140625,179.5399932861328
2023-08-04,430.45611572265625,85.42768096923828,24.603492736816406,180.19000244140625
2023-08-07,434.21337890625,84.58698272705078,24.620887756347656,179.77999877929688
2023-08-08,432.3251037597656,85.56930541992188,24.73394775390625,178.63999938964844
2023-08-09,429.4349670410156,86.01181030273438,24.751340866088867,177.7899932861328
2023-08-10,429.5890808105469,84.5958023071289,24.79482650756836,177.60000610351562
2023-08-11,429.3385314941406,84.40111541748047,24.847007751464844,177.60000610351562
2023-08-14,431.70849609375,84.21527862548828,24.933977127075195,177.05999755859375
2023-08-15,426.67962646484375,83.70197296142578,24.942670822143555,176.58999633789062
2023-08-16,423.54864501953125,83.0470962524414,25.01224708557129,175.57000732421875
2023-08-17,420.3211975097656,82.69308471679688,25.003551483154297,175.3000030517578
2023-08-18,420.52349853515625,82.98514556884766,25.020944595336914,175.3300018310547
2023-08-21,423.259521484375,81.87889862060547,24.994853973388672,175.80999755859375
2023-08-22,422.11309814453125,82.50725555419922,25.081823348999023,176.10000610351562
2023-08-23,426.8144836425781,84.55158233642578,24.994853973388672,177.88999938964844
2023-08-24,420.8992004394531,83.99403381347656,25.194881439208984,177.85000610351562
2023-08-25,423.8664855957031,84.26838684082031,25.22966957092285,177.6199951171875
2023-08-28,426.55438232421875,84.35686492919922,25.18618392944336,178.1300048828125
2023-08-29,432.7201232910156,85.23298645019531,25.047035217285156,179.8699951171875
2023-08-30,434.5023498535156,85.14450073242188,25.003551483154297,180.32000732421875
2023-08-31,433.8665771484375,85.52503204345703,25.12530517578125,180.02000427246094
2023-09-01,434.67578125,84.19271087646484,25.281850814819336,180.11000061035156
2023-09-05,432.7972106933594,83.01213836669922,25.412302017211914,178.63999938964844
2023-09-06,429.88775634765625,83.21631622314453,25.42099952697754,177.8300018310547
2023-09-07,428.56787109375,83.44711303710938,25.48187828063965,178.02000427246094
2023-09-08,429.21331787109375,83.76661682128906,25.507970809936523,178.0800018310547
2023-09-11,432.0361022949219,83.16304779052734,25.386213302612305,178.41000366210938
2023-09-12,429.6661376953125,83.6423568725586,25.429697036743164,177.49000549316406
2023-09-13,430.1671447753906,83.62460327148438,25.447092056274414,177.0800018310547
2023-09-14,433.876220703125,83.02100372314453,25.603635787963867,177.1699981689453
2023-09-15,428.64874267578125,82.51506805419922,25.586240768432617,178.33999633789062
2023-09-18,428.90008544921875,82.98551940917969,25.542757034301758,179.38999938964844
2023-09-19,428.0106201171875,82.37303924560547,25.560152053833008,179.22000122070312
2023-09-20,424.0758056640625,82.63043212890625,25.603635787963867,179.35000610351562
2023-09-21,417.06646728515625,80.50897979736328,25.621028900146484,178.0500030517578
2023-09-22,416.1286926269531,81.15697479248047,25.681907653808594,178.6199951171875
2023-09-25,417.87860107421875,79.15977478027344,25.777572631835938,177.6999969482422
2023-09-26,411.73944091796875,78.88462829589844,25.855844497680664,176.27999877929688
2023-09-27,411.90374755859375,78.4762954711914,25.977603912353516,174.10000610351562
2023-09-28,414.2917785644531,78.71595764160156,25.838449478149414,173.22999572753906
2023-09-29,413.2863464355469,78.7248306274414,25.855844497680664,171.4499969482422
2023-10-02,413.1219787597656,77.40696716308594,26.055871963500977,169.64999389648438
2023-10-03,407.5918884277344,75.7418441772461,26.08196449279785,169.16000366210938
2023-10-04,410.55999755859375,76.81033325195312,26.003692626953125,169.13999938964844
2023-10-05,410.4052429199219,76.42747497558594,25.916723251342773,168.8300018310547
2023-10-06,415.27789306640625,75.50139617919922,25.86454200744629,169.6999969482422
2023-10-09,417.9366455078125,77.27339172363281,25.855844497680664,172.82000732421875
2023-10-10,420.11187744140625,77.16654205322266,25.794967651367188,172.52999877929688
2023-10-11,421.8328552246094,78.77825164794922,25.794967651367188,173.7899932861328
2023-10-12,419.2611389160156,76.64118957519531,26.012388229370117,173.25999450683594
2023-10-13,417.1728210449219,78.01246643066406,26.02978515625,178.8300018310547
2023-10-16,421.56207275390625,76.7569351196289,25.916723251342773,177.9600067138672
2023-10-17,421.5426940917969,75.91101837158203,25.9254207611084,178.2899932861328
2023-10-18,415.9256591796875,75.24317169189453,26.021085739135742,180.8699951171875
2023-10-19,412.2711486816406,73.70268249511719,25.942811965942383,183.08999633789062
2023-10-20,407.2051696777344,74.1211929321289,25.95151138305664,183.58999633789062
2023-10-23,406.4993591308594,75.01165771484375,25.82105827331543,182.97000122070312
2023-10-24,409.5641784667969,76.00005340576172,25.968904495239258,182.9499969482422
2023-10-25,403.68597412109375,74.30821228027344,26.038480758666992,183.72000122070312
2023-10-26,398.85205078125,75.44795989990234,26.09935760498047,184.00999450683594
2023-10-27,397.0440673828125,75.12741088867188,26.0645694732666,186.14999389648438
2023-10-30,401.7911071777344,74.78904724121094,25.960208892822266,185.10000610351562
2023-10-31,404.314453125,74.4239730834961,26.11675262451172,184.08999633789062
2023-11-01,408.6263427734375,76.0376205444336,26.12544822692871,183.50999450683594
2023-11-02,416.45745849609375,77.77104949951172,25.994993209838867,184.1199951171875
2023-11-03,420.2569580078125,78.29823303222656,25.751483917236328,184.7899932861328
2023-11-06,421.2237243652344,77.5387191772461,25.777572631835938,183.35000610351562
2023-11-07,422.42254638671875,78.68241882324219,25.86454200744629,182.58999633789062
2023-11-08,422.7319030761719,80.0226821899414,25.855844497680664,180.77000427246094
2023-11-09,419.43511962890625,78.18204498291016,25.968904495239258,181.49000549316406
2023-11-10,425.9803161621094,78.61985778808594,25.95151138305664,179.50999450683594
2023-11-13,425.5743408203125,78.44117736816406,25.916723251342773,180.50999450683594
2023-11-14,433.83074951171875,80.21925354003906,25.507970809936523,182.1199951171875
2023-11-15,434.74920654296875,79.09342193603516,25.603635787963867,181.63999938964844
2023-11-16,435.28094482421875,80.07630920410156,25.621028900146484,183.69000244140625
2023-11-17,435.8223571777344,80.45155334472656,25.48187828063965,183.6699981689453
2023-11-20,439.1771545410156,80.9429931640625,25.403608322143555,183.3699951171875
2023-11-21,438.22003173828125,80.90727996826172,25.429697036743164,185.35000610351562
2023-11-22,439.91192626953125,81.19316864013672,25.51666831970215,184.55999755859375
2023-11-24,440.1825866699219,80.23713684082031,25.403608322143555,185.52000427246094
2023-11-27,439.3898010253906,81.57738494873047,25.351425170898438,186.77000427246094
2023-11-28,439.8248596191406,81.73822021484375,25.26445770263672,189.25999450683594
2023-11-29,439.5155334472656,82.7657470703125,25.290546417236328,189.5399932861328
2023-11-30,441.2460632324219,81.80967712402344,25.473180770874023,188.75
2023-12-01,443.8564453125,83.35050201416016,25.39491081237793,192.00999450683594
2023-12-04,441.5264587402344,83.01885986328125,25.507970809936523,187.86000061035156
2023-12-05,441.4394226074219,84.80257415771484,25.603635787963867,187.14999389648438
2023-12-06,439.6605529785156,85.93196868896484,25.664514541625977,187.83999633789062
2023-12-07,443.015380859375,85.43895721435547,25.525362014770508,188.14999389648438
2023-12-08,444.91986083984375,84.73983764648438,25.621028900146484,185.63999938964844
2023-12-11,446.6504211425781,84.56053924560547,25.65581512451172,183.58999633789062
2023-12-12,448.6903991699219,84.81153106689453,25.586240768432617,183.49000549316406
2023-12-13,454.8779296875,86.8014144897461,25.368818283081055,187.6300048828125
2023-12-14,456.3377380371094,89.05937957763672,25.134004592895508,188.72999572753906
2023-12-15,455.58642578125,89.15826416015625,25.299243927001953,187.0
2023-12-18,458.1491394042969,88.4478988647461,25.295543670654297,187.85000610351562
2023-12-19,460.9350891113281,88.92449188232422,25.18451690673828,189.1300048828125
2023-12-20,454.5477600097656,89.52696990966797,25.295543670654297,188.10000610351562
2023-12-21,458.8577575683594,88.96044158935547,25.129003524780273,189.42999267578125
2023-12-22,459.7799377441406,88.55580139160156,25.1197509765625,190.27000427246094
2023-12-26,461.72137451171875,88.8075942993164,25.064237594604492,191.72000122070312
2023-12-27,462.5561828613281,90.3812255859375,24.934709548950195,192.58999633789062
2023-12-28,462.73089599609375,89.72480773925781,25.01797866821289,191.47000122070312
2023-12-29,461.39129638671875,88.9155044555664,25.064237594604492,191.1699981689453
2024-01-02,458.8092041015625,88.40294647216797,25.27703857421875,190.72000122070312
2024-01-03,455.0622863769531,88.77163696289062,25.360309600830078,189.1300048828125
2024-01-04,453.5964660644531,87.42277526855469,25.360309600830078,189.32000732421875
2024-01-05,454.21771240234375,86.58651733398438,25.360309600830078,189.35000610351562
2024-01-08,460.7021179199219,87.44076538085938,25.314048767089844,187.8699951171875
2024-01-09,460.0032043457031,86.88324737548828,25.39731788635254,187.92999267578125
2024-01-10,462.6047668457031,86.47858428955078,25.351057052612305,187.5
2024-01-11,462.4008483886719,86.96417999267578,25.36956024169922,187.8699951171875
2024-01-12,462.72119140625,86.7933120727539,25.39731788635254,189.7100067138672
2024-01-16,461.02239990234375,85.2646484375,25.61937141418457,187.91000366210938
2024-01-17,458.4597473144531,85.12972259521484,25.637874603271484,185.83999633789062
2024-01-18,462.5367431640625,84.33843231201172,25.665632247924805,187.3699951171875
2024-01-19,468.3027648925781,84.60818481445312,25.628623962402344,187.92999267578125
2024-01-22,469.2929992675781,85.11177062988281,25.637874603271484,187.22000122070312
2024-01-23,470.66162109375,84.43734741210938,25.702640533447266,187.9499969482422
2024-01-24,471.1761474609375,83.9427719116211,25.628623962402344,186.39999389648438
2024-01-25,473.73883056640625,84.49129486083984,25.702640533447266,187.13999938964844
2024-01-26,473.136962890625,84.32942962646484,25.702640533447266,187.00999450683594
2024-01-29,476.8839416503906,85.30061340332031,25.702640533447266,188.3300018310547
2024-01-30,476.5151062011719,86.0739517211914,25.68413734436035,188.58999633789062
2024-01-31,468.7396240234375,86.9192123413086,25.7489013671875,188.4499969482422
2024-02-01,474.8746337890625,88.62419891357422,25.61937141418457,190.41000366210938
2024-02-02,479.8737487792969,86.6666259765625,25.850677490234375,188.61000061035156
2024-02-05,478.12646484375,84.91651916503906,25.989459991455078,187.57000732421875
2024-02-06,479.5146484375,85.74646759033203,25.915441513061523,188.5500030517578
2024-02-07,483.51397705078125,85.33147430419922,25.887685775756836,188.5
2024-02-08,483.7275695800781,84.83534240722656,25.915441513061523,188.3300018310547
2024-02-09,486.52313232421875,84.66389465332031,25.896936416625977,187.60000610351562
2024-02-12,486.30963134765625,84.76313781738281,25.924694061279297,187.11000061035156
2024-02-13,479.6116638183594,83.31073760986328,26.12824249267578,184.52999877929688
2024-02-14,483.9701843261719,83.73473358154297,26.081981658935547,184.4199981689453
2024-02-15,487.3094177246094,84.16773986816406,25.980207443237305,185.66000366210938
2024-02-16,484.8826599121094,83.68059539794922,25.989459991455078,186.33999633789062
2024-02-20,482.2132263183594,83.75277709960938,25.952449798583984,187.47000122070312
2024-02-21,482.6499938964844,83.1573715209961,25.924694061279297,187.47999572753906
2024-02-22,492.638671875,83.56331634521484,25.924694061279297,187.55999755859375
2024-02-23,492.9784851074219,84.68195343017578,25.943199157714844,188.6199951171875
2024-02-26,491.1728515625,84.42935180664062,25.896936416625977,188.1999969482422
2024-02-27,492.08538818359375,83.8339614868164,25.915441513061523,188.0
2024-02-28,491.4350280761719,84.3662109375,25.933948516845703,188.33999633789062
2024-02-29,493.20172119140625,84.96159362792969,25.989459991455078,189.30999755859375
2024-03-01,497.8320007324219,85.49099731445312,25.943199157714844,192.88999938964844
2024-03-04,497.2981872558594,85.14712524414062,25.943199157714844,196.00999450683594
2024-03-05,492.32806396484375,86.35977172851562,25.915441513061523,197.19000244140625
2024-03-06,494.8227844238281,86.8665542602539,25.822919845581055,198.80999755859375
2024-03-07,499.734619140625,86.7851333618164,25.693389892578125,199.94000244140625
2024-03-08,496.7350769042969,86.63126373291016,25.702640533447266,201.6300048828125
2024-03-11,496.3079833984375,86.58599853515625,25.730396270751953,202.0
2024-03-12,501.6469421386719,85.86202239990234,25.7489013671875,199.7899932861328
2024-03-13,500.86065673828125,85.44574737548828,25.721145629882812,201.19000244140625
2024-03-14,499.8705139160156,84.13356018066406,25.85993003845215,200.35000610351562
2024-03-15,496.43817138671875,84.10643005371094,25.887685775756836,199.7100067138672
2024-03-18,499.3885192871094,83.85305786132812,25.943199157714844,200.02999877929688
2024-03-19,502.1636657714844,84.08834838867188,26.007963180541992,199.8000030517578
2024-03-20,506.8084411621094,84.06121826171875,25.887685775756836,202.17999267578125
2024-03-21,508.4833068847656,84.24217987060547,26.0634765625,201.97000122070312
2024-03-22,507.5191955566406,85.04759979248047,26.202259063720703,200.35000610351562
2024-03-25,506.1170349121094,84.62226104736328,26.137495040893555,200.99000549316406
2024-03-26,505.1822509765625,84.8575439453125,26.1560001373291,201.63999938964844
2024-03-27,509.4277038574219,85.69915008544922,26.174503326416016,203.10000610351562
2024-03-28,509.3304138183594,85.62675476074219,26.24852180480957,205.72000122070312
2024-04-01,508.44427490234375,84.03058624267578,26.350296020507812,207.82000732421875
2024-04-02,505.2115478515625,83.56754302978516,26.31328773498535,210.88999938964844
2024-04-03,505.7663879394531,83.54936981201172,26.193008422851562,212.74000549316406
2024-04-04,499.59307861328125,84.14861297607422,26.193008422851562,211.52000427246094
2024-04-05,504.8121643066406,82.97736358642578,26.220766067504883,215.13999938964844
2024-04-08,505.0945129394531,82.96827697753906,26.18375587463379,216.47999572753906
2024-04-09,505.6788330078125,83.74003601074219,26.174503326416016,217.6699981689453
2024-04-10,500.61541748046875,81.9150619506836,26.452070236206055,215.61000061035156
2024-04-11,504.39349365234375,81.54280090332031,26.4705753326416,219.8000030517578
2024-04-12,497.43133544921875,81.97862243652344,26.68337631225586,216.88999938964844
2024-04-15,491.1994934082031,80.70748138427734,26.72963523864746,220.9499969482422
2024-04-16,490.3036193847656,80.17179870605469,26.766645431518555,221.22000122070312
2024-04-17,487.4018859863281,81.06160736083984,26.68337631225586,219.58999633789062
2024-04-18,486.3989562988281,80.65302276611328,26.738889694213867,220.33999633789062
2024-04-19,482.1534729003906,80.94357299804688,26.738889694213867,221.02999877929688
2024-04-22,486.59368896484375,80.8073501586914,26.748140335083008,215.57000732421875
2024-04-23,492.36798095703125,80.83460235595703,26.637115478515625,215.0399932861328
2024-04-24,492.13427734375,80.2625961303711,26.664871215820312,214.63999938964844
2024-04-25,490.2646789550781,79.69966125488281,26.609357833862305,215.9199981689453
2024-04-26,494.9093933105469,80.1173324584961,26.72963523864746,216.6199951171875
2024-04-29,496.6620788574219,80.78921508789062,26.646366119384766,216.17999267578125
2024-04-30,488.7943115234375,80.09918212890625,26.81290626525879,211.8699951171875
2024-05-01,487.2071228027344,80.68958282470703,26.7851505279541,213.7899932861328
2024-05-02,491.7642517089844,81.03580474853516,26.581600189208984,213.1300048828125
2024-05-03,497.8597412109375,81.85582733154297,26.50758171081543,212.9600067138672
2024-05-06,503.0011291503906,82.17471313476562,26.53533935546875,215.1999969482422
2024-05-07,503.55609130859375,82.67583465576172,26.609357833862305,214.2100067138672
2024-05-08,503.604736328125,82.17471313476562,26.646366119384766,213.5800018310547
2024-05-09,506.50653076171875,82.57563018798828,26.553844451904297,216.9499969482422
2024-05-10,507.1589050292969,82.1109619140625,26.590852737426758,218.7100067138672
2024-05-13,507.22705078125,82.32050323486328,26.581600189208984,216.25999450683594
2024-05-14,509.5542297363281,82.78516387939453,26.52608871459961,218.08999633789062
2024-05-15,515.8641357421875,83.91497039794922,26.359548568725586,220.88999938964844
2024-05-16,514.8026733398438,83.83297729492188,26.424312591552734,220.02999877929688
2024-05-17,515.5427856445312,83.26808166503906,26.424312591552734,223.66000366210938
2024-05-20,516.1367797851562,83.02206420898438,26.461322784423828,224.55999755859375
2024-05-21,517.402587890625,83.45028686523438,26.461322784423828,224.22999572753906
2024-05-22,515.9127197265625,83.55050659179688,26.544593811035156,220.11000061035156
2024-05-23,512.1444702148438,83.01296997070312,26.600107192993164,215.72000122070312
2024-05-24,515.532958984375,83.25896453857422,26.516836166381836,215.9199981689453
2024-05-28,515.8932495117188,82.06539916992188,26.479827880859375,218.19000244140625
2024-05-29,512.2807006835938,81.07227325439453,26.62786293029785,216.16000366210938
2024-05-30,508.8824157714844,81.85582733154297,26.544593811035156,216.57000732421875
2024-05-31,513.5174560546875,82.4115982055664,26.52608871459961,215.3000030517578
2024-06-03,513.9359741210938,83.74456024169922,26.387304306030273,217.22000122070312
2024-06-04,514.5106201171875,84.72280883789062,26.396556854248047,215.27000427246094
2024-06-05,520.6256713867188,85.344482421875,26.43356704711914,217.82000732421875
2024-06-06,520.6159057617188,85.21649169921875,26.396556854248047,219.42999267578125
2024-06-07,519.9830322265625,83.65314483642578,26.618610382080078,211.60000610351562
2024-06-10,521.589599609375,83.09546661376953,26.68337631225586,213.5399932861328
2024-06-11,522.8458251953125,83.95484161376953,26.72038459777832,214.14999389648438
2024-06-12,527.1398315429688,84.5856704711914,26.600107192993164,214.72000122070312
2024-06-13,528.2013549804688,85.82905578613281,26.701879501342773,212.97000122070312
2024-06-14,528.5226440429688,86.55128479003906,26.822158813476562,215.72999572753906
2024-06-17,532.7291259765625,85.6919174194336,26.75739288330078,214.61000061035156
2024-06-18,534.08251953125,86.47816467285156,26.748140335083008,215.47000122070312
2024-06-20,532.6317138671875,85.9021987915039,26.859169006347656,218.16000366210938
2024-06-21,531.917724609375,85.9021987915039,26.923933029174805,214.77999877929688
2024-06-24,530.1885986328125,86.24959564208984,26.831411361694336,215.6300048828125
2024-06-25,532.2302856445312,86.3958740234375,26.859169006347656,214.55999755859375
2024-06-26,532.8945922851562,85.16167449951172,26.988697052001953,212.5800018310547
2024-06-27,533.734619140625,85.49990844726562,26.951688766479492,214.99000549316406
2024-06-28,531.6343994140625,83.90913391113281,26.951688766479492,215.00999450683594
2024-07-01,532.728515625,82.4609603881836,26.960941314697266,215.57000732421875
2024-07-02,536.3136596679688,83.10298156738281,26.923933029174805,215.55999755859375
2024-07-03,538.7069702148438,84.19437408447266,26.81290626525879,217.99000549316406
2024-07-05,541.8134765625,84.89141082763672,26.72038459777832,220.92999267578125
2024-07-08,542.4385986328125,85.07482147216797,26.766645431518555,218.19000244140625
2024-07-09,542.966064453125,84.69882202148438,26.803653717041016,218.55999755859375
2024-07-10,548.3389892578125,84.96478271484375,26.775897979736328,219.36000061035156
2024-07-11,543.6109008789062,85.79019165039062,26.637115478515625,223.25
2024-07-12,547.039794921875,86.15706634521484,26.544593811035156,223.11000061035156
2024-07-15,548.5440673828125,85.16655731201172,26.590852737426758,223.8300018310547
2024-07-16,551.7969970703125,86.3680191040039,26.590852737426758,228.2899932861328
2024-07-17,544.0602416992188,86.3863525390625,26.4705753326416,227.22999572753906
2024-07-18,539.879150390625,85.72599792480469,26.590852737426758,225.77999877929688
2024-07-19,536.2940063476562,85.22158813476562,26.664871215820312,221.72999572753906
2024-07-22,541.8231201171875,84.97394561767578,26.646366119384766,221.8000030517578
2024-07-23,540.9733276367188,84.85470581054688,26.692628860473633,222.5800018310547
2024-07-24,528.7135620117188,83.93756866455078,26.68337631225586,221.8000030517578
2024-07-25,525.958740234375,84.62543487548828,26.68337631225586,218.3300018310547
2024-07-26,531.8492431640625,85.28578186035156,26.664871215820312,220.6300048828125
2024-07-29,532.1619262695312,85.74435424804688,26.738889694213867,220.32000732421875
2024-07-30,529.4656982421875,86.07453155517578,26.75739288330078,222.52000427246094
2024-07-31,538.072021484375,86.95499420166016,26.609357833862305,226.5500030517578
2024-08-01,530.4523315429688,87.7049789428711,26.701879501342773,225.77000427246094
2024-08-02,520.5762939453125,90.43797302246094,26.43356704711914,225.33999633789062
2024-08-05,505.4150695800781,90.91648864746094,26.28553009033203,222.47999572753906
2024-08-06,510.0747985839844,88.8828125,26.368799209594727,220.6999969482422
2024-08-07,506.66546630859375,88.25709533691406,26.424312591552734,220.5500030517578
2024-08-08,518.3782348632812,87.71417236328125,26.461322784423828,224.00999450683594
2024-08-09,520.6640625,88.57915496826172,26.43356704711914,224.55999755859375
2024-08-12,520.9376220703125,88.9012222290039,26.43356704711914,228.41000366210938
2024-08-13,529.5048828125,89.51777648925781,26.294782638549805,228.05999755859375
2024-08-14,531.1751098632812,90.0791015625,26.322540283203125,226.1999969482422
2024-08-15,540.27978515625,89.3521499633789,26.41506004333496,226.91000366210938
2024-08-16,541.4910888671875,89.66500091552734,26.28553009033203,231.99000549316406
2024-08-19,546.66845703125,90.0791015625,26.146747589111328,231.61000061035156
2024-08-20,545.7796020507812,90.7968521118164,26.05422592163086,232.4600067138672
2024-08-21,547.6550903320312,90.85206604003906,25.97095489501953,232.14999389648438
2024-08-22,543.3568115234375,89.95027160644531,26.09123420715332,229.3699951171875
2024-08-23,549.1301879882812,90.5392074584961,25.869178771972656,232.02000427246094
2024-08-26,547.8211669921875,90.30914306640625,25.924694061279297,232.75999450683594
2024-08-27,548.5733642578125,90.1527328491211,25.84142303466797,233.38999938964844
2024-08-28,545.3887329101562,90.04228973388672,25.989459991455078,231.75
2024-08-29,545.4375610351562,89.74781036376953,26.081981658935547,232.9499969482422
2024-08-30,550.6443481445312,88.79080200195312,26.1560001373291,231.2899932861328
2024-09-03,539.3126220703125,90.24301147460938,26.202259063720703,230.2899932861328
2024-09-04,538.2088623046875,91.40624237060547,26.072731018066406,230.42999267578125
2024-09-05,536.8997192382812,91.9232406616211,26.03571891784668,232.35000610351562
2024-09-06,527.8635864257812,91.91400909423828,26.072731018066406,230.6300048828125
2024-09-09,533.7737426757812,92.31096649169922,26.18375587463379,231.60000610351562
2024-09-10,536.0986938476562,92.95722198486328,26.193008422851562,232.6199951171875
2024-09-11,541.5985717773438,92.88334655761719,26.220766067504883,232.25
2024-09-12,546.1605224609375,92.44945526123047,26.109737396240234,236.3300018310547
2024-09-13,549.0130004882812,92.69873809814453,26.072731018066406,238.67999267578125
2024-09-16,549.8237915039062,93.54808044433594,25.989459991455078,238.66000366210938
2024-09-17,550.0484008789062,93.09567260742188,26.072731018066406,237.33999633789062
2024-09-18,548.4171752929688,91.9416732788086,26.100486755371094,235.50999450683594
2024-09-19,557.7755126953125,91.63703918457031,25.989459991455078,239.1699981689453
2024-09-20,556.8113403320312,91.28623962402344,26.03571891784668,242.2100067138672
2024-09-23,558.2027587890625,91.09234619140625,26.072731018066406,242.67999267578125
2024-09-24,559.7999267578125,91.07388305664062,25.924694061279297,246.07000732421875
2024-09-25,558.5652465820312,90.31686401367188,26.100486755371094,245.72999572753906
2024-09-26,560.77978515625,90.5291976928711,25.980207443237305,246.97999572753906
2024-09-27,559.9664916992188,91.00003814697266,25.97095489501953,245.02000427246094
2024-09-30,562.21044921875,90.5661392211914,26.072731018066406,243.05999755859375
2024-10-01,557.173828125,91.22002410888672,26.18375587463379,245.61000061035156
2024-10-02,557.4090576171875,90.45128631591797,26.294782638549805,245.66000366210938
2024-10-03,556.3900756835938,89.59918212890625,26.378053665161133,245.49000549316406
2024-10-04,561.446044921875,88.49703216552734,26.52608871459961,245.0
2024-10-07,556.3704223632812,87.83016967773438,26.544593811035156,244.1699981689453
2024-10-08,561.6322631835938,87.97837829589844,26.544593811035156,242.3699951171875
2024-10-09,565.5223999023438,87.47821044921875,26.664871215820312,241.0500030517578
2024-10-10,564.53271484375,87.13553619384766,26.65561866760254,242.82000732421875
2024-10-11,567.9132690429688,86.78358459472656,26.674121856689453,245.47000122070312
2024-10-14,572.5578002929688,86.84842681884766,26.75739288330078,245.07000732421875
2024-10-15,568.1093139648438,87.9042739868164,26.775897979736328,245.9199981689453
2024-10-16,570.5785522460938,88.2747573852539,26.84991455078125,247.14999389648438
2024-10-17,570.6275634765625,86.8761978149414,26.933185577392578,248.6300048828125
2024-10-18,572.8224487304688,86.94102478027344,26.859169006347656,251.27000427246094
2024-10-21,571.8817749023438,85.42210388183594,26.979446411132812,251.22000122070312
2024-10-22,571.5780029296875,85.50543975830078,27.0072021484375,253.92999267578125
2024-10-23,566.3552856445312,85.27388763427734,27.09972381591797,250.8699951171875
2024-10-24,567.5802001953125,85.82036590576172,26.99795150756836,252.8000030517578
2024-10-25,567.3841552734375,85.3387222290039,27.090473175048828,253.32000732421875
2024-10-28,569.1381225585938,85.1072006225586,27.090473175048828,253.3300018310547
2024-10-29,570.0592651367188,85.23684692382812,27.09972381591797,256.0899963378906
2024-10-30,568.3345947265625,85.4869155883789,27.034957885742188,257.5
2024-10-31,557.1934814453125,85.62586975097656,27.016454696655273,253.50999450683594
2024-11-01,559.5451049804688,84.41867065429688,27.127479553222656,252.47000122070312
2024-11-04,558.33984375,85.72901153564453,27.025707244873047,252.8300018310547
2024-11-05,565.0912475585938,86.18437194824219,26.91468048095703,253.39999389648438
2024-11-06,579.1425170898438,83.82390594482422,27.349533081054688,245.6999969482422
2024-11-07,583.62060546875,84.87405395507812,27.127479553222656,249.64999389648438
2024-11-08,586.148681640625,85.9520492553711,27.31252670288086,247.9600067138672
2024-11-11,586.707275390625,85.53384399414062,27.46981430053711,242.13999938964844
2024-11-12,584.8847045898438,84.25138854980469,27.590091705322266,240.0500030517578
2024-11-13,585.1688232421875,83.45220947265625,27.747379302978516,237.6300048828125
2024-11-14,581.4061279296875,83.9354248046875,27.858407974243164,237.00999450683594
2024-11-15,573.9591064453125,83.71239471435547,27.830650329589844,236.58999633789062
2024-11-18,576.3108520507812,83.86109161376953,27.69186782836914,241.08999633789062
2024-11-19,578.4175415039062,84.2885513305664,27.682613372802734,243.25
2024-11-20,578.6134643554688,84.01908111572266,27.821395874023438,244.6199951171875
2024-11-21,581.7196655273438,83.95401763916016,27.91391944885254,246.66000366210938
2024-11-22,583.5226440429688,84.00048828125,28.061954498291016,249.83999633789062
2024-11-25,585.5020141601562,86.17509460449219,27.867658615112305,242.47999572753906
2024-11-26,588.55908203125,85.84053039550781,27.904666900634766,242.9499969482422
2024-11-27,586.7757568359375,86.43529510498047,27.66411018371582,243.49000549316406
2024-11-29,590.4208374023438,87.3274154663086,27.617849349975586,245.58999633789062
2024-12-02,591.4791259765625,87.53724670410156,27.78438949584961,243.44000244140625
2024-12-03,591.7535400390625,86.78189086914062,27.775136947631836,243.92999267578125
2024-12-04,595.427978515625,87.71441650390625,27.76588249206543,244.6699981689453
2024-12-05,594.4481811523438,87.89159393310547,27.617849349975586,242.86000061035156
2024-12-06,595.5750122070312,88.02217102050781,27.69186782836914,242.9499969482422
2024-12-09,592.5079345703125,87.21084594726562,27.738126754760742,245.36000061035156
2024-12-10,590.6658325195312,86.800537109375,27.802892684936523,248.58999633789062
2024-12-11,595.2319946289062,85.97989654541016,27.895414352416992,250.9600067138672
2024-12-12,592.1650390625,84.93547058105469,27.98793601989746,247.27999877929688
2024-12-13,592.0474853515625,84.06819915771484,27.997190475463867,244.2899932861328
2024-12-16,594.5755004882812,84.31997680664062,27.950927734375,244.8800048828125
2024-12-17,592.1258544921875,84.525146484375,27.97868537902832,243.94000244140625
2024-12-18,574.4783935546875,83.4682388305664,28.302513122558594,239.25999450683594
2024-12-19,574.3020629882812,82.20439910888672,28.3580265045166,239.60000610351562
2024-12-20,581.199951171875,82.67247009277344,28.219242095947266,242.10000610351562
2024-12-23,584.6803588867188,81.91419982910156,28.322710037231445,240.9600067138672
2024-12-24,591.1790771484375,82.26058197021484,28.400068283081055,241.44000244140625
2024-12-26,591.2184448242188,82.21377563476562,28.34204864501953,243.07000732421875
2024-12-27,584.9950561523438,81.53972625732422,28.293699264526367,241.39999389648438
2024-12-30,578.3193359375,82.19505310058594,28.322710037231445,240.6300048828125
2024-12-31,576.2152709960938,81.7550277709961,28.448415756225586,242.1300048828125
2025-01-02,574.799560546875,81.97972869873047,28.690160751342773,245.4199981689453
2025-01-03,581.9865112304688,81.71759796142578,28.603132247924805,243.49000549316406
2025-01-06,585.339111328125,81.35249328613281,28.41940689086914,243.19000244140625
2025-01-07,578.722412109375,80.43504333496094,28.525774002075195,244.55999755859375
2025-01-08,579.5679321289062,80.53803253173828,28.63214111328125,245.86000061035156
2025-01-10,570.7193603515625,80.00442504882812,28.77718734741211,248.2100067138672
2025-01-13,571.6043090820312,79.9763412475586,28.864215850830078,245.74000549316406
2025-01-14,572.3907470703125,79.84526824951172,28.680490493774414,247.02999877929688
2025-01-15,582.802490234375,81.221435546875,28.63214111328125,248.8800048828125
2025-01-16,581.6817626953125,81.48353576660156,28.63214111328125,250.60000610351562
2025-01-17,587.5216674804688,81.6240005493164,28.738508224487305,249.27000427246094
2025-01-21,592.8995971679688,82.35418701171875,28.371057510375977,253.1300048828125
2025-01-22,596.232666015625,81.9235610961914,28.41940689086914,254.42999267578125
2025-01-23,599.48681640625,81.28695678710938,28.40973663330078,254.07000732421875
2025-01-24,597.7368774414062,81.65206146240234,28.235681533813477,255.64999389648438
2025-01-27,589.281494140625,82.61632537841797,28.245349884033203,252.99000549316406
2025-01-28,594.3449096679688,82.56014251708984,28.361387252807617,255.17999267578125
2025-01-29,591.6804809570312,82.39163970947266,28.41940689086914,254.1999969482422
2025-01-30,594.8561401367188,82.70056915283203,28.41940689086914,258.04998779296875
2025-01-31,591.6903686523438,82.15760040283203,28.535444259643555,258.55999755859375
2025-02-03,587.7085571289062,82.82652282714844,28.661149978637695,259.94000244140625
2025-02-04,591.6510620117188,83.08019256591797,28.400068283081055,262.5
2025-02-05,594.0498657226562,84.45186614990234,28.35171890258789,264.1300048828125
2025-02-06,596.1146240234375,84.41427612304688,28.332378387451172,263.42999267578125
2025-02-07,590.6580810546875,83.86935424804688,28.458086013793945,263.8999938964844
2025-02-10,594.6693725585938,83.61569213867188,28.545114517211914,268.3699951171875
2025-02-11,595.12158203125,83.08019256591797,28.448415756225586,267.3900146484375
2025-02-12,593.2044067382812,81.95278930664062,28.467756271362305,267.6700134277344
2025-02-13,599.4671020507812,83.31505584716797,28.235681533813477,270.30999755859375
2025-02-14,599.4378051757812,83.75663757324219,28.158323287963867,266.2900085449219
2025-02-18,601.197509765625,82.7701644897461,28.21634292602539,270.70001220703125
2025-02-19,602.61328125,82.87351989746094,28.245349884033203,270.8500061035156
2025-02-20,600.1062622070312,83.18351745605469,28.022947311401367,270.989990234375
2025-02-21,589.8419799804688,84.18881225585938,28.119644165039062,270.739990234375
2025-02-24,587.157958984375,84.43307495117188,28.13898468017578,272.2099914550781
2025-02-25,584.2379150390625,85.88929748535156,28.032615661621094,268.6199951171875
2025-02-26,584.5328369140625,86.39659881591797,28.090635299682617,269.0299987792969
2025-02-27,575.2025756835938,85.78595733642578,28.293699264526367,264.92999267578125
2025-02-28,584.178955078125,86.83818817138672,28.41940689086914,263.2699890136719
2025-03-03,573.9441528320312,87.24346923828125,28.14865493774414,266.739990234375
2025-03-04,567.1505126953125,86.16905975341797,27.897239685058594,269.05999755859375
2025-03-05,573.2461547851562,85.48106384277344,27.55879783630371,269.6199951171875
2025-03-06,563.0702514648438,85.19831848144531,27.539459228515625,268.25
2025-03-07,566.2263793945312,84.92501831054688,27.452430725097656,268.3900146484375
2025-03-10,551.1444702148438,85.81092071533203,27.471771240234375,266.0400085449219
2025-03-11,546.56298828125,85.19831848144531,27.317054748535156,269.1600036621094
2025-03-12,549.4632568359375,84.68939208984375,27.384742736816406,270.3299865722656
2025-03-13,542.1386108398438,85.43394470214844,27.481441497802734,275.1300048828125
2025-03-14,553.3370361328125,84.98155212402344,27.452430725097656,275.239990234375
2025-03-17,557.60400390625,85.4056625366211,27.346065521240234,276.7300109863281
2025-03-18,551.5770874023438,85.49048614501953,27.326725006103516,279.9599914550781
2025-03-19,557.5842895507812,85.93344116210938,27.394412994384766,281.1099853515625
2025-03-20,555.9718017578125,85.98998260498047,27.471771240234375,280.75
2025-03-21,556.1553344726562,85.48106384277344,27.55879783630371,278.489990234375
2025-03-24,566.1151733398438,84.60457611083984,27.607147216796875,277.25
2025-03-25,567.4760131835938,84.59514617919922,27.57813835144043,278.4700012207031
2025-03-26,560.701416015625,84.0390853881836,27.70384407043457,278.239990234375
2025-03-27,559.2122802734375,83.79405975341797,27.616817474365234,281.9700012207031
2025-03-28,547.95068359375,84.95328521728516,27.56846809387207,284.05999755859375
2025-03-31,551.6289672851562,85.79206085205078,27.59747886657715,288.1400146484375
2025-04-01,553.18701171875,86.5354995727539,27.62648582458496,287.57000732421875
2025-04-02,556.6878051757812,86.478759765625,27.51045036315918,288.1600036621094
2025-04-03,529.2537841796875,86.87600708007812,27.026962280273438,286.4200134277344
2025-04-04,498.26971435546875,87.82185363769531,27.326725006103516,279.7200012207031
2025-04-07,497.38214111328125,85.17346954345703,27.442760467529297,273.7099914550781
2025-04-08,489.5917663574219,83.5655288696289,27.317054748535156,275.20001220703125
2025-04-09,541.0084228515625,84.05738830566406,27.35573387145996,285.3800048828125
2025-04-10,517.3019409179688,81.74006652832031,26.785219192504883,292.3500061035156
2025-04-11,526.5320434570312,82.18461608886719,26.543476104736328,297.92999267578125
2025-04-14,531.64013671875,82.77104187011719,26.45644760131836,296.2300109863281
2025-04-15,530.151123046875,83.06425476074219,26.60149383544922,297.7799987792969
2025-04-16,518.3668823242188,83.5277099609375,26.37908935546875,307.4700012207031
2025-04-17,519.1064453125,82.78994750976562,26.398427963256836,306.1199951171875
2025-04-21,506.7503662109375,81.34281158447266,26.147014617919922,315.5899963378906
2025-04-22,519.9348754882812,81.79682922363281,26.29206085205078,311.1099853515625
2025-04-23,527.991455078125,82.59133911132812,26.53380584716797,303.6499938964844
2025-04-24,539.1051635742188,83.46148681640625,26.417766571044922,308.07000732421875
2025-04-25,543.0003662109375,84.07630920410156,26.485454559326172,304.7300109863281
2025-04-28,543.2073974609375,84.60596466064453,26.321069717407227,309.07000732421875
2025-04-29,546.6293334960938,85.31535339355469,26.408098220825195,306.05999755859375
2025-04-30,546.8462524414062,84.62489318847656,26.50479507446289,303.7699890136719
2025-05-01,550.7216186523438,84.19580841064453,26.65951156616211,297.4599914550781
2025-05-02,558.8966674804688,83.28443908691406,26.620832443237305,297.9800109863281
2025-05-05,555.6917724609375,82.81927490234375,26.57248306274414,306.8800048828125
2025-05-06,551.0471801757812,83.09457397460938,26.408098220825195,315.4800109863281
2025-05-07,553.3645629882812,83.44583892822266,26.60149383544922,310.75
2025-05-08,557.2202758789062,82.5154800415039,26.823896408081055,304.6300048828125
2025-05-09,556.5101928710938,82.63890838623047,26.746540069580078,306.8399963378906
2025-05-12,574.9014892578125,81.86994934082031,27.123659133911133,298.19000244140625
2025-05-13,578.6981811523438,81.5376968383789,26.891584396362305,299.4599914550781
2025-05-14,579.437744140625,80.99657440185547,26.949604034423828,293.1600036621094
2025-05-15,582.2678833007812,81.70854949951172,26.881916046142578,297.8399963378906
2025-05-16,585.9559936523438,81.92691802978516,26.959272384643555,294.239990234375
2025-05-19,586.596923828125,81.68958282470703,26.775548934936523,298.0299987792969
2025-05-20,584.6246948242188,81.10099029541016,26.698190689086914,303.5799865722656
2025-05-21,574.7733154296875,79.71497344970703,26.5821533203125,305.82000732421875
2025-05-22,575.000244140625,80.13268280029297,26.65951156616211,303.1099853515625
2025-05-23,571.0753173828125,80.26557922363281,26.46611785888672,309.75
2025-05-27,582.9483032226562,81.38578796386719,26.611164093017578,304.5
2025-05-28,579.5757446289062,81.03453826904297,26.698190689086914,303.80999755859375
2025-05-29,581.8635864257812,81.78450775146484,26.553142547607422,305.6099853515625
2025-05-30,581.2127075195312,81.90791320800781,26.543476104736328,303.6000061035156
2025-06-02,584.4866943359375,81.14563751220703,26.35974884033203,311.6700134277344
2025-06-03,587.81982421875,81.0027084350586,26.53380584716797,308.9100036621094
2025-06-04,587.6619873046875,82.31765747070312,26.417766571044922,310.8999938964844
2025-06-05,584.8218994140625,82.37480926513672,26.398427963256836,309.3299865722656
2025-06-06,590.8275146484375,81.32666778564453,26.53380584716797,305.17999267578125
2025-06-09,591.3599243164062,81.41243743896484,26.46611785888672,306.6199951171875
2025-06-10,594.7128295898438,81.8316879272461,26.49512481689453,306.7099914550781
2025-06-11,593.0166015625,82.07943725585938,26.398427963256836,308.3699951171875
2025-06-12,595.37353515625,83.0608901977539,26.205034255981445,312.20001220703125
2025-06-13,588.7171020507812,82.26048278808594,26.272722244262695,316.2900085449219
2025-06-16,594.318359375,81.43148040771484,26.30173110961914,311.7799987792969
2025-06-17,589.2398071289062,82.42247009277344,26.475786209106445,311.94000244140625
2025-06-18,589.1510620117188,82.56538391113281,26.52413558959961,310.260009765625
2025-06-20,587.7673950195312,82.41292572021484,26.49512481689453,310.1300048828125
2025-06-23,593.572998046875,82.67973327636719,26.38875961303711,311.0799865722656
2025-06-24,600.1304321289062,83.28004455566406,26.253381729125977,306.19000244140625
2025-06-25,600.4666748046875,83.3848648071289,26.185693740844727,307.1199951171875
2025-06-26,605.16455078125,83.80412292480469,26.07932472229004,306.7799987792969
2025-06-27,608.1713256835938,83.27050018310547,26.127676010131836,301.2200012207031
2025-06-30,611.0790405273438,84.08997344970703,25.992298126220703,304.8299865722656
2025-07-01,610.88134765625,84.29847717285156,25.982629776000977,307.54998779296875
2025-07-02,613.650634765625,83.76287841796875,25.963289260864258,309.25
2025-07-03,618.4869995117188,83.17945861816406,26.0889949798584,307.1400146484375
2025-07-07,613.8780517578125,82.38562774658203,26.176023483276367,307.3699951171875
2025-07-08,613.5418090820312,82.28043365478516,26.195363998413086,304.1600036621094
2025-07-09,617.2210083007812,83.14120483398438,26.195363998413086,305.5199890136719
2025-07-10,618.9617919921875,83.19857788085938,26.243711471557617,306.20001220703125
2025-07-11,616.7858276367188,82.05088806152344,26.321069717407227,309.1400146484375
2025-07-14,617.9627685546875,81.87874603271484,26.38875961303711,308.010009765625
2025-07-15,615.3220825195312,81.30488586425781,26.53380584716797,306.7300109863281
2025-07-16,617.3792724609375,81.41964721679688,26.43710708618164,308.260009765625
2025-07-17,621.1574096679688,81.40052795410156,26.553142547607422,307.5899963378906
2025-07-18,620.7024536132812,81.52485656738281,26.51446533203125,308.3900146484375
2025-07-21,621.87939453125,82.25173950195312,26.340410232543945,313.1300048828125
2025-07-22,621.9683837890625,82.74907684326172,26.205034255981445,316.1000061035156
2025-07-23,627.2598876953125,82.29000091552734,26.166353225708008,312.17999267578125
2025-07-24,627.4674682617188,82.14654541015625,26.234041213989258,310.2699890136719
2025-07-25,630.1181640625,82.66299438476562,26.29206085205078,307.3999938964844
2025-07-28,629.9598388671875,82.12741088867188,26.59182357788086,305.4100036621094
2025-07-29,628.29833984375,83.51421356201172,26.65951156616211,306.25
2025-07-30,627.5070190429688,83.08383178710938,26.920595169067383,300.9599914550781
2025-07-31,625.1531372070312,83.13163757324219,26.978612899780273,302.9599914550781
2025-08-01,614.9066162109375,84.31350708007812,26.65951156616211,309.1099853515625
2025-08-04,624.2530517578125,84.54389953613281,26.64984130859375,310.9100036621094
2025-08-05,621.088134765625,84.80313110351562,26.64984130859375,311.1600036621094
2025-08-06,625.845458984375,84.31350708007812,26.49512481689453,310.5
2025-08-07,625.3212890625,84.16947937011719,26.475786209106445,313.1199951171875
2025-08-08,630.1972045898438,83.80465698242188,26.52413558959961,313.04998779296875
2025-08-11,628.9509887695312,83.90066528320312,26.630502700805664,308.54998779296875
2025-08-12,635.6469116210938,83.47821044921875,26.49512481689453,308.2699890136719
2025-08-13,637.82275390625,84.16947937011719,26.42743682861328,309.2099914550781
2025-08-14,637.882080078125,83.54544067382812,26.52413558959961,307.25
2025-08-15,636.3886108398438,82.95018768310547,26.43710708618164,307.42999267578125
2025-08-18,636.2501220703125,82.71016693115234,26.50479507446289,306.95001220703125
2025-08-19,632.7984008789062,83.19019317626953,26.57248306274414,305.2699890136719
2025-08-20,631.1170043945312,83.37261962890625,26.553142547607422,308.3599853515625
2025-08-21,628.5850830078125,82.95978546142578,26.688520431518555,307.2900085449219
2025-08-22,638.2380981445312,83.57421875,26.42743682861328,310.5799865722656
2025-08-25,635.4292602539062,83.33422088623047,26.64017105102539,309.8299865722656
2025-08-26,638.0897827148438,83.28620910644531,26.57248306274414,312.0799865722656
2025-08-27,639.543701171875,83.19019317626953,26.5821533203125,312.7099914550781
2025-08-28,641.80859375,83.73744201660156,26.485454559326172,315.0299987792969
2025-08-29,637.9810180664062,83.14219665527344,26.46611785888672,318.07000732421875
2025-09-02,633.2533569335938,82.52347564697266,26.64017105102539,325.5899963378906
2025-09-03,636.6853637695312,83.42938995361328,26.59182357788086,328.1400146484375
2025-09-04,642.00634765625,84.0654525756836,26.630502700805664,326.69000244140625
2025-09-05,640.1469116210938,85.34718322753906,26.49512481689453,331.04998779296875
2025-09-08,641.7196044921875,86.48439025878906,26.408098220825195,334.82000732421875
2025-09-09,643.2031860351562,85.99288940429688,26.51446533203125,334.05999755859375
2025-09-10,645.0625,86.48439025878906,26.53380584716797,335.260009765625
2025-09-11,650.4231567382812,87.06262969970703,26.44677734375,334.760009765625
2025-09-12,650.2054443359375,86.68677520751953,26.485454559326172,335.4200134277344
2025-09-15,653.6671142578125,86.88915252685547,26.398427963256836,338.9100036621094
2025-09-16,652.7671508789062,87.07225036621094,26.234041213989258,339.5899963378906
2025-09-17,651.9561157226562,86.8506088256836,26.321069717407227,336.9700012207031
2025-09-18,655.0023803710938,85.954345703125,26.44677734375,335.6199951171875
2025-09-19,658.2465209960938,85.79051208496094,26.52413558959961,339.17999267578125
2025-09-22,661.3607788085938,85.48211669921875,26.42743682861328,345.04998779296875
2025-09-23,657.7606201171875,86.07962799072266,26.408098220825195,346.4599914550781
2025-09-24,655.6678466796875,85.75196838378906,26.60149383544922,343.32000732421875
2025-09-25,652.6429443359375,85.75196838378906,26.785219192504883,344.75
2025-09-26,656.3820190429688,85.67486572265625,26.688520431518555,346.739990234375
2025-09-29,658.2266845703125,86.37837219238281,26.630502700805664,352.4599914550781
2025-09-30,660.7061157226562,86.12779998779297,26.60149383544922,355.4700012207031
2025-10-01,662.9574584960938,86.35023498535156,26.59182357788086,356.0299987792969
2025-10-02,663.7210693359375,86.60169982910156,26.630502700805664,354.7900085449219
2025-10-03,663.7112426757812,86.4372787475586,26.5821533203125,357.6400146484375
2025-10-06,666.0914916992188,85.75064849853516,26.707860946655273,364.3800048828125
2025-10-07,663.6219482421875,86.24385833740234,26.862577438354492,366.260009765625
2025-10-08,667.5791625976562,86.31155395507812,26.920595169067383,372.29998779296875
2025-10-09,665.6452026367188,86.24385833740234,27.104320526123047,365.42999267578125
2025-10-10,647.6542358398438,87.63645935058594,26.968942642211914,369.1199951171875
2025-10-13,657.5919189453125,87.58810424804688,27.065641403198242,378.0899963378906
2025-10-14,656.78857421875,87.86854553222656,26.988283157348633,380.7900085449219
2025-10-15,659.7044067382812,87.6751480102539,26.910924911499023,387.3900146484375
2025-10-16,655.2116088867188,88.33274841308594,26.80455780029297,396.45001220703125
2025-10-17,658.9308471679688,88.1973648071289,26.833566665649414,388.989990234375
2025-10-20,665.7840576171875,88.53583526611328,26.901254653930664,403.1499938964844
2025-10-21,665.7741088867188,88.97101593017578,27.00762367248535,377.239990234375
2025-10-22,662.3128051757812,89.02904510498047,26.978612899780273,377.2799987792969
2025-10-23,666.2402954101562,88.4197769165039,26.988283157348633,378.7900085449219
2025-10-24,671.6851806640625,88.45846557617188,26.988283157348633,377.5199890136719
2025-10-27,679.6094970703125,88.75826263427734,26.959272384643555,367.010009765625
2025-10-28,681.41455078125,88.9903335571289,26.9399356842041,364.3800048828125
2025-10-29,681.7418823242188,88.09097290039062,27.094650268554688,363.0
2025-10-30,674.2440185546875,87.57843017578125,27.201017379760742,370.1300048828125
2025-10-31,676.45556640625,87.31731414794922,27.27837562561035,368.1199951171875
2025-11-03,677.7251586914062,87.09894561767578,27.297714233398438,368.7799987792969
2025-11-04,669.6917114257812,87.29305267333984,27.384742736816406,362.32000732421875
2025-11-05,672.012451171875,86.3418960571289,27.394412994384766,366.510009765625
2025-11-06,664.8021850585938,87.11834716796875,27.249366760253906,366.07000732421875
2025-11-07,665.4567260742188,86.93394470214844,27.230026245117188,368.30999755859375
2025-11-10,675.8406982421875,86.91453552246094,27.249366760253906,378.3800048828125
2025-11-11,677.3878784179688,87.31246948242188,27.2106876373291,379.8699951171875
2025-11-12,677.7648315429688,87.4677505493164,27.220355987548828,385.989990234375
2025-11-13,666.5180053710938,86.74952697753906,27.14299964904785,382.8699951171875
2025-11-14,666.4088745117188,86.25454711914062,27.181678771972656,375.9599914550781
2025-11-17,660.2003173828125,86.46806335449219,27.249366760253906,371.6499938964844
2025-11-18,654.65625,86.43895721435547,27.27837562561035,374.3500061035156
2025-11-19,657.185302734375,86.26425170898438,27.452430725097656,374.9599914550781
2025-11-20,647.1683349609375,86.60395812988281,27.471771240234375,374.8500061035156
2025-11-21,653.6149291992188,86.86599731445312,27.452430725097656,374.2699890136719
2025-11-24,663.235107421875,87.36100006103516,27.452430725097656,380.20001220703125
2025-11-25,669.4735107421875,87.584228515625,27.375072479248047,380.0799865722656
2025-11-26,674.09521484375,87.97244262695312,27.297714233398438,383.1199951171875
2025-11-28,677.7747192382812,87.55510711669922,27.27837562561035,387.8800048828125
2025-12-01,674.6802978515625,86.46516418457031,27.268707275390625,389.75
2025-12-02,675.9300537109375,86.50411224365234,27.259037017822266,387.239990234375
2025-12-03,678.2706298828125,86.74762725830078,27.123659133911133,386.8800048828125
2025-12-04,678.7664794921875,86.28009033203125,27.181678771972656,387.1300048828125
2025-12-05,680.0557861328125,85.88072967529297,27.152667999267578,386.44000244140625
2025-12-08,678.0127563476562,85.59825897216797,27.191349029541016,385.4200134277344
2025-12-09,677.4275512695312,85.6859359741211,27.230026245117188,387.3999938964844
2025-12-10,681.92041015625,86.01709747314453,27.084980010986328,389.04998779296875
2025-12-11,683.5072021484375,85.90022277832031,26.988283157348633,393.239990234375
2025-12-12,676.1581420898438,85.0722885131836,27.026962280273438,395.44000244140625
2025-12-15,675.1365356445312,85.1307373046875,27.00762367248535,395.79998779296875
2025-12-16,673.2918701171875,85.59825897216797,26.978612899780273,395.8900146484375
2025-12-17,665.8832397460938,85.52035522460938,27.036630630493164,399.2900085449219
2025-12-18,670.9114990234375,85.929443359375,27.055971145629883,398.57000732421875
2025-12-19,676.9923095703125,85.60871124267578,27.14299964904785,399.0199890136719
2025-12-22,681.2098999023438,85.42292785644531,27.030000686645508,408.2300109863281
2025-12-23,684.3233032226562,85.55982208251953,26.940000534057617,413.6400146484375
2025-12-24,686.7305297851562,86.07807159423828,26.950000762939453,411.92999267578125
2025-12-26,686.660888671875,85.79449462890625,26.969999313354492,416.739990234375
2025-12-29,684.2138671875,86.11717987060547,26.979999542236328,398.6000061035156
2025-12-30,683.3783569335938,85.9118423461914,27.049999237060547,398.8900146484375
2025-12-31,678.3152465820312,85.22736358642578,27.030000686645508,396.30999755859375
2026-01-02,679.55859375,85.1002426147461,27.110000610351562,398.2799987792969
2026-01-05,684.0845336914062,85.52071380615234,27.06999969482422,408.760009765625
2026-01-06,688.1529541015625,85.34468841552734,27.15999984741211,413.17999267578125
2026-01-07,685.9347534179688,85.84339141845703,27.200000762939453,409.2300109863281
2026-01-08,685.8651123046875,85.41315460205078,27.270000457763672,411.489990234375
2026-01-09,690.4010009765625,85.98028564453125,27.329999923706055,414.4700012207031
2026-01-12,691.4852294921875,85.72604370117188,27.280000686645508,422.2300109863281
2026-01-13,690.1026000976562,85.87271881103516,27.350000381469727,421.6300048828125
2026-01-14,686.7106323242188,86.37141418457031,27.329999923706055,425.94000244140625
2026-01-15,688.5806884765625,86.35186004638672,27.43000030517578,423.3299865722656
2026-01-16,688.0037231445312,85.85317993164062,27.43000030517578,421.2900085449219
2026-01-20,673.9981689453125,84.72866821289062,27.209999084472656,437.2300109863281
2026-01-21,681.77685546875,85.37403106689453,27.270000457763672,443.6000061035156
2026-01-22,685.3379516601562,85.74562072753906,27.149999618530273,451.7900085449219
2026-01-23,685.5865478515625,85.98028564453125,26.90999984741211,458.0
2026-01-26,689.0680541992188,86.3909683227539,26.780000686645508,464.70001220703125
2026-01-27,691.8134765625,85.85317993164062,26.469999313354492,476.1000061035156
2026-01-28,691.7438354492188,85.6575927734375,26.6299991607666,494.55999755859375
2026-01-29,690.3711547851562,85.67716217041016,26.59000015258789,495.8999938964844
2026-01-30,688.3120727539062,85.19802856445312,26.850000381469727,444.95001220703125
2026-02-02,691.7339477539062,84.95460510253906,26.989999771118164,427.1300048828125
2026-02-03,685.885009765625,85.16072845458984,26.920000076293945,454.2900085449219
2026-02-04,682.5626831054688,84.94477844238281,27.010000228881836,453.9700012207031
2026-02-05,674.0379638671875,85.86746215820312,27.09000015258789,441.8800048828125
2026-02-06,686.96923828125,85.92634582519531,27.010000228881836,455.4599914550781
2026-02-09,690.2816772460938,85.9067153930664,26.790000915527344,467.0299987792969
2026-02-10,688.4613037109375,86.89810180664062,26.799999237060547,462.3999938964844
2026-02-11,688.3021850585938,86.43675231933594,26.829999923706055,467.6300048828125
2026-02-12,677.668701171875,87.58519744873047,26.81999969482422,451.3900146484375
2026-02-13,678.1461181640625,88.06616973876953,26.81999969482422,462.6199951171875
2026-02-17,679.2402954101562,88.21339416503906,26.90999984741211,448.20001220703125
2026-02-18,682.662109375,87.87966918945312,27.079999923706055,458.2799987792969
2026-02-19,680.8616333007812,87.96800994873047,27.1200008392334,459.55999755859375
2026-02-20,685.7855834960938,87.76187896728516,27.09000015258789,468.6199951171875
2026-02-23,678.7827758789062,88.0857925415039,27.09000015258789,481.2799987792969
2026-02-24,683.7164916992188,88.24284362792969,27.110000610351562,474.6099853515625
2026-02-25,689.4859008789062,88.2526626586914,27.079999923706055,473.4200134277344
2026-02-26,685.6561889648438,88.60601806640625,27.100000381469727,477.4800109863281
2026-02-27,682.3637084960938,89.14588928222656,27.079999923706055,483.75
2026-03-02,682.751708984375,88.25067901611328,27.329999923706055,490.0
2026-03-03,676.7337036132812,88.07341003417969,27.459999084472656,468.1400146484375
2026-03-04,681.5082397460938,87.79766082763672,27.40999984741211,471.79998779296875
2026-03-05,677.70849609375,87.443115234375,27.479999542236328,466.1300048828125
2026-03-06,668.82568359375,87.11811828613281,27.469999313354492,473.510009765625
2026-03-09,674.6845703125,87.8764419555664,27.459999084472656,472.5299987792969
2026-03-10,673.6002807617188,86.94084930419922,27.450000762939453,477.8599853515625
2026-03-11,672.7548217773438,85.8181381225586,27.549999237060547,476.239990234375
2026-03-12,662.5390625,85.65072631835938,27.68000030517578,466.8800048828125
2026-03-13,658.7890014648438,85.22724151611328,27.889999389648438,460.8399963378906
2026-03-16,665.493408203125,85.88707733154297,27.729999542236328,460.42999267578125
2026-03-17,667.2440185546875,86.1234359741211,27.68000030517578,459.2699890136719
2026-03-18,657.9335327148438,85.64088439941406,27.850000381469727,444.739990234375
2026-03-19,656.3121948242188,86.16283416748047,27.579999923706055,426.4100036621094
2026-03-20,646.9034423828125,84.52801513671875,27.68000030517578,413.3800048828125
2026-03-23,653.6959228515625,85.07952117919922,27.559999465942383,404.0400085449219
2026-03-24,651.5015869140625,84.70529174804688,27.649999618530273,404.1300048828125
2026-03-25,655.1322021484375,85.52269744873047,27.700000762939453,416.2900085449219
2026-03-26,643.432373046875,84.80377197265625,27.809999465942383,400.6400146484375
2026-03-27,632.4606323242188,84.34089660644531,27.84000015258789,414.70001220703125
2026-03-30,630.3460693359375,85.46360778808594,27.979999542236328,414.5799865722656
2026-03-31,648.6688842773438,85.37496948242188,27.780000686645508,430.2900085449219
2026-04-01,653.5562744140625,85.29092407226562,27.729999542236328,437.82000732421875
2026-04-02,654.144775390625,85.81497192382812,27.860000610351562,429.4100036621094
2026-04-06,657.23681640625,85.6765365600586,27.829999923706055,427.6499938964844
2026-04-07,657.5260009765625,85.6666488647461,27.75,431.80999755859375
2026-04-08,674.27294921875,85.94351196289062,27.530000686645508,434.5299987792969
2026-04-09,678.162841796875,85.7259750366211,27.479999542236328,437.9100036621094
2026-04-10,677.7140502929688,85.5183334350586,27.440000534057617,437.1300048828125
2026-04-13,684.3369750976562,85.7754135131836,27.3799991607666,435.3599853515625
2026-04-14,692.675537109375,86.2302474975586,27.31999969482422,445.0899963378906
2026-04-15,698.1414184570312,85.85452270507812,27.290000915527344,440.4599914550781
2026-04-16,699.8569946289062,85.31069946289062,27.3700008392334,440.0799865722656
2026-04-17,708.3152465820312,86.09182739257812,27.360000610351562,445.92999267578125
2026-04-20,706.8988037109375,86.0720443725586,27.31999969482422,442.0899963378906
2026-04-21,702.2708129882812,85.59744262695312,27.469999313354492,429.57000732421875
2026-04-22,709.3825073242188,85.7655258178711,27.479999542236328,435.260009765625
2026-04-23,706.6295776367188,85.57767486572266,27.530000686645508,431.0400085449219
2026-04-24,712.10546875,85.73587036132812,27.479999542236328,433.25
2026-04-27,713.332275390625,85.31069946289062,27.450000762939453,429.8900146484375
2026-04-28,709.8612060546875,85.39968872070312,27.530000686645508,421.9100036621094
2026-04-29,709.7515258789062,84.73721313476562,27.610000610351562,417.4100036621094
2026-04-30,716.8132934570312,84.65811157226562,27.360000610351562,423.6600036621094
2026-05-01,718.7982177734375,84.96080017089844,27.40999984741211,423.17999267578125
2026-05-04,716.1649780273438,84.31572723388672,27.479999542236328,414.7099914550781
2026-05-05,721.9102172851562,84.78216552734375,27.5,418.2699890136719
2026-05-06,731.9443359375,85.42723846435547,27.350000381469727,430.9599914550781
2026-05-07,729.7001342773438,85.00050354003906,27.40999984741211,431.67999267578125
2026-05-08,735.724609375,85.42723846435547,27.34000015258789,433.7699890136719
2026-05-11,737.4002685546875,84.91117858886719,27.350000381469727,434.6499938964844
2026-05-12,736.2831420898438,84.34550476074219,27.450000762939453,432.92999267578125
2026-05-13,740.4025268554688,84.15695190429688,27.510000228881836,430.5
2026-05-14,746.2474975585938,84.27603149414062,27.6200008392334,427.2099914550781
2026-05-15,737.2706298828125,83.02558898925781,27.770000457763672,417.2900085449219
2026-05-18,736.751953125,82.92634582519531,27.700000762939453,418.42999267578125
2026-05-19,731.8446044921875,82.39044189453125,27.790000915527344,411.5
2026-05-20,739.3452758789062,83.27369689941406,27.729999542236328,417.3999938964844
2026-05-21,740.8114624023438,83.58134460449219,27.729999542236328,416.989990234375
2026-05-22,743.7239990234375,84.03784942626953,27.770000457763672,413.82000732421875
2026-05-26,748.6613159179688,84.45466613769531,27.75,414.0
2026-05-27,748.5316162109375,84.65315246582031,27.75,408.489990234375
2026-05-28,752.6609497070312,85.08981323242188,27.700000762939453,412.7699890136719
2026-05-29,754.5361328125,85.10967254638672,27.65999984741211,417.1199951171875
2026-06-01,756.5908203125,85.1554946899414,27.760000228881836,411.260009765625
2026-06-02,757.6182250976562,85.3348388671875,27.760000228881836,411.95001220703125
2026-06-03,752.3018798828125,84.99608612060547,27.860000610351562,407.8699951171875
2026-06-04,755.1445922851562,85.18538665771484,27.84000015258789,411.2699890136719
2026-06-05,735.65478515625,84.74700164794922,28.020000457763672,396.239990234375
2026-06-08,737.3204345703125,84.30862426757812,28.030000686645508,397.2699890136719
2026-06-09,735.1560668945312,84.8067855834961,28.010000228881836,390.7799987792969
2026-06-10,723.56591796875,84.56766510009766,28.049999237060547,374.5799865722656
2026-06-11,735.8642578125,85.66361999511719,27.950000762939453,386.32000732421875
2026-06-12,739.843994140625,85.45439147949219,27.950000762939453,386.5400085449219
2026-06-15,752.890380859375,85.40457916259766,27.969999313354492,396.54998779296875
2026-06-16,748.4019775390625,85.87284851074219,27.93000030517578,397.6300048828125
2026-06-17,739.0560302734375,86.01233673095703,28.18000030517578,388.6000061035156
2026-06-18,746.739990234375,86.4307861328125,28.299999237060547,387.1199951171875
2026-06-22,744.3900146484375,85.77320861816406,28.360000610351562,384.5899963378906
2026-06-23,733.5800170898438,85.88280487060547,28.450000762939453,377.32000732421875
2026-06-24,733.239990234375,87.05846405029297,28.530000686645508,365.9200134277344
2026-06-25,734.2999877929688,87.02857971191406,28.479999542236328,369.4599914550781
2026-06-26,728.989990234375,87.03854370117188,28.459999084472656,373.6300048828125
2026-06-29,741.0,87.12820434570312,28.3700008392334,368.5799865722656
2026-06-30,746.77001953125,86.10199737548828,28.40999984741211,368.3800048828125
