Date,SPY,DIA
2005-01-03,81.17460632324219,66.79602813720703
2005-01-04,80.18270111083984,66.16118621826172
2005-01-05,79.62939453125,65.79393005371094
2005-01-06,80.03421783447266,65.99932861328125
2005-01-07,79.9195556640625,65.87483978271484
2005-01-10,80.29741668701172,66.09886169433594
2005-01-11,79.74409484863281,65.67567443847656
2005-01-12,80.00726318359375,65.99307250976562
2005-01-13,79.36622619628906,65.32093811035156
2005-01-14,79.78456115722656,65.62586975097656
2005-01-18,80.61457824707031,66.07402038574219
2005-01-19,79.77108001708984,65.50764465332031
2005-01-20,79.2852554321289,65.20264434814453
2005-01-21,78.7994384765625,64.69054412841797
2005-01-24,78.64423370361328,64.6344985961914
2005-01-25,78.86688232421875,65.15775299072266
2005-01-26,79.10305786132812,65.2824478149414
2005-01-27,79.23799133300781,65.14531707763672
2005-01-28,79.23799133300781,65.06432342529297
2005-01-31,79.73060607910156,65.28861236572266
2005-02-01,80.23667907714844,65.6623764038086
2005-02-02,80.47957611083984,65.96142578125
2005-02-03,80.2704086303711,65.97390747070312
2005-02-04,81.12736511230469,66.65924072265625
2005-02-07,81.01942443847656,66.6653823852539
2005-02-08,81.11387634277344,66.81495666503906
2005-02-09,80.50659942626953,66.49720764160156
2005-02-10,80.79673767089844,66.97068786621094
2005-02-11,81.49173736572266,67.33822631835938
2005-02-14,81.4310302734375,67.2697525024414
2005-02-15,81.73466491699219,67.57496643066406
2005-02-16,81.78863525390625,67.56251525878906
2005-02-17,81.12736511230469,67.10771942138672
2005-02-18,81.2353286743164,67.3124771118164
2005-02-22,80.02748107910156,66.18865966796875
2005-02-23,80.60104370117188,66.70062255859375
2005-02-24,81.13411712646484,67.06277465820312
2005-02-25,81.93708801269531,67.65589141845703
2005-02-28,81.39728546142578,67.24381256103516
2005-03-01,81.80213928222656,67.57476806640625
2005-03-02,81.76168060302734,67.474853515625
2005-03-03,81.79539489746094,67.58720397949219
2005-03-04,82.81429290771484,68.39260864257812
2005-03-07,82.85477447509766,68.26155090332031
2005-03-08,82.54438018798828,68.15540313720703
2005-03-09,81.62673950195312,67.43737030029297
2005-03-10,81.80890655517578,67.72459411621094
2005-03-11,81.2353286743164,67.33130645751953
2005-03-14,81.74137878417969,67.5185546875
2005-03-15,81.06664276123047,67.16268920898438
2005-03-16,80.37840270996094,66.40095520019531
2005-03-17,80.54032135009766,66.36349487304688
2005-03-18,80.30123138427734,66.26220703125
2005-03-21,80.00311279296875,65.92453002929688
2005-03-22,79.19023132324219,65.367919921875
2005-03-23,79.25796508789062,65.29290771484375
2005-03-24,79.35279083251953,65.31165313720703
2005-03-28,79.46795654296875,65.51181030273438
2005-03-29,78.9395751953125,65.08021545410156
2005-03-30,80.05733489990234,65.87448120117188
2005-03-31,79.90828704833984,65.65558624267578
2005-04-01,79.54924774169922,65.06770324707031
2005-04-04,79.68475341796875,65.17407989501953
2005-04-05,80.06409454345703,65.40545654296875
2005-04-06,80.3418197631836,65.67436981201172
2005-04-07,80.7753677368164,65.9870376586914
2005-04-08,79.93537139892578,65.37418365478516
2005-04-11,79.996337890625,65.33040618896484
2005-04-12,80.4095687866211,65.65558624267578
2005-04-13,79.46118927001953,65.02398681640625
2005-04-14,78.42475891113281,64.03594207763672
2005-04-15,77.32730865478516,63.01837921142578
2005-04-18,77.56441497802734,62.924495697021484
2005-04-19,78.18087005615234,63.3625373840332
2005-04-20,77.0902328491211,62.66794204711914
2005-04-21,78.58731842041016,63.90699768066406
2005-04-22,78.28919982910156,63.72553634643555
2005-04-25,78.8040771484375,64.08228302001953
2005-04-26,78.03861236572266,63.52527618408203
2005-04-27,78.34343719482422,63.76933288574219
2005-04-28,77.36121368408203,62.9057502746582
2005-04-29,78.41117095947266,63.7568244934082
2005-05-02,78.85151672363281,64.19485473632812
2005-05-03,78.98698425292969,64.38890075683594
2005-05-04,79.5967025756836,64.9395751953125
2005-05-05,79.56957244873047,64.77063751220703
2005-05-06,79.31891632080078,64.72679901123047
2005-05-09,79.81344604492188,64.92707824707031
2005-05-10,78.98698425292969,64.26994323730469
2005-05-11,79.42057037353516,64.4701919555664
2005-05-12,78.54669952392578,63.78812789916992
2005-05-13,78.39087677001953,63.625404357910156
2005-05-16,79.1224594116211,64.23243713378906
2005-05-17,79.6508560180664,64.7643814086914
2005-05-18,80.47052764892578,65.60920715332031
2005-05-19,80.80924224853516,65.79695892333984
2005-05-20,80.6941146850586,65.68704986572266
2005-05-23,81.14116668701172,66.0574951171875
2005-05-24,80.95149993896484,65.81260681152344
2005-05-25,80.8905258178711,65.66197967529297
2005-05-26,81.32406616210938,66.08887481689453
2005-05-27,81.4595718383789,66.1516342163086
2005-05-31,80.9379653930664,65.68704986572266
2005-06-01,81.62897491455078,66.12651062011719
2005-06-02,81.8050308227539,66.21438598632812
2005-06-03,81.391845703125,65.74349975585938
2005-06-06,81.31732177734375,65.68704986572266
2005-06-07,81.3782730102539,65.84402465820312
2005-06-08,81.22924041748047,65.7938461303711
2005-06-09,81.6153793334961,65.90682983398438
2005-06-10,81.42569732666016,66.0261459350586
2005-06-13,81.6831283569336,66.1328125
2005-06-14,81.8727798461914,66.27718353271484
2005-06-15,82.02861785888672,66.38392639160156
2005-06-16,82.23861694335938,66.40904235839844
2005-06-17,82.5433120727539,66.64412689208984
2005-06-20,82.5705337524414,66.5938491821289
2005-06-21,82.6181411743164,66.61896514892578
2005-06-22,82.6861343383789,66.6314926147461
2005-06-23,81.52310180664062,65.3934326171875
2005-06-24,80.9245376586914,64.64553833007812
2005-06-27,81.04015350341797,64.7021255493164
2005-06-28,81.72034454345703,65.34939575195312
2005-06-29,81.50269317626953,65.110595703125
2005-06-30,81.06060791015625,64.5763931274414
2005-07-01,81.29862213134766,64.8089370727539
2005-07-05,81.95158386230469,65.1294937133789
2005-07-06,81.26464080810547,64.52613067626953
2005-07-07,81.58431243896484,64.82149505615234
2005-07-08,82.51612854003906,65.71401977539062
2005-07-11,82.93783569335938,66.14134216308594
2005-07-12,83.15546417236328,66.0533218383789
2005-07-13,83.2710952758789,66.3864517211914
2005-07-14,83.59754943847656,66.88291931152344
2005-07-15,83.54991912841797,66.86028289794922
2005-07-18,83.2166748046875,66.62753295898438
2005-07-19,83.67235565185547,66.99238586425781
2005-07-20,83.95803833007812,67.11188507080078
2005-07-21,83.46833038330078,66.79735565185547
2005-07-22,84.02603912353516,66.97975158691406
2005-07-25,83.78800201416016,66.75963592529297
2005-07-26,83.89002227783203,66.56465911865234
2005-07-27,84.19605255126953,66.89800262451172
2005-07-28,84.72662353515625,67.35086059570312
2005-07-29,84.1620864868164,67.07418060302734
2005-08-01,84.1008529663086,66.79735565185547
2005-08-02,84.60418701171875,67.12447357177734
2005-08-03,84.82860565185547,67.30689239501953
2005-08-04,84.14849853515625,66.7533187866211
2005-08-05,83.57713317871094,66.4576644897461
2005-08-08,83.42068481445312,66.38853454589844
2005-08-09,83.92402648925781,66.8476791381836
2005-08-10,83.8832015991211,66.82874298095703
2005-08-11,84.21648406982422,67.22509765625
2005-08-12,83.69960021972656,66.68417358398438
2005-08-15,84.21648406982422,67.06787109375
2005-08-16,83.12142181396484,66.30045318603516
2005-08-17,83.11466979980469,66.47651672363281
2005-08-18,83.10783386230469,66.52687072753906
2005-08-19,83.29827880859375,66.702880859375
2005-08-22,83.29827880859375,66.65872192382812
2005-08-23,83.14185333251953,66.41896057128906
2005-08-24,82.40046691894531,65.72501373291016
2005-08-25,82.69975280761719,65.90161895751953
2005-08-26,82.13519287109375,65.5484848022461
2005-08-29,82.76777648925781,66.01522064208984
2005-08-30,82.33248901367188,65.61149597167969
2005-08-31,83.37310028076172,66.1729965209961
2005-09-01,83.3118667602539,65.99004364013672
2005-09-02,83.16224670410156,65.99004364013672
2005-09-06,84.1348876953125,66.7659683227539
2005-09-07,84.2776870727539,67.01844787597656
2005-09-08,83.99884033203125,66.81648254394531
2005-09-09,84.74702453613281,67.35272979736328
2005-09-12,84.57697296142578,67.38420867919922
2005-09-13,84.10765838623047,66.94265747070312
2005-09-14,83.8016128540039,66.60195922851562
2005-09-15,83.76081085205078,66.65872192382812
2005-09-16,84.35637664794922,67.11679077148438
2005-09-19,84.07634735107422,66.68084716796875
2005-09-20,83.36599731445312,66.16275787353516
2005-09-21,82.58731842041016,65.53093719482422
2005-09-22,82.8810043334961,65.73313903808594
2005-09-23,82.94932556152344,65.77104187011719
2005-09-26,83.04496002197266,65.98589324951172
2005-09-27,83.02445983886719,66.042724609375
2005-09-28,83.10643768310547,66.15013122558594
2005-09-29,83.78269958496094,66.59244537353516
2005-09-30,84.0422134399414,66.81354522705078
2005-10-03,83.74166107177734,66.51656341552734
2005-10-04,82.7990493774414,65.81526947021484
2005-10-05,81.7129898071289,65.21503448486328
2005-10-06,81.4193115234375,65.01292419433594
2005-10-07,81.69937896728516,65.05706787109375
2005-10-10,81.00945281982422,64.64649200439453
2005-10-11,80.89332580566406,64.77912902832031
2005-10-12,80.25813293457031,64.46321868896484
2005-10-13,80.21028137207031,64.41901397705078
2005-10-14,81.05729675292969,64.96868133544922
2005-10-17,81.35784149169922,65.39197540283203
2005-10-18,80.4766845703125,64.9939193725586
2005-10-19,81.81546020507812,65.90372467041016
2005-10-20,80.37425231933594,64.93704223632812
2005-10-21,80.68844604492188,64.6195068359375
2005-10-24,81.93841552734375,65.63806915283203
2005-10-25,81.77454376220703,65.62540435791016
2005-10-26,81.53540802001953,65.49883270263672
2005-10-27,80.66792297363281,64.74604034423828
2005-10-28,81.82913970947266,65.69503784179688
2005-10-31,82.05451965332031,65.73926544189453
2005-11-01,82.30045318603516,65.88478088378906
2005-11-02,83.16109466552734,66.23908233642578
2005-11-03,83.5162353515625,66.58077239990234
2005-11-04,83.4070053100586,66.54911041259766
2005-11-07,83.48893737792969,66.81476593017578
2005-11-08,83.48893737792969,66.80851745605469
2005-11-09,83.59825134277344,66.80851745605469
2005-11-10,84.24714660644531,67.4284439086914
2005-11-11,84.53400421142578,67.70684051513672
2005-11-14,84.4861831665039,67.82070922851562
2005-11-15,84.17880249023438,67.77008056640625
2005-11-16,84.34957885742188,67.719482421875
2005-11-17,85.13507080078125,67.93456268310547
2005-11-18,85.46977996826172,68.20608520507812
2005-11-21,85.90011596679688,68.60567474365234
2005-11-22,86.26892852783203,68.91015625
2005-11-23,86.76754760742188,69.25267028808594
2005-11-25,86.83586883544922,69.3478012084961
2005-11-28,86.22111511230469,69.16387176513672
2005-11-29,86.12548828125,69.0687255859375
2005-11-30,85.66104125976562,68.64372253417969
2005-12-01,86.53534698486328,69.1765365600586
2005-12-02,86.64460754394531,69.0243148803711
2005-12-05,86.46018981933594,68.75154876708984
2005-12-06,86.62413787841797,68.94817352294922
2005-12-07,86.11866760253906,68.567626953125
2005-12-08,86.06404113769531,68.27586364746094
2005-12-09,86.28941345214844,68.33927917480469
2005-12-12,86.37137603759766,68.32662963867188
2005-12-13,86.95883178710938,68.75154876708984
2005-12-14,87.30036163330078,69.13848876953125
2005-12-15,87.04762268066406,68.99259185791016
2005-12-16,86.76744842529297,68.98238372802734
2005-12-19,86.32109832763672,68.79169464111328
2005-12-20,86.40355682373047,68.58829498291016
2005-12-21,86.54084014892578,68.75360107421875
2005-12-22,86.99407196044922,69.10952758789062
2005-12-23,87.0421142578125,69.1349868774414
2005-12-27,86.15628814697266,68.49925231933594
2005-12-28,86.3485336303711,68.56285095214844
2005-12-29,85.96405029296875,68.45477294921875
2005-12-30,85.49710083007812,67.99066925048828
2006-01-03,87.00090026855469,68.8679428100586
2006-01-04,87.41290283203125,69.12865447998047
2006-01-05,87.46786499023438,69.21764373779297
2006-01-06,88.19574737548828,69.62457275390625
2006-01-09,88.42233276367188,69.9169692993164
2006-01-10,88.51160430908203,69.9804916381836
2006-01-11,88.7931137084961,70.20304870605469
2006-01-12,88.44293212890625,69.783447265625
2006-01-13,88.36053466796875,69.63726806640625
2006-01-17,88.12019348144531,69.30030059814453
2006-01-18,87.7699966430664,69.03966522216797
2006-01-19,88.10645294189453,69.12223052978516
2006-01-20,86.49967956542969,67.76036071777344
2006-01-23,86.80863952636719,68.00849151611328
2006-01-24,86.89793395996094,68.05947875976562
2006-01-25,86.97344970703125,68.19310760498047
2006-01-26,87.45414733886719,68.74040985107422
2006-01-27,88.2644271850586,69.44051361083984
2006-01-30,88.19574737548828,69.3132095336914
2006-01-31,87.5502700805664,68.90591430664062
2006-02-01,88.1613998413086,69.73326873779297
2006-02-02,87.13825225830078,68.92498779296875
2006-02-03,86.70563507080078,68.60040283203125
2006-02-06,86.93224334716797,68.74681091308594
2006-02-07,86.16320037841797,68.40310668945312
2006-02-08,86.94598388671875,69.10956573486328
2006-02-09,86.8017807006836,69.26871490478516
2006-02-10,86.95972442626953,69.45320892333984
2006-02-13,86.8017807006836,69.40230560302734
2006-02-14,87.72193145751953,70.261474609375
2006-02-15,88.03089904785156,70.45246124267578
2006-02-16,88.69015502929688,70.81517028808594
2006-02-17,88.44978332519531,70.7859115600586
2006-02-21,88.23004913330078,70.49890899658203
2006-02-22,88.76565551757812,70.83684539794922
2006-02-23,88.63518524169922,70.60737609863281
2006-02-24,88.86177062988281,70.62007141113281
2006-02-27,88.89610290527344,70.67750549316406
2006-02-28,88.0515365600586,70.07174682617188
2006-03-01,88.8343276977539,70.42880249023438
2006-03-02,88.82744598388672,70.37776947021484
2006-03-03,88.41546630859375,70.18013000488281
2006-03-06,88.01033020019531,69.89962005615234
2006-03-07,87.87299346923828,70.03990936279297
2006-03-08,88.05838775634766,70.19928741455078
2006-03-09,87.46786499023438,69.95063018798828
2006-03-10,88.29874420166016,70.67750549316406
2006-03-13,88.46355438232422,70.77947998046875
2006-03-14,89.3905258178711,71.16838836669922
2006-03-15,89.7887954711914,71.62109375
2006-03-16,89.97418975830078,71.90161895751953
2006-03-17,90.04934692382812,72.01604461669922
2006-03-20,89.904541015625,72.0096664428711
2006-03-21,89.3392562866211,71.76683807373047
2006-03-22,89.8838882446289,72.24608612060547
2006-03-23,89.6977310180664,72.06720733642578
2006-03-24,89.76667785644531,72.04794311523438
2006-03-27,89.6357192993164,71.85625457763672
2006-03-28,89.0842056274414,71.2044906616211
2006-03-29,89.64257049560547,71.54957580566406
2006-03-30,89.4840316772461,71.19808959960938
2006-03-31,89.50469207763672,71.12774658203125
2006-04-03,89.4357681274414,71.12774658203125
2006-04-04,90.00794982910156,71.56871795654297
2006-04-05,90.31819915771484,71.79875183105469
2006-04-06,90.22164154052734,71.67737579345703
2006-04-07,89.30477905273438,71.08308410644531
2006-04-10,89.44268798828125,71.25563049316406
2006-04-11,88.6843032836914,70.885009765625
2006-04-12,88.84977722167969,71.11505889892578
2006-04-13,88.73258972167969,71.1086196899414
2006-04-17,88.69813537597656,70.82112884521484
2006-04-18,90.1044921875,71.9776382446289
2006-04-19,90.2768783569336,72.11831665039062
2006-04-20,90.40095520019531,72.52082061767578
2006-04-21,90.41468811035156,72.54061889648438
2006-04-24,90.24925994873047,72.50871276855469
2006-04-25,89.87699127197266,72.18247985839844
2006-04-26,89.89766693115234,72.53424835205078
2006-04-27,90.33199310302734,72.77735900878906
2006-04-28,90.63533020019531,72.84769439697266
2006-05-01,89.89766693115234,72.47669219970703
2006-05-02,90.57330322265625,73.02042388916016
2006-05-03,90.23548889160156,72.89886474609375
2006-05-04,90.55951690673828,73.13556671142578
2006-05-05,91.35919952392578,73.9671630859375
2006-05-08,91.2489013671875,74.04391479492188
2006-05-09,91.4281234741211,74.42135620117188
2006-05-10,91.3798828125,74.56214141845703
2006-05-11,90.2768783569336,73.68572998046875
2006-05-12,89.09796905517578,72.8413314819336
2006-05-15,89.27720642089844,73.12923431396484
2006-05-16,89.14618682861328,73.11640167236328
2006-05-17,87.4503173828125,71.63868713378906
2006-05-18,87.00908660888672,71.27413177490234
2006-05-19,87.62264251708984,71.48509216308594
2006-05-22,86.95393371582031,71.16443634033203
2006-05-23,86.29210662841797,70.7796630859375
2006-05-24,86.98148345947266,71.26704406738281
2006-05-25,88.05697631835938,71.85701751708984
2006-05-26,88.50506591796875,72.3251724243164
2006-05-30,86.93327331542969,71.07466125488281
2006-05-31,87.90530395507812,71.65177917480469
2006-06-01,88.74636840820312,72.08148193359375
2006-06-02,88.93251037597656,72.05583953857422
2006-06-05,87.63643646240234,70.98485565185547
2006-06-06,87.42272186279297,70.53594207763672
2006-06-07,86.76778411865234,70.0229263305664
2006-06-08,86.69196319580078,69.90106201171875
2006-06-09,86.41622161865234,69.79209899902344
2006-06-12,85.47863006591797,69.2276611328125
2006-06-13,84.4858627319336,68.59925842285156
2006-06-14,85.14082336425781,69.47138977050781
2006-06-15,86.947021484375,70.76679229736328
2006-06-16,86.31346893310547,70.6345443725586
2006-06-19,85.63483428955078,70.11434173583984
2006-06-20,85.92565155029297,70.55744171142578
2006-06-21,86.56270599365234,71.1033935546875
2006-06-22,86.18187713623047,70.77580261230469
2006-06-23,86.16804504394531,70.62810516357422
2006-06-26,86.54889678955078,70.90428924560547
2006-06-27,85.8010482788086,70.17212677001953
2006-06-28,86.38269805908203,70.53176879882812
2006-06-29,88.127685546875,71.80342102050781
2006-06-30,88.13455200195312,71.79696655273438
2006-07-03,88.49467468261719,72.0603256225586
2006-07-05,87.98917388916016,71.59146118164062
2006-07-06,88.24539184570312,72.05387115478516
2006-07-07,87.67061614990234,71.26394653320312
2006-07-10,87.83680725097656,71.38593292236328
2006-07-11,88.224609375,71.59146118164062
2006-07-12,87.28287506103516,70.85926818847656
2006-07-13,85.8633804321289,69.55560302734375
2006-07-14,85.53099060058594,68.92610931396484
2006-07-17,85.4063720703125,69.05461883544922
2006-07-18,85.84261322021484,69.4848861694336
2006-07-19,87.0335922241211,70.673095703125
2006-07-20,86.43807220458984,70.27484130859375
2006-07-21,85.8287353515625,69.8176040649414
2006-07-24,87.39366912841797,71.06525421142578
2006-07-25,87.70526123046875,71.25177001953125
2006-07-26,87.82301330566406,71.32894134521484
2006-07-27,87.73988342285156,71.56050872802734
2006-07-28,88.61929321289062,72.07495880126953
2006-07-31,88.52925872802734,71.96560668945312
2006-08-01,88.09306335449219,71.52827453613281
2006-08-02,88.6885757446289,72.01712036132812
2006-08-03,88.9239730834961,72.40939331054688
2006-08-04,88.7716293334961,72.3386459350586
2006-08-07,88.56388092041016,72.24859619140625
2006-08-08,88.224609375,71.92705535888672
2006-08-09,87.92682647705078,71.35465240478516
2006-08-10,88.19691467285156,71.57975769042969
2006-08-11,87.94764709472656,71.4189453125
2006-08-14,88.01686096191406,71.48328399658203
2006-08-15,89.06938934326172,72.1971664428711
2006-08-16,89.81029510498047,72.9174575805664
2006-08-17,90.03880310058594,72.96892547607422
2006-08-18,90.4958267211914,73.34660339355469
2006-08-21,90.10808563232422,73.15326690673828
2006-08-22,90.10110473632812,73.01142120361328
2006-08-23,89.85185241699219,72.90186309814453
2006-08-24,89.77568817138672,72.70209503173828
2006-08-25,89.88648986816406,72.72789001464844
2006-08-28,90.31578826904297,73.11455535888672
2006-08-29,90.41966247558594,73.15968322753906
2006-08-30,90.47505187988281,73.32086181640625
2006-08-31,90.46121978759766,73.35301971435547
2006-09-01,91.00133514404297,73.92666625976562
2006-09-05,91.17444610595703,73.94603729248047
2006-09-06,90.3711929321289,73.5657730102539
2006-09-07,89.9556884765625,73.19189453125
2006-09-08,90.2119369506836,73.3917465209961
2006-09-11,90.30193328857422,73.44974517822266
2006-09-12,91.18824768066406,74.10714721679688
2006-09-13,91.55530548095703,74.4229965209961
2006-09-14,91.56219482421875,74.44869995117188
2006-09-15,91.77710723876953,74.63404846191406
2006-09-18,91.90230560302734,74.5888671875
2006-09-19,91.67279815673828,74.47265625
2006-09-20,92.15961456298828,74.95040893554688
2006-09-21,91.7145004272461,74.49202728271484
2006-09-22,91.43629455566406,74.25955963134766
2006-09-25,92.13873291015625,74.64045715332031
2006-09-26,92.90382385253906,75.27973175048828
2006-09-27,93.01510620117188,75.53155517578125
2006-09-28,92.98030090332031,75.47987365722656
2006-09-29,92.90382385253906,75.37657928466797
2006-10-02,92.5560302734375,75.299072265625
2006-10-03,92.75078582763672,75.63484191894531
2006-10-04,93.83575439453125,76.44197845458984
2006-10-05,94.01654052734375,76.59044647216797
2006-10-06,93.89836883544922,76.52587127685547
2006-10-09,93.95398712158203,76.59044647216797
2006-10-10,94.07918548583984,76.55176544189453
2006-10-11,93.96788787841797,76.56462097167969
2006-10-12,94.78165435791016,77.13285827636719
2006-10-13,95.02508544921875,77.24900817871094
2006-10-16,95.17106628417969,77.33299255371094
2006-10-17,94.87201690673828,77.20384979248047
2006-10-18,94.99726867675781,77.41696166992188
2006-10-19,95.1502456665039,77.57835388183594
2006-10-20,95.17106628417969,77.53112030029297
2006-10-23,95.60928344726562,78.13883972167969
2006-10-24,95.89446258544922,78.35862731933594
2006-10-25,96.22134399414062,78.47502899169922
2006-10-26,96.5203628540039,78.5008544921875
2006-10-27,95.91525268554688,78.13239288330078
2006-10-30,95.84571838378906,78.07421875
2006-10-31,95.83180236816406,78.0483169555664
2006-11-01,95.18499755859375,77.74446868896484
2006-11-02,95.12936401367188,77.57644653320312
2006-11-03,94.96247100830078,77.43421173095703
2006-11-06,96.03353118896484,78.22931671142578
2006-11-07,96.40210723876953,78.57847595214844
2006-11-08,96.61077117919922,78.75946807861328
2006-11-09,96.10303497314453,78.32630157470703
2006-11-10,96.14476776123047,78.29401397705078
2006-11-13,96.38124084472656,78.44914245605469
2006-11-14,97.1045913696289,79.07624816894531
2006-11-15,97.38279724121094,79.3154296875
2006-11-16,97.63312530517578,79.74858856201172
2006-11-17,97.66092681884766,79.8904800415039
2006-11-20,97.71658325195312,79.80619812011719
2006-11-21,97.81397247314453,79.81918334960938
2006-11-22,98.00867462158203,79.88399505615234
2006-11-24,97.61227416992188,79.51460266113281
2006-11-27,96.26995086669922,78.49696350097656
2006-11-28,96.6872787475586,78.59415435791016
2006-11-29,97.69573974609375,79.28773498535156
2006-11-30,97.73744201660156,79.25529479980469
2006-12-01,97.52185821533203,79.10621643066406
2006-12-04,98.26604461669922,79.59233856201172
2006-12-05,98.69029998779297,79.95535278320312
2006-12-06,98.60681915283203,79.81918334960938
2006-12-07,98.17561340332031,79.56642150878906
2006-12-08,98.35646057128906,79.72193908691406
2006-12-11,98.64161682128906,79.94234466552734
2006-12-12,98.5650863647461,79.84513854980469
2006-12-13,98.66941833496094,79.94882202148438
2006-12-14,99.53876495361328,80.51913452148438
2006-12-15,99.54788208007812,80.68167114257812
2006-12-18,99.27510833740234,80.72716522216797
2006-12-19,99.46395874023438,80.83113098144531
2006-12-20,99.40803527832031,80.85711669921875
2006-12-21,99.04431915283203,80.57769012451172
2006-12-22,98.4359130859375,80.0512924194336
2006-12-26,99.016357421875,80.5646743774414
2006-12-27,99.66677856445312,81.1886215209961
2006-12-28,99.45697021484375,81.10411071777344
2006-12-29,99.04431915283203,80.85063934326172
2007-01-03,98.86949157714844,80.88959503173828
2007-01-04,99.07933807373047,81.02606964111328
2007-01-05,98.28905487060547,80.41520690917969
2007-01-08,98.74360656738281,80.6751480102539
2007-01-09,98.65972137451172,80.629638671875
2007-01-10,98.98839569091797,80.86363983154297
2007-01-11,99.4219970703125,81.22755432128906
2007-01-12,100.17731475830078,81.6629638671875
2007-01-16,99.98149108886719,81.68888854980469
2007-01-17,100.0234603881836,81.72147369384766
2007-01-18,99.68772888183594,81.56553649902344
2007-01-19,99.88358306884766,81.64350891113281
2007-01-22,99.57583618164062,81.12327575683594
2007-01-23,99.86958312988281,81.5004653930664
2007-01-24,100.67388153076172,81.98170471191406
2007-01-25,99.49189758300781,81.26634979248047
2007-01-26,99.40098571777344,81.13624572753906
2007-01-29,99.3450698852539,81.16883850097656
2007-01-30,99.86260223388672,81.38987731933594
2007-01-31,100.53398895263672,82.09224700927734
2007-02-01,101.13545227050781,82.4173812866211
2007-02-02,101.27530670166016,82.2807846069336
2007-02-05,101.30330657958984,82.37835693359375
2007-02-06,101.33130645751953,82.35881805419922
2007-02-07,101.55506896972656,82.44988250732422
2007-02-08,101.4222183227539,82.24177551269531
2007-02-09,100.66687774658203,81.85807800292969
2007-02-12,100.32418823242188,81.66954803466797
2007-02-13,101.17041778564453,82.34586334228516
2007-02-14,101.83480834960938,82.8985595703125
2007-02-15,101.96763610839844,83.08716583251953
2007-02-16,101.91875457763672,83.10669708251953
2007-02-20,102.1355209350586,83.1653060913086
2007-02-21,102.09354400634766,82.97643280029297
2007-02-22,102.01664733886719,82.59852600097656
2007-02-23,101.61803436279297,82.35099029541016
2007-02-26,101.52708435058594,82.30540466308594
2007-02-27,97.56165313720703,79.21746063232422
2007-02-28,98.5617904663086,79.90804290771484
2007-03-01,98.26803588867188,79.76470947265625
2007-03-02,96.98120880126953,78.80049896240234
2007-03-05,96.05805969238281,78.3705825805664
2007-03-06,97.70153045654297,79.51713562011719
2007-03-07,97.60365295410156,79.47809600830078
2007-03-08,98.42890167236328,79.99921417236328
2007-03-09,98.45687866210938,80.12303161621094
2007-03-12,98.60372161865234,80.22721862792969
2007-03-13,96.6874771118164,78.83966827392578
2007-03-14,97.4078369140625,79.2565689086914
2007-03-15,97.54069519042969,79.34124755859375
2007-03-16,97.26757049560547,79.03897094726562
2007-03-19,98.4401626586914,79.84204864501953
2007-03-20,98.98078155517578,80.19459533691406
2007-03-21,100.60972595214844,81.15445709228516
2007-03-22,100.53253173828125,81.25898742675781
2007-03-23,100.67996978759766,81.41564178466797
2007-03-26,100.54656982421875,81.20018005371094
2007-03-27,100.30783081054688,80.89332580566406
2007-03-28,99.57762145996094,80.31220245361328
2007-03-29,99.68289947509766,80.50807189941406
2007-03-30,99.7040023803711,80.69746398925781
2007-04-02,99.81633758544922,80.73664855957031
2007-04-03,100.89060974121094,81.61155700683594
2007-04-04,101.0029296875,81.73564910888672
2007-04-05,101.27676391601562,81.91839599609375
2007-04-09,101.41719818115234,82.04249572753906
2007-04-10,101.53662109375,82.00331115722656
2007-04-11,101.12230682373047,81.55282592773438
2007-04-12,101.5716781616211,81.88578033447266
2007-04-13,102.03507232666016,82.36898040771484
2007-04-16,103.0040512084961,82.95005798339844
2007-04-17,103.27790069580078,83.41366577148438
2007-04-18,103.404296875,83.60301971435547
2007-04-19,103.3761978149414,83.72708892822266
2007-04-20,104.3521728515625,84.67203521728516
2007-04-23,103.95893096923828,84.4106674194336
2007-04-24,104.0011215209961,84.61318969726562
2007-04-25,104.95601654052734,85.35820007324219
2007-04-26,105.0753402709961,85.7372055053711
2007-04-27,104.99112701416016,85.75685119628906
2007-04-30,104.1204833984375,85.39085388183594
2007-05-01,104.38726806640625,85.7960433959961
2007-05-02,104.99817657470703,86.35153198242188
2007-05-03,105.56683349609375,86.5148696899414
2007-05-04,105.96707153320312,86.74362182617188
2007-05-07,105.98815155029297,86.93964385986328
2007-05-08,105.8476791381836,86.99188995361328
2007-05-09,106.13560485839844,87.28600311279297
2007-05-10,105.0262222290039,86.58677673339844
2007-05-11,105.92494201660156,87.27943420410156
2007-05-14,105.6932373046875,87.384033203125
2007-05-15,105.72129821777344,87.64537048339844
2007-05-16,106.44451904296875,88.2988510131836
2007-05-17,106.23389434814453,88.17469787597656
2007-05-18,107.16072082519531,88.78010559082031
2007-05-21,107.1046142578125,88.58357238769531
2007-05-22,107.0202865600586,88.55736541748047
2007-05-23,107.03429412841797,88.58357238769531
2007-05-24,106.06533813476562,88.0528335571289
2007-05-25,106.50773620605469,88.38043975830078
2007-05-29,106.89390563964844,88.59664154052734
2007-05-30,107.76457214355469,89.2911605834961
2007-05-31,107.65229034423828,89.29771423339844
2007-06-01,108.18583679199219,89.50736999511719
2007-06-04,108.19988250732422,89.47457122802734
2007-06-05,107.7715835571289,89.09463500976562
2007-06-06,106.61306762695312,88.11834716796875
2007-06-07,104.68921661376953,86.83422088623047
2007-06-08,106.0512924194336,87.86285400390625
2007-06-11,106.23389434814453,87.95455169677734
2007-06-12,105.0753402709961,87.08970642089844
2007-06-13,106.64813995361328,88.32144165039062
2007-06-14,107.32926177978516,88.91116333007812
2007-06-15,107.93990325927734,89.3434829711914
2007-06-18,107.81299591064453,89.17951202392578
2007-06-19,108.08097076416016,89.39595031738281
2007-06-20,106.57897186279297,88.46441650390625
2007-06-21,107.1712875366211,88.80552673339844
2007-06-22,106.1629409790039,87.88715362548828
2007-06-25,105.65512084960938,87.65750122070312
2007-06-26,104.56922912597656,87.11956024169922
2007-06-27,106.05712890625,87.98551940917969
2007-06-28,106.04301452636719,87.9658203125
2007-06-29,106.07829284667969,88.03797912597656
2007-07-02,107.03729248046875,88.73992919921875
2007-07-03,107.42510986328125,89.01549530029297
2007-07-05,107.31230163574219,88.93017578125
2007-07-06,107.87648010253906,89.30414581298828
2007-07-09,107.96104431152344,89.53369903564453
2007-07-10,106.42378997802734,88.5759506225586
2007-07-11,107.17837524414062,89.15324401855469
2007-07-12,108.87074279785156,90.75385284423828
2007-07-13,109.19512176513672,91.12788391113281
2007-07-16,109.18107604980469,91.48859405517578
2007-07-17,109.12457275390625,91.71165466308594
2007-07-18,108.92713928222656,91.40335083007812
2007-07-19,109.35031127929688,91.770751953125
2007-07-20,108.24313354492188,90.99181365966797
2007-07-23,108.57459259033203,91.43189239501953
2007-07-24,106.6917724609375,90.1577377319336
2007-07-25,106.91036987304688,90.30867767333984
2007-07-26,104.37879943847656,88.47630310058594
2007-07-27,102.32676696777344,86.76869201660156
2007-07-30,103.92750549316406,87.70783996582031
2007-07-31,102.7569580078125,86.80811309814453
2007-08-01,103.25758361816406,87.6224365234375
2007-08-02,104.08264923095703,88.52220153808594
2007-08-03,101.40303802490234,86.82112884521484
2007-08-06,103.10245513916016,88.1413345336914
2007-08-07,104.20250701904297,88.69963836669922
2007-08-08,105.65512084960938,89.68474578857422
2007-08-09,102.52423095703125,87.21517944335938
2007-08-10,102.04476928710938,86.65701293945312
2007-08-13,102.41140747070312,86.81459045410156
2007-08-14,100.84593963623047,85.70465087890625
2007-08-15,99.4567642211914,84.62747955322266
2007-08-16,100.20423126220703,84.82453918457031
2007-08-17,102.04476928710938,85.9336929321289
2007-08-20,101.99535369873047,86.20355224609375
2007-08-21,102.19982147216797,86.01924133300781
2007-08-22,103.41272735595703,87.0789794921875
2007-08-23,103.3210678100586,87.00007629394531
2007-08-24,104.59742736816406,87.9676513671875
2007-08-27,103.62431335449219,87.62533569335938
2007-08-28,101.34661865234375,85.89417266845703
2007-08-29,103.33515930175781,87.37528228759766
2007-08-30,103.06014251708984,87.26331329345703
2007-08-31,104.07560729980469,87.8096923828125
2007-09-04,105.12628936767578,88.42838287353516
2007-09-05,104.21662902832031,87.69124603271484
2007-09-06,104.45638275146484,87.89523315429688
2007-09-07,103.00371551513672,86.57213592529297
2007-09-10,102.8062973022461,86.51293182373047
2007-09-11,104.00509643554688,87.59901428222656
2007-09-12,104.27306365966797,87.71090698242188
2007-09-13,105.00640869140625,88.4021224975586
2007-09-14,104.99935913085938,88.50738525390625
2007-09-17,104.43523406982422,88.2441635131836
2007-09-18,107.509765625,90.40975189208984
2007-09-19,108.14442443847656,90.94291687011719
2007-09-20,107.3828353881836,90.64007568359375
2007-09-21,107.67262268066406,90.92825317382812
2007-09-24,107.4742660522461,90.697509765625
2007-09-25,107.26167297363281,90.80961608886719
2007-09-26,107.82852172851562,91.34368133544922
2007-09-27,108.46617126464844,91.73924255371094
2007-09-28,108.10481262207031,91.59420776367188
2007-10-01,109.32345581054688,92.70861053466797
2007-10-02,109.17469787597656,92.39208221435547
2007-10-03,108.95500183105469,92.05587005615234
2007-10-04,109.12504577636719,91.98987579345703
2007-10-05,110.42166900634766,92.76140594482422
2007-10-08,109.83358764648438,92.48439025878906
2007-10-09,110.86803436279297,93.34813690185547
2007-10-10,110.68376922607422,92.7943344116211
2007-10-11,110.15242004394531,92.45137786865234
2007-10-12,110.76170349121094,93.05143737792969
2007-10-15,109.82648468017578,92.32611846923828
2007-10-16,108.95500183105469,91.75906372070312
2007-10-17,109.28802490234375,91.75906372070312
2007-10-18,108.8912124633789,91.52166748046875
2007-10-19,106.04304504394531,89.06806945800781
2007-10-22,106.6594009399414,89.41136169433594
2007-10-23,107.5238265991211,90.05168151855469
2007-10-24,107.3254623413086,90.10445404052734
2007-10-25,107.58049011230469,90.36849975585938
2007-10-26,108.84163665771484,91.06156921386719
2007-10-29,109.20301055908203,91.52362823486328
2007-10-30,108.44493103027344,90.97576904296875
2007-10-31,109.57140350341797,91.72166442871094
2007-11-01,107.00662994384766,89.67545318603516
2007-11-02,107.12709045410156,89.8073959350586
2007-11-05,106.31229400634766,89.25289916992188
2007-11-06,107.74349975585938,90.111083984375
2007-11-07,104.79609680175781,88.02508544921875
2007-11-08,104.26467895507812,87.43107604980469
2007-11-09,102.83343505859375,86.01837921142578
2007-11-12,101.81324005126953,85.66194915771484
2007-11-13,104.91648864746094,87.88646697998047
2007-11-14,104.62600708007812,87.60260772705078
2007-11-15,103.11687469482422,86.78412628173828
2007-11-16,103.29399871826172,87.0145492553711
2007-11-19,101.85576629638672,85.79634094238281
2007-11-20,102.47923278808594,86.27970123291016
2007-11-21,100.38203430175781,84.59819030761719
2007-11-23,102.11787414550781,85.67724609375
2007-11-26,99.86482238769531,84.3796615600586
2007-11-27,101.01261901855469,85.61103820800781
2007-11-28,104.243408203125,87.93467712402344
2007-11-29,104.27883911132812,88.15977478027344
2007-11-30,105.3274154663086,88.81519317626953
2007-12-03,104.6330795288086,88.25244140625
2007-12-04,103.69788360595703,87.66991424560547
2007-12-05,105.43376159667969,89.0071792602539
2007-12-06,106.94282531738281,90.08619689941406
2007-12-07,106.92162322998047,90.29145050048828
2007-12-10,107.75057983398438,90.96006774902344
2007-12-11,104.79609680175781,88.97406768798828
2007-12-12,105.83049011230469,89.37120056152344
2007-12-13,105.61082458496094,89.37120056152344
2007-12-14,104.27174377441406,88.34514617919922
2007-12-17,102.78390502929688,87.33887481689453
2007-12-18,103.35777282714844,87.74931335449219
2007-12-19,103.35777282714844,87.56389617919922
2007-12-20,104.00959014892578,87.85521697998047
2007-12-21,105.5089340209961,89.14997863769531
2007-12-24,106.29243469238281,89.79369354248047
2007-12-26,106.52039337158203,89.86665344238281
2007-12-27,105.18131256103516,88.71196746826172
2007-12-28,104.91780090332031,88.5328140258789
2007-12-31,104.14136505126953,87.96207427978516
2008-01-02,103.22966766357422,86.68795776367188
2008-01-03,103.17985534667969,86.76095581054688
2008-01-04,100.6512451171875,85.05535888671875
2008-01-07,100.5657730102539,84.98246002197266
2008-01-08,98.94178771972656,83.51591491699219
2008-01-09,99.98170471191406,84.25248718261719
2008-01-10,100.63697052001953,84.82318878173828
2008-01-11,99.82499694824219,83.74150085449219
2008-01-14,100.62985229492188,84.61749267578125
2008-01-15,98.41466522216797,83.15087890625
2008-01-16,97.56710052490234,82.71954345703125
2008-01-17,95.03852844238281,80.80836486816406
2008-01-18,94.06270599365234,80.1041030883789
2008-01-22,93.1082992553711,79.20718383789062
2008-01-23,95.34481048583984,81.51922607421875
2008-01-24,96.14971923828125,82.00421142578125
2008-01-25,94.76078033447266,81.1803970336914
2008-01-28,96.3277587890625,82.07067108154297
2008-01-29,96.80500030517578,82.74165344238281
2008-01-30,96.09271240234375,82.23675537109375
2008-01-31,97.84490203857422,83.71165466308594
2008-02-01,99.41901397705078,84.66175079345703
2008-02-04,98.16542053222656,83.73162078857422
2008-02-05,95.53712463378906,81.69195556640625
2008-02-06,94.76790618896484,81.22691345214844
2008-02-07,95.39466094970703,81.5391616821289
2008-02-08,94.78214263916016,80.88809204101562
2008-02-11,95.26647186279297,81.26676940917969
2008-02-12,96.14971923828125,82.23011779785156
2008-02-13,97.13261413574219,83.22000885009766
2008-02-14,96.27788543701172,82.3895263671875
2008-02-15,96.25651550292969,82.09335327148438
2008-02-19,96.52719116210938,82.3263168334961
2008-02-20,96.81208801269531,82.59920501708984
2008-02-21,96.00726318359375,82.00682830810547
2008-02-22,96.598388671875,82.40618133544922
2008-02-25,97.81642150878906,83.58440399169922
2008-02-26,98.55003356933594,84.4097900390625
2008-02-27,98.45032501220703,84.42306518554688
2008-02-28,97.48875427246094,83.76410675048828
2008-02-29,95.3163070678711,81.88036346435547
2008-03-03,95.08843231201172,81.5408706665039
2008-03-04,94.72514343261719,81.47428894042969
2008-03-05,95.32344055175781,81.7871322631836
2008-03-06,93.35044860839844,80.40933227539062
2008-03-07,92.38890838623047,79.16448211669922
2008-03-10,91.17091369628906,78.5322036743164
2008-03-11,94.44740295410156,81.24796295166016
2008-03-12,93.56416320800781,80.80868530273438
2008-03-13,93.77069854736328,80.88188171386719
2008-03-14,92.3176498413086,79.89004516601562
2008-03-17,91.38457489013672,79.93670654296875
2008-03-18,95.1810073852539,82.57266998291016
2008-03-19,92.8233413696289,80.83531951904297
2008-03-20,94.54270935058594,82.14713287353516
2008-03-24,96.43242645263672,83.63510131835938
2008-03-25,96.52545928955078,83.49503326416016
2008-03-26,95.34439849853516,82.68763732910156
2008-03-27,95.04376983642578,82.17378997802734
2008-03-28,94.13469696044922,81.55992126464844
2008-03-31,94.46399688720703,81.67337036132812
2008-04-01,97.7852783203125,84.12224578857422
2008-04-02,97.84972381591797,84.20231628417969
2008-04-03,98.09310150146484,84.29574584960938
2008-04-04,97.9856948852539,84.14227294921875
2008-04-07,98.03579711914062,84.10891723632812
2008-04-08,97.93559265136719,84.16226196289062
2008-04-09,97.22691345214844,83.8420639038086
2008-04-10,97.36295318603516,84.04220581054688
2008-04-11,95.47325134277344,82.30065155029297
2008-04-14,95.15111541748047,82.18717956542969
2008-04-15,95.37305450439453,82.39403533935547
2008-04-16,97.95708465576172,84.5025863647461
2008-04-17,98.10023498535156,84.54266357421875
2008-04-18,99.12383270263672,85.42181396484375
2008-04-21,99.1739501953125,85.535400390625
2008-04-22,98.73731994628906,85.09446716308594
2008-04-23,98.57984924316406,85.04771423339844
2008-04-24,99.00931549072266,85.58220672607422
2008-04-25,99.92552185058594,86.04988098144531
2008-04-28,99.94698333740234,86.04313659667969
2008-04-29,99.55329132080078,85.6356430053711
2008-04-30,98.96634674072266,85.64232635498047
2008-05-01,101.0135498046875,86.8248291015625
2008-05-02,101.29266357421875,87.33921813964844
2008-05-05,100.80595397949219,86.60430908203125
2008-05-06,101.67921447753906,87.0185546875
2008-05-07,99.86824035644531,85.78260040283203
2008-05-08,99.61058807373047,85.6756820678711
2008-05-09,99.4244613647461,85.18133544921875
2008-05-12,100.54112243652344,86.02313995361328
2008-05-13,100.55540466308594,85.7892837524414
2008-05-14,100.76302337646484,86.18344116210938
2008-05-15,102.02279663085938,86.88494873046875
2008-05-16,102.11589050292969,86.80326080322266
2008-05-19,102.39502716064453,87.22517395019531
2008-05-20,101.56473541259766,85.93921661376953
2008-05-21,99.8467788696289,84.43220520019531
2008-05-22,99.86111450195312,84.40542602539062
2008-05-23,98.52257537841797,83.4610595703125
2008-05-27,99.2527084350586,84.01023864746094
2008-05-28,99.71080780029297,84.28485870361328
2008-05-29,100.21183013916016,84.54605865478516
2008-05-30,100.46238708496094,84.47908782958984
2008-06-02,99.4244613647461,83.82939147949219
2008-06-03,98.84468841552734,83.02565002441406
2008-06-04,98.79458618164062,83.04576873779297
2008-06-05,100.77017974853516,84.46569061279297
2008-06-06,97.55623626708984,81.79322814941406
2008-06-09,97.79243469238281,82.35582733154297
2008-06-10,97.3056869506836,82.35582733154297
2008-06-11,95.87410736083984,81.07661437988281
2008-06-12,96.23920440673828,81.46510314941406
2008-06-13,97.45600128173828,82.44971466064453
2008-06-16,97.51326751708984,82.15496063232422
2008-06-17,97.04086303710938,81.66609954833984
2008-06-18,96.09601593017578,80.59436798095703
2008-06-19,96.21768188476562,80.79532623291016
2008-06-20,94.65594482421875,79.37155151367188
2008-06-23,94.5624008178711,79.43199157714844
2008-06-24,94.37538146972656,79.17012023925781
2008-06-25,94.82135772705078,79.1500244140625
2008-06-26,92.24600982666016,76.97509002685547
2008-06-27,91.74242401123047,76.1628189086914
2008-06-30,92.06614685058594,76.13601684570312
2008-07-01,92.35387420654297,76.37093353271484
2008-07-02,90.77127838134766,75.28346252441406
2008-07-03,90.86477661132812,75.88766479492188
2008-07-07,89.936767578125,75.32371520996094
2008-07-08,91.53380584716797,76.35083770751953
2008-07-09,89.7713394165039,74.95460510253906
2008-07-10,90.13819885253906,75.33047485351562
2008-07-11,89.0879135131836,74.51153564453125
2008-07-14,88.2822265625,74.17588806152344
2008-07-15,87.03766632080078,73.37039184570312
2008-07-16,89.17424774169922,75.296875
2008-07-17,90.0662612915039,76.61930847167969
2008-07-18,90.62739562988281,77.27479553222656
2008-07-21,90.6777572631836,77.07313537597656
2008-07-22,91.70645141601562,77.77891540527344
2008-07-23,92.20281219482422,78.13526153564453
2008-07-24,90.2892837524414,76.36724090576172
2008-07-25,90.2677001953125,76.07817077636719
2008-07-28,88.94403076171875,74.84795379638672
2008-07-29,90.84320068359375,76.5353012084961
2008-07-30,92.46183013916016,77.85958099365234
2008-07-31,91.23888397216797,76.43447875976562
2008-08-01,90.75686645507812,76.04454803466797
2008-08-04,89.91522216796875,75.80927276611328
2008-08-05,92.33950805664062,77.98735046386719
2008-08-06,92.7495346069336,78.31001281738281
2008-08-07,91.36840057373047,77.03268432617188
2008-08-08,93.06607055664062,78.6192626953125
2008-08-11,94.0300521850586,79.19064331054688
2008-08-12,93.05171966552734,78.36378479003906
2008-08-13,92.49059295654297,77.57732391357422
2008-08-14,93.1883773803711,78.2562484741211
2008-08-15,93.64159393310547,78.50347900390625
2008-08-18,92.36111450195312,77.37847137451172
2008-08-19,91.3539810180664,76.4555435180664
2008-08-20,91.77838134765625,76.82599639892578
2008-08-21,91.93669128417969,76.83274841308594
2008-08-22,93.26750946044922,78.36202239990234
2008-08-25,91.37554931640625,76.69805908203125
2008-08-26,91.64171600341797,76.84622192382812
2008-08-27,92.53374481201172,77.47274780273438
2008-08-28,93.65599060058594,78.90769958496094
2008-08-29,92.64885711669922,77.7759017944336
2008-09-02,92.07335662841797,77.58059692382812
2008-09-03,91.99421691894531,77.81632232666016
2008-09-04,89.22459411621094,75.58645629882812
2008-09-05,89.50517272949219,75.68756103515625
2008-09-08,91.3539810180664,77.58059692382812
2008-09-09,88.64190673828125,75.80879974365234
2008-09-10,89.00160217285156,76.12541961669922
2008-09-11,90.2892837524414,77.37847137451172
2008-09-12,90.70652770996094,77.331298828125
2008-09-15,86.39024353027344,73.96961975097656
2008-09-16,87.8362045288086,74.54902648925781
2008-09-17,83.88680267333984,71.92167663574219
2008-09-18,86.37586975097656,74.08417510986328
2008-09-19,89.80616760253906,76.74244689941406
2008-09-22,87.77302551269531,74.66800689697266
2008-09-23,85.77604675292969,73.31652069091797
2008-09-24,86.05095672607422,73.18138885498047
2008-09-25,87.39678192138672,74.51251983642578
2008-09-26,87.44017791748047,75.10720825195312
2008-09-29,80.58826446533203,70.78257751464844
2008-09-30,83.92377471923828,73.22193145751953
2008-10-01,83.97444152832031,73.4516830444336
2008-10-02,80.92830657958984,71.1339111328125
2008-10-03,79.83574676513672,69.73517608642578
2008-10-06,75.7694320678711,67.50529479980469
2008-10-07,72.37605285644531,64.24150848388672
2008-10-08,70.55269622802734,61.76160430908203
2008-10-09,65.62535858154297,57.80856704711914
2008-10-10,64.0335693359375,56.59226608276367
2008-10-13,73.3310775756836,64.21449279785156
2008-10-14,72.24577331542969,63.29545974731445
2008-10-15,65.13335418701172,57.34908676147461
2008-10-16,67.84664916992188,60.727779388427734
2008-10-17,67.44147491455078,59.256103515625
2008-10-20,71.49329376220703,63.14155960083008
2008-10-21,69.35884857177734,61.178565979003906
2008-10-22,65.5819320678711,57.87525177001953
2008-10-23,66.34166717529297,59.56072998046875
2008-10-24,62.977176666259766,56.243927001953125
2008-10-27,60.74143600463867,54.328277587890625
2008-10-28,67.83938598632812,61.692989349365234
2008-10-29,67.34740447998047,60.34593963623047
2008-10-30,69.67718505859375,62.61353302001953
2008-10-31,70.0606689453125,63.29051971435547
2008-11-03,70.26329803466797,63.24308776855469
2008-11-04,72.65097045898438,65.12484741210938
2008-11-05,69.59761810302734,62.17366409301758
2008-11-06,65.74112701416016,58.97859191894531
2008-11-07,67.9117660522461,61.009281158447266
2008-11-10,67.02179718017578,60.197086334228516
2008-11-11,64.95250701904297,58.72139358520508
2008-11-12,62.09445571899414,56.243927001953125
2008-11-13,65.96542358398438,60.041385650634766
2008-11-14,62.67329788208008,57.00882339477539
2008-11-17,61.84123611450195,56.14914321899414
2008-11-18,63.00615692138672,57.090057373046875
2008-11-19,58.96876907348633,54.395938873291016
2008-11-20,54.59132766723633,51.485286712646484
2008-11-21,57.536136627197266,54.764766693115234
2008-11-24,61.52292251586914,57.04948043823242
2008-11-25,61.97871780395508,57.668251037597656
2008-11-26,64.37364959716797,59.279781341552734
2008-11-28,65.18402862548828,60.0413703918457
2008-12-01,59.41012191772461,55.52632522583008
2008-12-02,61.69652557373047,57.362239837646484
2008-12-03,63.179771423339844,58.50460433959961
2008-12-04,61.71822738647461,56.94068145751953
2008-12-05,63.621131896972656,58.87858581542969
2008-12-08,65.84242248535156,60.598941802978516
2008-12-09,64.7571029663086,59.23215103149414
2008-12-10,65.1984634399414,59.59253692626953
2008-12-11,63.62834548950195,58.38218688964844
2008-12-12,64.38807678222656,58.7221794128418
2008-12-15,63.490909576416016,58.47063446044922
2008-12-16,66.4791488647461,60.904884338378906
2008-12-17,65.8351821899414,60.07530975341797
2008-12-18,64.60517883300781,58.7221794128418
2008-12-19,64.32727813720703,58.22156524658203
2008-12-22,63.50302505493164,57.948699951171875
2008-12-23,62.8465461730957,57.34165954589844
2008-12-24,63.21123123168945,57.62135696411133
2008-12-26,63.57597351074219,58.023704528808594
2008-12-29,63.39362335205078,57.91462707519531
2008-12-30,64.89622497558594,59.12187576293945
2008-12-31,65.82256317138672,59.69481658935547
2009-01-02,67.80660247802734,61.52278518676758
2009-01-05,67.726318359375,61.18175506591797
2009-01-06,68.1785659790039,61.48869323730469
2009-01-07,66.13619995117188,59.926734924316406
2009-01-08,66.40609741210938,59.633453369140625
2009-01-09,64.98375701904297,58.75357437133789
2009-01-12,63.42279052734375,57.83277130126953
2009-01-13,63.53949737548828,57.58043670654297
2009-01-14,61.54090881347656,55.98432922363281
2009-01-15,61.56277084350586,56.052581787109375
2009-01-16,62.044185638427734,56.497371673583984
2009-01-20,58.769100189208984,54.25634002685547
2009-01-21,61.30746841430664,56.189884185791016
2009-01-22,60.35922622680664,55.45199966430664
2009-01-23,60.62181854248047,55.01472473144531
2009-01-26,61.03759765625,55.39052200317383
2009-01-27,61.657615661621094,55.69114685058594
2009-01-28,63.74374008178711,57.17377853393555
2009-01-29,61.67218780517578,55.70478820800781
2009-01-30,60.41758346557617,54.71407699584961
2009-02-02,60.235225677490234,54.194828033447266
2009-02-03,61.08133316040039,55.08988952636719
2009-02-04,60.78226852416992,54.44761276245117
2009-02-05,61.686771392822266,55.03523635864258
2009-02-06,63.444664001464844,56.61351776123047
2009-02-09,63.532188415527344,56.538360595703125
2009-02-10,60.62181854248047,54.10597610473633
2009-02-11,60.97923278808594,54.351966857910156
2009-02-12,61.022979736328125,54.31782150268555
2009-02-13,60.36653518676758,53.66876983642578
2009-02-17,57.7844123840332,51.755638122558594
2009-02-18,57.64580154418945,51.762508392333984
2009-02-19,57.02580261230469,51.263710021972656
2009-02-20,56.471458435058594,50.62174606323242
2009-02-23,54.45096969604492,48.85037612915039
2009-02-24,56.51523208618164,50.38144302368164
2009-02-25,56.07026290893555,49.89396286010742
2009-02-26,55.158504486083984,49.32414245605469
2009-02-27,53.9257698059082,48.58259582519531
2009-03-02,51.496829986572266,46.5709228515625
2009-03-03,51.11022186279297,46.14521789550781
2009-03-04,52.32105255126953,47.21631622314453
2009-03-05,50.183868408203125,45.36252212524414
2009-03-06,50.27140808105469,45.65776062011719
2009-03-09,49.68056869506836,44.93000793457031
2009-03-10,52.641998291015625,47.4703369140625
2009-03-11,52.98484420776367,47.70378112792969
2009-03-12,55.070960998535156,49.276084899902344
2009-03-13,55.50131607055664,49.653682708740234
2009-03-16,55.33354568481445,49.64680099487305
2009-03-17,57.02580261230469,50.86206817626953
2009-03-18,58.30227279663086,51.47308349609375
2009-03-19,57.580177307128906,50.88263702392578
2009-03-20,56.35404968261719,50.06163024902344
2009-03-23,60.40190124511719,53.5164909362793
2009-03-24,59.211788177490234,52.787025451660156
2009-03-25,59.836204528808594,53.2756233215332
2009-03-26,61.055721282958984,54.438697814941406
2009-03-27,59.95375061035156,53.550960540771484
2009-03-30,57.88206481933594,51.78907775878906
2009-03-31,58.41839599609375,52.19513702392578
2009-04-01,59.54972839355469,53.35818862915039
2009-04-02,61.29082489013672,54.858577728271484
2009-04-03,61.90053939819336,55.16826629638672
2009-04-06,61.415687561035156,54.89297103881836
2009-04-07,59.983154296875,53.60595703125
2009-04-08,60.629642486572266,53.936317443847656
2009-04-09,63.03923797607422,55.670650482177734
2009-04-13,63.05393981933594,55.436683654785156
2009-04-14,61.96669387817383,54.55570983886719
2009-04-15,62.627845764160156,55.26459503173828
2009-04-16,63.54615020751953,55.9253044128418
2009-04-17,63.97222900390625,56.052154541015625
2009-04-20,61.29082489013672,54.12883758544922
2009-04-21,62.488250732421875,54.86641311645508
2009-04-22,62.10626220703125,54.328765869140625
2009-04-23,62.71601486206055,54.90776824951172
2009-04-24,63.663658142089844,55.65229415893555
2009-04-27,63.06128692626953,55.32829666137695
2009-04-28,62.86292266845703,55.23179244995117
2009-04-29,64.199951171875,56.36921310424805
2009-04-30,64.22199249267578,56.30033493041992
2009-05-01,64.56732177734375,56.63808822631836
2009-05-04,66.76383972167969,58.071922302246094
2009-05-05,66.53610229492188,58.01681137084961
2009-05-06,67.68951416015625,58.733768463134766
2009-05-07,66.7491455078125,58.023704528808594
2009-05-08,68.30659484863281,59.09225845336914
2009-05-11,67.0283203125,58.202945709228516
2009-05-12,66.8299789428711,58.40288543701172
2009-05-13,65.14771270751953,57.30677795410156
2009-05-14,65.70598602294922,57.48603439331055
2009-05-15,65.16969299316406,57.234371185302734
2009-05-18,67.02098846435547,58.85225296020508
2009-05-19,66.94017791748047,58.58949279785156
2009-05-20,66.49205017089844,58.20919418334961
2009-05-21,65.53701782226562,57.45556640625
2009-05-22,65.39744567871094,57.296573638916016
2009-05-26,67.07239532470703,58.665523529052734
2009-05-27,65.87494659423828,57.49708557128906
2009-05-28,66.79322052001953,58.09169387817383
2009-05-29,67.97600555419922,59.038944244384766
2009-06-01,69.62158966064453,60.39402389526367
2009-06-02,69.68038940429688,60.49776840209961
2009-06-03,68.79883575439453,60.11754608154297
2009-06-04,69.44528198242188,60.50468063354492
2009-06-05,69.45999145507812,60.78128433227539
2009-06-08,69.17349243164062,60.66370391845703
2009-06-09,69.52610778808594,60.66370391845703
2009-06-10,69.34978485107422,60.601524353027344
2009-06-11,69.6583251953125,60.74666976928711
2009-06-12,69.8493423461914,61.05774688720703
2009-06-15,68.24784851074219,59.79947280883789
2009-06-16,67.32221221923828,58.949005126953125
2009-06-17,67.25606536865234,58.92826461791992
2009-06-18,67.74825286865234,59.19796371459961
2009-06-19,67.99800872802734,59.17919921875
2009-06-22,65.95894622802734,57.798744201660156
2009-06-23,66.01063537597656,57.70161437988281
2009-06-24,66.57950592041016,57.59759521484375
2009-06-25,68.02752685546875,58.76992416381836
2009-06-26,67.85025787353516,58.457759857177734
2009-06-29,68.48555755615234,59.137603759765625
2009-06-30,67.93150329589844,58.72831726074219
2009-07-01,68.21222686767578,58.98497009277344
2009-07-02,66.35049438476562,57.56983184814453
2009-07-06,66.34310150146484,57.75020980834961
2009-07-07,65.0576171875,56.57086944580078
2009-07-08,65.0132827758789,56.83448028564453
2009-07-09,65.13887023925781,56.72349548339844
2009-07-10,64.98373413085938,56.49457550048828
2009-07-13,66.56473541259766,57.79177474975586
2009-07-14,66.94151306152344,58.03461837768555
2009-07-15,68.89929962158203,59.796573638916016
2009-07-16,68.78849029541016,60.51110076904297
2009-07-17,69.54205322265625,60.7584114074707
2009-07-20,70.28082275390625,61.36275863647461
2009-07-21,70.60591125488281,61.946372985839844
2009-07-22,70.59115600585938,61.74486541748047
2009-07-23,72.14998626708984,62.96061706542969
2009-07-24,72.44548797607422,63.19679641723633
2009-07-27,72.65974426269531,63.314884185791016
2009-07-28,72.31990814208984,63.21073913574219
2009-07-29,72.14257049560547,62.99534225463867
2009-07-30,72.89617919921875,63.509403228759766
2009-07-31,72.99955749511719,63.68310546875
2009-08-03,74.20381164550781,64.50977325439453
2009-08-04,74.39588165283203,64.73902893066406
2009-08-05,74.18164825439453,64.48897552490234
2009-08-06,73.79747772216797,64.35000610351562
2009-08-07,74.7652816772461,65.15587615966797
2009-08-10,74.61011505126953,64.95439910888672
2009-08-11,73.67927551269531,64.31526947021484
2009-08-12,74.46977996826172,65.14203643798828
2009-08-13,75.03863525390625,65.43377685546875
2009-08-14,74.46234893798828,64.891845703125
2009-08-17,72.63018798828125,63.641448974609375
2009-08-18,73.2064208984375,64.12071990966797
2009-08-19,73.84918212890625,64.6973648071289
2009-08-20,74.61011505126953,65.15587615966797
2009-08-21,76.07294464111328,66.24971771240234
2009-08-24,76.0655517578125,66.3193588256836
2009-08-25,76.21326446533203,66.56340789794922
2009-08-26,76.2206802368164,66.54946899414062
2009-08-27,76.3906021118164,66.80043029785156
2009-08-28,76.37584686279297,66.6331558227539
2009-08-31,75.69611358642578,66.26365661621094
2009-09-01,74.0264663696289,64.98089599609375
2009-09-02,73.7457504272461,64.71598815917969
2009-09-03,74.35895538330078,65.14820861816406
2009-09-04,75.40062713623047,65.8453369140625
2009-09-08,76.05075073242188,66.27057647705078
2009-09-09,76.6344223022461,66.5982666015625
2009-09-10,77.41751098632812,67.16291809082031
2009-09-11,77.40272521972656,67.07925415039062
2009-09-14,77.779541015625,67.14901733398438
2009-09-15,78.10462188720703,67.55339050292969
2009-09-16,79.28663635253906,68.37599182128906
2009-09-17,79.16845703125,68.36203002929688
2009-09-18,79.21888732910156,68.51917266845703
2009-09-21,79.01851654052734,68.26073455810547
2009-09-22,79.47872924804688,68.5889892578125
2009-09-23,78.8180923461914,68.14900970458984
2009-09-24,77.94956970214844,67.73699951171875
2009-09-25,77.53387451171875,67.56236267089844
2009-09-28,78.92202758789062,68.3305892944336
2009-09-29,78.68444061279297,68.05123901367188
2009-09-30,78.38011932373047,67.80680084228516
2009-10-01,76.43528747558594,66.43094635009766
2009-10-02,76.07897186279297,66.24945831298828
2009-10-05,77.21468353271484,67.0246353149414
2009-10-06,78.32073974609375,67.94651794433594
2009-10-07,78.5360107421875,67.93952178955078
2009-10-08,79.13728332519531,68.37952423095703
2009-10-09,79.61975860595703,68.92422485351562
2009-10-12,79.93153381347656,69.09883117675781
2009-10-13,79.76821899414062,69.02204132080078
2009-10-14,81.1414794921875,69.99974060058594
2009-10-15,81.43843078613281,70.2931137084961
2009-10-16,80.8297348022461,69.89742279052734
2009-10-19,81.49779510498047,70.505615234375
2009-10-20,81.0672607421875,70.17700958251953
2009-10-21,80.33980560302734,69.50594329833984
2009-10-22,81.15634155273438,70.42171478271484
2009-10-23,80.22850799560547,69.78558349609375
2009-10-26,79.36000061035156,69.07254791259766
2009-10-27,78.9962387084961,69.07950592041016
2009-10-28,77.50421142578125,68.28263854980469
2009-10-29,79.16697692871094,69.58280944824219
2009-10-30,76.87326049804688,67.8492660522461
2009-11-02,77.43736267089844,68.40149688720703
2009-11-03,77.68235778808594,68.36656188964844
2009-11-04,77.88275909423828,68.62515258789062
2009-11-05,79.3154296875,70.01625061035156
2009-11-06,79.52328491210938,70.16301727294922
2009-11-09,81.3344955444336,71.59615325927734
2009-11-10,81.34935760498047,71.78485870361328
2009-11-11,81.76505279541016,72.09244537353516
2009-11-12,80.93364715576172,71.42134857177734
2009-11-13,81.3716049194336,71.93865203857422
2009-11-16,82.5519027709961,72.88233184814453
2009-11-17,82.64836883544922,73.11307525634766
2009-11-18,82.59640502929688,73.08506774902344
2009-11-19,81.52009582519531,72.45592498779297
2009-11-20,81.2305908203125,72.41246032714844
2009-11-23,82.26239776611328,73.26101684570312
2009-11-24,82.38856506347656,73.19094848632812
2009-11-25,82.67806243896484,73.38027954101562
2009-11-27,81.3344955444336,72.36334228515625
2009-11-30,81.60916900634766,72.64389038085938
2009-12-01,82.61866760253906,73.45037841796875
2009-12-02,82.58157348632812,73.3452377319336
2009-12-03,81.9357681274414,72.7210464477539
2009-12-04,82.40343475341797,72.93146514892578
2009-12-07,82.2772445678711,72.97352600097656
2009-12-08,81.36418151855469,72.19505310058594
2009-12-09,81.66851806640625,72.55271911621094
2009-12-10,82.12877655029297,73.06464385986328
2009-12-11,82.47765350341797,73.58369445800781
2009-12-14,83.04180908203125,73.78006744384766
2009-12-15,82.65582275390625,73.45746612548828
2009-12-16,82.78199005126953,73.40835571289062
2009-12-17,81.78730010986328,72.50361633300781
2009-12-18,82.2500228881836,72.6163101196289
2009-12-21,83.08586883544922,73.13726806640625
2009-12-22,83.3844223022461,73.5385971069336
2009-12-23,83.54857635498047,73.5385971069336
2009-12-24,83.9441146850586,73.92579650878906
2009-12-28,84.12320709228516,74.12993621826172
2009-12-29,84.00381469726562,74.12993621826172
2009-12-30,83.97396087646484,74.08070373535156
2009-12-31,83.16798400878906,73.27101135253906
2010-01-04,84.57845306396484,74.39054107666016
2010-01-05,84.8023910522461,74.27080535888672
2010-01-06,84.86207580566406,74.32007598876953
2010-01-07,85.22030639648438,74.58761596679688
2010-01-08,85.50389099121094,74.70730590820312
2010-01-11,85.62332153320312,75.01005554199219
2010-01-12,84.82476806640625,74.72843933105469
2010-01-13,85.54122161865234,75.15789031982422
2010-01-14,85.77252960205078,75.35503387451172
2010-01-15,84.8098373413086,74.63694763183594
2010-01-19,85.86959838867188,75.45364379882812
2010-01-20,84.99642944335938,74.64392852783203
2010-01-21,83.36200714111328,73.01751708984375
2010-01-22,81.50370788574219,71.55311584472656
2010-01-25,81.921630859375,71.75028228759766
2010-01-26,81.57833099365234,71.72917175292969
2010-01-27,81.9664077758789,72.0248794555664
2010-01-28,81.02604675292969,71.25040435791016
2010-01-29,80.14546203613281,70.79273223876953
2010-02-01,81.39176940917969,71.70098114013672
2010-02-02,82.37689208984375,72.43318176269531
2010-02-03,81.9664077758789,72.25716400146484
2010-02-04,79.43647003173828,70.4336929321289
2010-02-05,79.60065460205078,70.51821899414062
2010-02-08,79.02599334716797,69.8564224243164
2010-02-09,80.01858520507812,70.8631591796875
2010-02-10,79.86187744140625,70.77163696289062
2010-02-11,80.69770050048828,71.51797485351562
2010-02-12,80.63054656982422,71.29966735839844
2010-02-16,81.89925384521484,72.3838882446289
2010-02-17,82.28730010986328,72.78520202636719
2010-02-18,82.77240753173828,73.34141540527344
2010-02-19,82.9440689086914,73.40145111083984
2010-02-22,82.9590072631836,73.29560089111328
2010-02-23,81.95147705078125,72.61090087890625
2010-02-24,82.70526123046875,73.19669342041016
2010-02-25,82.59332275390625,72.9144515991211
2010-02-26,82.64554595947266,72.9144515991211
2010-03-01,83.5038070678711,73.42259979248047
2010-03-02,83.73513793945312,73.41560363769531
2010-03-03,83.8097915649414,73.47200012207031
2010-03-04,84.0634994506836,73.76144409179688
2010-03-05,85.26507568359375,74.65083312988281
2010-03-08,85.27998352050781,74.53079986572266
2010-03-09,85.42179107666016,74.61550903320312
2010-03-10,85.80241394042969,74.65782165527344
2010-03-11,86.1606216430664,75.01785278320312
2010-03-12,86.16808319091797,75.11661529541016
2010-03-15,86.19050598144531,75.2225570678711
2010-03-16,86.87708282470703,75.575439453125
2010-03-17,87.39205932617188,75.89313507080078
2010-03-18,87.3472671508789,76.19658660888672
2010-03-19,86.90510559082031,75.91160583496094
2010-03-22,87.3697280883789,76.22980499267578
2010-03-23,87.98426055908203,76.99365997314453
2010-03-24,87.5571060180664,76.6612319946289
2010-03-25,87.41473388671875,76.6895751953125
2010-03-26,87.36225128173828,76.6824722290039
2010-03-29,87.91678619384766,77.029052734375
2010-03-30,87.97673034667969,77.17752075195312
2010-03-31,87.677001953125,76.80970001220703
2010-04-01,88.27648162841797,77.2835922241211
2010-04-05,88.9958724975586,77.60177612304688
2010-04-06,89.20571899414062,77.59479522705078
2010-04-07,88.69612884521484,77.12095642089844
2010-04-08,89.00341796875,77.34725952148438
2010-04-09,89.587890625,77.83518981933594
2010-04-12,89.73025512695312,77.92009735107422
2010-04-13,89.7977066040039,77.9695816040039
2010-04-14,90.8168716430664,78.7050552368164
2010-04-15,90.8918228149414,78.89603424072266
2010-04-16,89.44550323486328,77.98370361328125
2010-04-19,89.78275299072266,78.45081329345703
2010-04-20,90.58457946777344,78.63484954833984
2010-04-21,90.41971588134766,78.67733764648438
2010-04-22,90.689453125,78.81179809570312
2010-04-23,91.28148651123047,79.2435073852539
2010-04-26,90.93675994873047,79.3284912109375
2010-04-27,88.78606414794922,77.76431274414062
2010-04-28,89.46050262451172,78.24553680419922
2010-04-29,90.569580078125,79.05245208740234
2010-04-30,89.03335571289062,77.92703247070312
2010-05-03,90.1873779296875,78.94625854492188
2010-05-04,88.066650390625,77.40333557128906
2010-05-05,87.54206848144531,77.0069351196289
2010-05-06,84.63453674316406,74.50140380859375
2010-05-07,83.3755874633789,73.45387268066406
2010-05-10,87.04753875732422,76.44072723388672
2010-05-11,86.80023193359375,76.2071304321289
2010-05-12,88.01423645019531,77.3325424194336
2010-05-13,86.92012023925781,76.51148223876953
2010-05-14,85.34644317626953,75.3860855102539
2010-05-17,85.39138793945312,75.39322662353516
2010-05-18,84.22984313964844,74.59344482421875
2010-05-19,83.75023651123047,74.15457153320312
2010-05-20,80.587890625,71.56409454345703
2010-05-21,81.76441192626953,72.3534164428711
2010-05-24,80.71527862548828,71.52931213378906
2010-05-25,80.79771423339844,71.37296295166016
2010-05-26,80.3106460571289,70.81879425048828
2010-05-27,83.0008773803711,72.9786148071289
2010-05-28,81.9592514038086,72.09052276611328
2010-06-01,80.58039855957031,71.27346801757812
2010-06-02,82.67863464355469,72.90049743652344
2010-06-03,82.96343231201172,72.95731353759766
2010-06-04,80.04830169677734,70.64830017089844
2010-06-07,79.0516586303711,69.81702423095703
2010-06-08,79.89846801757812,70.64830017089844
2010-06-09,79.47132873535156,70.44225311279297
2010-06-10,81.7944107055664,72.3818130493164
2010-06-11,82.19153594970703,72.68734741210938
2010-06-14,82.06415557861328,72.56652069091797
2010-06-15,83.93009185791016,74.00877380371094
2010-06-16,83.90011596679688,74.0940170288086
2010-06-17,84.0350570678711,74.28587341308594
2010-06-18,84.1261215209961,74.37125396728516
2010-06-21,83.88520050048828,74.34278869628906
2010-06-22,82.4997787475586,73.26095581054688
2010-06-23,82.24375915527344,73.30364990234375
2010-06-24,80.88093566894531,72.28581237792969
2010-06-25,81.21981811523438,72.39974975585938
2010-06-28,80.9637680053711,72.20037841796875
2010-06-29,78.46397399902344,70.2715835571289
2010-06-30,77.7186050415039,69.55978393554688
2010-07-01,77.37222290039062,69.2822265625
2010-07-02,76.95060729980469,68.94768524169922
2010-07-06,77.45509338378906,69.36050415039062
2010-07-07,79.89460754394531,71.38189697265625
2010-07-08,80.68521118164062,72.25025177001953
2010-07-09,81.28755187988281,72.67728424072266
2010-07-12,81.34024810791016,72.77693939208984
2010-07-13,82.56752014160156,73.83037567138672
2010-07-14,82.56000518798828,73.84456634521484
2010-07-15,82.58255767822266,73.80899047851562
2010-07-16,80.30872344970703,71.95889282226562
2010-07-19,80.78308868408203,72.39347839355469
2010-07-20,81.6791000366211,72.89923095703125
2010-07-21,80.6174545288086,72.11563110351562
2010-07-22,82.41694641113281,73.55464935302734
2010-07-23,83.13224792480469,74.28130340576172
2010-07-26,83.99813079833984,74.98656463623047
2010-07-27,83.99060821533203,75.11482238769531
2010-07-28,83.44847869873047,74.86543273925781
2010-07-29,83.0418930053711,74.56623077392578
2010-07-30,83.0268325805664,74.587646484375
2010-08-02,84.90166473388672,76.03379821777344
2010-08-03,84.49508666992188,75.79158782958984
2010-08-04,85.05976867675781,76.1976318359375
2010-08-05,84.96942901611328,76.1406478881836
2010-08-06,84.62308502197266,76.0052719116211
2010-08-09,85.0748291015625,76.31163024902344
2010-08-10,84.6155776977539,75.98388671875
2010-08-11,82.29649353027344,74.18158721923828
2010-08-12,81.7920150756836,73.6971206665039
2010-08-13,81.55107879638672,73.62590026855469
2010-08-16,81.5134048461914,73.5760726928711
2010-08-17,82.51483154296875,74.32406616210938
2010-08-18,82.66541290283203,74.49503326416016
2010-08-19,81.227294921875,73.41932678222656
2010-08-20,80.9637680053711,73.03599548339844
2010-08-23,80.65508270263672,72.76429748535156
2010-08-24,79.45789337158203,71.79181671142578
2010-08-25,79.7666244506836,71.9420166015625
2010-08-26,79.23200225830078,71.4557876586914
2010-08-27,80.45928192138672,72.6356201171875
2010-08-30,79.29225158691406,71.62732696533203
2010-08-31,79.29225158691406,71.64877319335938
2010-09-01,81.66400146484375,73.50796508789062
2010-09-02,82.42448425292969,73.85124206542969
2010-09-03,83.49365234375,74.7807846069336
2010-09-07,82.55248260498047,74.0514144897461
2010-09-08,83.13224792480469,74.35174560546875
2010-09-09,83.51620483398438,74.5448226928711
2010-09-10,83.9378890991211,74.92377471923828
2010-09-13,84.87158203125,75.5602035522461
2010-09-14,84.81886291503906,75.39568328857422
2010-09-15,85.14258575439453,75.75330352783203
2010-09-16,85.12003326416016,75.93203735351562
2010-09-17,85.15180206298828,75.98292541503906
2010-09-20,86.45379638671875,77.0216293334961
2010-09-21,86.27967834472656,77.09323120117188
2010-09-22,85.85579681396484,76.93563842773438
2010-09-23,85.15937805175781,76.41275024414062
2010-09-24,86.91552734375,77.7737808227539
2010-09-27,86.49922180175781,77.50154876708984
2010-09-28,86.80201721191406,77.7666015625
2010-09-29,86.65060424804688,77.5875473022461
2010-09-30,86.39325714111328,77.30095672607422
2010-10-01,86.75658416748047,77.59466552734375
2010-10-04,86.10556030273438,77.0573959350586
2010-10-05,87.83906555175781,78.36833953857422
2010-10-06,87.83151245117188,78.63339233398438
2010-10-07,87.72551727294922,78.5115737915039
2010-10-08,88.21756744384766,78.91273498535156
2010-10-11,88.30084228515625,78.98441314697266
2010-10-12,88.57331848144531,78.98441314697266
2010-10-13,89.26216125488281,79.55748748779297
2010-10-14,88.91395568847656,79.56460571289062
2010-10-15,89.09561920166016,79.35166931152344
2010-10-18,89.53468322753906,79.58824920654297
2010-10-19,88.36138916015625,78.74946594238281
2010-10-20,89.22432708740234,79.64561462402344
2010-10-21,89.42110443115234,79.96826171875
2010-10-22,89.58767700195312,79.83918762207031
2010-10-25,89.85260772705078,80.09017181396484
2010-10-26,89.86773681640625,80.12598419189453
2010-10-27,89.61038970947266,79.80335998535156
2010-10-28,89.62549591064453,79.65280151367188
2010-10-29,89.69364166259766,79.80335998535156
2010-11-01,89.72391510009766,79.8105239868164
2010-11-02,90.43547821044922,80.21205139160156
2010-11-03,90.79881286621094,80.5131607055664
2010-11-04,92.54743194580078,82.0402603149414
2010-11-05,92.8956298828125,82.11909484863281
2010-11-08,92.72154998779297,81.8896713256836
2010-11-09,92.05538940429688,81.50971984863281
2010-11-10,92.4262924194336,81.53836059570312
2010-11-11,92.0781021118164,81.0724105834961
2010-11-12,90.98809051513672,80.4127197265625
2010-11-15,90.85936737060547,80.47724151611328
2010-11-16,89.44385528564453,79.22260284423828
2010-11-17,89.48927307128906,79.17960357666016
2010-11-18,90.80638122558594,80.4056396484375
2010-11-19,91.05619049072266,80.56458282470703
2010-11-22,90.9804916381836,80.42790985107422
2010-11-23,89.663330078125,79.39940643310547
2010-11-24,90.98809051513672,80.44952392578125
2010-11-26,89.92829132080078,79.5792007446289
2010-11-29,90.2008285522461,79.58638763427734
2010-11-30,89.69364166259766,79.2410888671875
2010-12-01,91.60122680664062,81.03927612304688
2010-12-02,92.7745132446289,81.80889892578125
2010-12-03,93.02429962158203,81.95272064208984
2010-12-06,92.9259033203125,81.80889892578125
2010-12-07,92.97892761230469,81.80168914794922
2010-12-08,93.31949615478516,81.91671752929688
2010-12-09,93.68289184570312,81.93833923339844
2010-12-10,94.2279052734375,82.20452880859375
2010-12-13,94.2884521484375,82.34832000732422
2010-12-14,94.3717041015625,82.72230529785156
2010-12-15,93.94025421142578,82.63602447509766
2010-12-16,94.48528289794922,82.88777923583984
2010-12-17,94.58647918701172,82.86831665039062
2010-12-20,94.8147964477539,82.72412872314453
2010-12-21,95.41592407226562,83.12786865234375
2010-12-22,95.71266174316406,83.32250213623047
2010-12-23,95.5757064819336,83.43063354492188
2010-12-27,95.61377716064453,83.2936782836914
2010-12-28,95.750732421875,83.47386932373047
2010-12-29,95.8192138671875,83.55184936523438
2010-12-30,95.66703796386719,83.40743255615234
2010-12-31,95.68987274169922,83.53746032714844
2011-01-03,96.67909240722656,84.1009750366211
2011-01-04,96.62581634521484,84.26713562011719
2011-01-05,97.1280288696289,84.5561294555664
2011-01-06,96.93785858154297,84.36825561523438
2011-01-07,96.74761199951172,84.21654510498047
2011-01-10,96.62581634521484,83.94928741455078
2011-01-11,96.9682846069336,84.20210266113281
2011-01-12,97.84336853027344,84.8161849975586
2011-01-13,97.68354034423828,84.67169189453125
2011-01-14,98.3912582397461,85.025634765625
2011-01-18,98.55867004394531,85.41578674316406
2011-01-19,97.59223175048828,85.36524200439453
2011-01-20,97.46289825439453,85.3364028930664
2011-01-21,97.68354034423828,85.68644714355469
2011-01-24,98.23904418945312,86.48208618164062
2011-01-25,98.29231262207031,86.43148040771484
2011-01-26,98.67281341552734,86.5182876586914
2011-01-27,98.91636657714844,86.53997802734375
2011-01-28,97.18889617919922,85.36825561523438
2011-01-31,97.91944885253906,85.78775024414062
2011-02-01,99.48702239990234,86.86542510986328
2011-02-02,99.2967529296875,86.87271881103516
2011-02-03,99.51744079589844,87.06800842285156
2011-02-04,99.79901123046875,87.29949951171875
2011-02-07,100.42296600341797,87.77692413330078
2011-02-08,100.87957000732422,88.34832000732422
2011-02-09,100.65127563476562,88.44962310791016
2011-02-10,100.68933868408203,88.3700180053711
2011-02-11,101.29047393798828,88.71729278564453
2011-02-14,101.5339584350586,88.68828582763672
2011-02-15,101.21436309814453,88.39173889160156
2011-02-16,101.85359191894531,88.8835678100586
2011-02-17,102.157958984375,89.08612823486328
2011-02-18,102.37105560302734,89.62274932861328
2011-02-22,100.31647491455078,88.38280487060547
2011-02-23,99.70011138916016,87.62867736816406
2011-02-24,99.63158416748047,87.31684875488281
2011-02-25,100.69692993164062,87.83892059326172
2011-02-28,101.3209228515625,88.57133483886719
2011-03-01,99.63158416748047,87.2806167602539
2011-03-02,99.84468078613281,87.33865356445312
2011-03-03,101.5644302368164,88.72356414794922
2011-03-04,100.80349731445312,88.0782470703125
2011-03-07,100.01207733154297,87.52714538574219
2011-03-08,100.88716125488281,88.45531463623047
2011-03-09,100.74261474609375,88.46979522705078
2011-03-10,98.87822723388672,86.81657409667969
2011-03-11,99.56310272216797,87.31684875488281
2011-03-14,98.96194458007812,86.9035873413086
2011-03-15,97.82811737060547,85.87395477294922
2011-03-16,96.01710510253906,84.22797393798828
2011-03-17,97.28787994384766,85.33734893798828
2011-03-18,97.64173126220703,85.92296600341797
2011-03-21,99.1549301147461,87.23060607910156
2011-03-22,98.81104278564453,87.12164306640625
2011-03-23,99.09382629394531,87.63744354248047
2011-03-24,100.04150390625,88.24042510986328
2011-03-25,100.34722137451172,88.6036605834961
2011-03-28,100.10265350341797,88.4583740234375
2011-03-29,100.77515411376953,89.0031967163086
2011-03-30,101.47065734863281,89.51181030273438
2011-03-31,101.3331069946289,89.373779296875
2011-04-01,101.76106262207031,89.69342803955078
2011-04-04,101.84515380859375,89.91138458251953
2011-04-05,101.82987976074219,89.83145904541016
2011-04-06,102.1508560180664,90.20928955078125
2011-04-07,101.89100646972656,90.02034759521484
2011-04-08,101.5394515991211,89.83145904541016
2011-04-11,101.23371887207031,89.82418823242188
2011-04-12,100.47709655761719,88.96690368652344
2011-04-13,100.46949005126953,89.0323715209961
2011-04-14,100.54586029052734,89.15583038330078
2011-04-15,100.91273498535156,89.57901000976562
2011-04-18,99.78164672851562,88.5246353149414
2011-04-19,100.35485076904297,88.997314453125
2011-04-20,101.72286224365234,90.4152603149414
2011-04-21,102.24258422851562,90.74250030517578
2011-04-25,102.13557434082031,90.56795501708984
2011-04-26,103.0144271850586,91.40422821044922
2011-04-27,103.68701171875,92.12405395507812
2011-04-28,104.02333068847656,92.65494537353516
2011-04-29,104.2677993774414,93.10577392578125
2011-05-02,104.10738372802734,92.96031188964844
2011-05-03,103.73284912109375,92.94575500488281
2011-05-04,103.0450210571289,92.32768249511719
2011-05-05,102.11262512207031,91.36056518554688
2011-05-06,102.56354522705078,91.8187255859375
2011-05-09,102.96094512939453,92.13863372802734
2011-05-10,103.8398666381836,92.67675018310547
2011-05-11,102.74696350097656,91.84778594970703
2011-05-12,103.23611450195312,92.34223175048828
2011-05-13,102.44123840332031,91.59325408935547
2011-05-16,101.79166412353516,91.2369613647461
2011-05-17,101.77635192871094,90.7570571899414
2011-05-18,102.68580627441406,91.4115219116211
2011-05-19,102.93038940429688,91.75325012207031
2011-05-20,102.11262512207031,91.08568572998047
2011-05-23,100.92803955078125,90.11537170410156
2011-05-24,100.84395599365234,89.95489501953125
2011-05-25,101.18022918701172,90.2101821899414
2011-05-26,101.64644622802734,90.31969451904297
2011-05-27,102.03620910644531,90.63336944580078
2011-05-31,103.09856414794922,91.55992126464844
2011-06-01,100.78280639648438,89.51712036132812
2011-06-02,100.67581176757812,89.22535705566406
2011-06-03,99.67465209960938,88.51033020019531
2011-06-06,98.61995697021484,88.07992553710938
2011-06-07,98.55885314941406,87.9048080444336
2011-06-08,98.1461181640625,87.76620483398438
2011-06-09,98.89509582519531,88.36443328857422
2011-06-10,97.51942443847656,87.08769226074219
2011-06-13,97.59585571289062,87.1533203125
2011-06-14,98.833984375,88.05802917480469
2011-06-15,97.07615661621094,86.73018646240234
2011-06-16,97.2901611328125,87.2044677734375
2011-06-17,97.58045959472656,87.50992584228516
2011-06-20,98.07970428466797,88.0946044921875
2011-06-21,99.42382049560547,88.86192321777344
2011-06-22,98.82472229003906,88.29188537597656
2011-06-23,98.54054260253906,87.933837890625
2011-06-24,97.39618682861328,87.11528015136719
2011-06-27,98.26406860351562,87.84610748291016
2011-06-28,99.54669189453125,88.87654876708984
2011-06-29,100.39920043945312,89.49049377441406
2011-06-30,101.3592758178711,90.49901580810547
2011-07-01,102.8569564819336,91.77799987792969
2011-07-05,102.77249145507812,91.71218872070312
2011-07-06,102.89539337158203,92.15071105957031
2011-07-07,103.96298217773438,92.88883209228516
2011-07-08,103.22560119628906,92.3699722290039
2011-07-11,101.3592758178711,91.3175277709961
2011-07-12,100.9214859008789,90.86446380615234
2011-07-13,101.25943756103516,91.20789337158203
2011-07-14,100.56048583984375,90.7767333984375
2011-07-15,101.14422607421875,91.11471557617188
2011-07-18,100.3147201538086,90.42706298828125
2011-07-19,101.9429931640625,91.89739227294922
2011-07-20,101.88153839111328,91.77305603027344
2011-07-21,103.29476165771484,92.9214859008789
2011-07-22,103.36388397216797,92.60694885253906
2011-07-25,102.78785705566406,91.99248504638672
2011-07-26,102.40382385253906,91.31219482421875
2011-07-27,100.30706024169922,89.85652923583984
2011-07-28,100.01519775390625,89.4468765258789
2011-07-29,99.33161163330078,88.60572052001953
2011-08-01,98.90918731689453,88.59102630615234
2011-08-02,96.38230895996094,86.65257263183594
2011-08-03,96.90461730957031,86.90130615234375
2011-08-04,92.36544799804688,83.17801666259766
2011-08-05,92.22718048095703,83.5730209350586
2011-08-08,86.2210464477539,79.05235290527344
2011-08-09,90.2302474975586,82.19783782958984
2011-08-10,86.24410247802734,78.39401245117188
2011-08-11,90.11507415771484,81.3785171508789
2011-08-12,90.7218246459961,82.5123291015625
2011-08-15,92.64195251464844,83.98262786865234
2011-08-16,91.850830078125,83.4486312866211
2011-08-17,91.91228485107422,83.58030700683594
2011-08-18,87.94916534423828,80.51537322998047
2011-08-19,86.51290893554688,79.23697662353516
2011-08-22,86.58203887939453,79.52332305908203
2011-08-23,89.43148040771484,81.77759552001953
2011-08-24,90.69108581542969,82.93778228759766
2011-08-25,89.30858612060547,81.69685363769531
2011-08-26,90.60660552978516,82.75421905517578
2011-08-29,93.21029663085938,84.54583740234375
2011-08-30,93.45608520507812,84.70006561279297
2011-08-31,93.87081909179688,85.14068603515625
2011-09-01,92.88772583007812,84.34758758544922
2011-09-02,90.51441955566406,82.44580078125
2011-09-06,89.85391235351562,81.66016387939453
2011-09-07,92.38847351074219,83.66473388671875
2011-09-08,91.42840576171875,82.87902069091797
2011-09-09,89.03209686279297,80.63948822021484
2011-09-12,89.60814666748047,81.14617156982422
2011-09-13,90.42996215820312,81.44715881347656
2011-09-14,91.681884765625,82.53390502929688
2011-09-15,93.26407623291016,83.8996810913086
2011-09-16,93.81605529785156,84.4955825805664
2011-09-19,92.88189697265625,83.65694427490234
2011-09-20,92.77381134033203,83.77462768554688
2011-09-21,90.04084777832031,81.61921691894531
2011-09-22,87.13036346435547,78.76498413085938
2011-09-23,87.65530395507812,79.0444564819336
2011-09-26,89.7397689819336,81.09691619873047
2011-09-27,90.74340057373047,82.17830657958984
2011-09-28,88.89053344726562,80.79532623291016
2011-09-29,89.59310913085938,81.93553161621094
2011-09-30,87.35420227050781,80.13323974609375
2011-10-03,84.86834716796875,78.2426528930664
2011-10-04,86.72887420654297,79.24308013916016
2011-10-05,88.33467102050781,80.39070892333984
2011-10-06,89.93275451660156,81.72222137451172
2011-10-07,89.33062744140625,81.67071533203125
2011-10-10,92.318359375,84.01744842529297
2011-10-11,92.41096496582031,83.87030029296875
2011-10-12,93.22160339355469,84.59120178222656
2011-10-13,93.03633117675781,84.3484115600586
2011-10-14,94.62665557861328,85.5843276977539
2011-10-17,92.82011413574219,83.78936767578125
2011-10-18,94.63439178466797,84.97374725341797
2011-10-19,93.51496887207031,84.561767578125
2011-10-20,93.92414093017578,84.8413314819336
2011-10-21,95.70748901367188,86.83441162109375
2011-10-24,96.88097381591797,87.59333801269531
2011-10-25,94.9972152709961,86.0533676147461
2011-10-26,95.96224975585938,87.2470474243164
2011-10-27,99.30512237548828,89.84803771972656
2011-10-28,99.2819595336914,89.92169952392578
2011-10-31,96.8886947631836,87.93231201171875
2011-11-01,94.18660736083984,85.75129699707031
2011-11-02,95.72295379638672,87.04074096679688
2011-11-03,97.46772003173828,88.55855560302734
2011-11-04,96.87324523925781,88.12385559082031
2011-11-07,97.47541046142578,88.7501449584961
2011-11-08,98.7260971069336,89.59014129638672
2011-11-09,95.0821762084961,86.71653747558594
2011-11-10,95.97771453857422,87.60073852539062
2011-11-11,97.78423309326172,89.54592895507812
2011-11-14,96.85779571533203,88.94172668457031
2011-11-15,97.33646392822266,89.05962371826172
2011-11-16,95.79244995117188,87.75545501708984
2011-11-17,94.27149200439453,86.81964111328125
2011-11-18,94.17118072509766,86.95635986328125
2011-11-21,92.38008880615234,85.05811309814453
2011-11-22,92.0172348022461,84.74788665771484
2011-11-23,89.9868392944336,82.96783447265625
2011-11-25,89.81696319580078,82.8275146484375
2011-11-28,92.41868591308594,85.01376342773438
2011-11-29,92.68114471435547,85.35356903076172
2011-11-30,96.49497985839844,88.77327728271484
2011-12-01,96.4795150756836,88.72896575927734
2011-12-02,96.39459991455078,88.67732238769531
2011-12-05,97.44454193115234,89.3346176147461
2011-12-06,97.47541046142578,89.6596450805664
2011-12-07,97.8382797241211,90.16185760498047
2011-12-08,95.69204711914062,88.58865356445312
2011-12-09,97.31326293945312,89.94773864746094
2011-12-12,95.89281463623047,88.81029510498047
2011-12-13,94.9972152709961,88.27101135253906
2011-12-14,93.98589324951172,87.39213562011719
2011-12-15,94.32559204101562,87.7540512084961
2011-12-16,94.46540832519531,87.58065795898438
2011-12-19,93.45542907714844,86.94354248046875
2011-12-20,96.28343200683594,89.4030990600586
2011-12-21,96.46984100341797,89.4994125366211
2011-12-22,97.32447052001953,90.03280639648438
2011-12-23,98.19464111328125,90.84770202636719
2011-12-27,98.27233123779297,90.87734985351562
2011-12-28,96.98265838623047,89.82535552978516
2011-12-29,97.98487091064453,90.76619720458984
2011-12-30,97.5031967163086,90.26984405517578
2012-01-03,99.0570068359375,91.58853912353516
2012-01-04,99.21240234375,91.8404541015625
2012-01-05,99.47657012939453,91.82555389404297
2012-01-06,99.22017669677734,91.5145034790039
2012-01-09,99.46100616455078,91.61077117919922
2012-01-10,100.32337951660156,92.14415740966797
2012-01-11,100.37776947021484,92.07750701904297
2012-01-12,100.61861419677734,92.25527954101562
2012-01-13,100.09807586669922,91.9811782836914
2012-01-17,100.48655700683594,92.32195281982422
2012-01-18,101.59756469726562,93.06281280517578
2012-01-19,102.13359069824219,93.47024536132812
2012-01-20,102.5142822265625,94.1801986694336
2012-01-23,102.2501449584961,94.06890869140625
2012-01-24,102.13359069824219,93.78700256347656
2012-01-25,102.98822021484375,94.3952865600586
2012-01-26,102.45992279052734,94.25431823730469
2012-01-27,102.41328430175781,93.80182647705078
2012-01-30,102.06367492675781,93.63867950439453
2012-01-31,102.02483367919922,93.51995849609375
2012-02-01,102.91829681396484,94.14311218261719
2012-02-02,103.08142852783203,94.09117126464844
2012-02-03,104.5264892578125,95.22610473632812
2012-02-06,104.45658111572266,95.0406265258789
2012-02-07,104.72073364257812,95.32994842529297
2012-02-08,105.0315170288086,95.4783706665039
2012-02-09,105.1635971069336,95.51542663574219
2012-02-10,104.38664245605469,94.84039306640625
2012-02-13,105.1635971069336,95.38932037353516
2012-02-14,105.0315170288086,95.44131469726562
2012-02-15,104.54205322265625,94.84782409667969
2012-02-16,105.69967651367188,95.745361328125
2012-02-17,105.97935485839844,96.11128997802734
2012-02-21,106.02597045898438,96.2005386352539
2012-02-22,105.68412017822266,96.04441833496094
2012-02-23,106.15030670166016,96.37165069580078
2012-02-24,106.38336944580078,96.40137481689453
2012-02-27,106.56205749511719,96.43112182617188
2012-02-28,106.8728256225586,96.5798110961914
2012-02-29,106.45327758789062,96.15589141845703
2012-03-01,107.00489044189453,96.3641357421875
2012-03-02,106.67859649658203,96.34930419921875
2012-03-05,106.24348449707031,96.2525863647461
2012-03-06,104.68968963623047,94.7874755859375
2012-03-07,105.41997528076172,95.36756896972656
2012-03-08,106.46881866455078,95.88074493408203
2012-03-09,106.88053894042969,96.05179595947266
2012-03-12,106.88835144042969,96.28234100341797
2012-03-13,108.8150634765625,97.93340301513672
2012-03-14,108.69853210449219,98.08218383789062
2012-03-15,109.3279037475586,98.47631072998047
2012-03-16,109.47929382324219,98.39812469482422
2012-03-19,109.90840911865234,98.41300964355469
2012-03-20,109.5885009765625,97.89886474609375
2012-03-21,109.40902709960938,97.60822296142578
2012-03-22,108.62089538574219,96.99724578857422
2012-03-23,108.9720230102539,97.31755828857422
2012-03-26,110.50145721435547,98.42789459228516
2012-03-27,110.15811157226562,98.11490631103516
2012-03-28,109.61187744140625,97.60074615478516
2012-03-29,109.42460632324219,97.71251678466797
2012-03-30,109.87725830078125,98.2117919921875
2012-04-02,110.6809310913086,98.5843276977539
2012-04-03,110.22836303710938,98.11490631103516
2012-04-04,109.13592529296875,97.25052642822266
2012-04-05,109.08126831054688,97.1611099243164
2012-04-09,107.85620880126953,96.21481323242188
2012-04-10,106.04583740234375,94.64247131347656
2012-04-11,106.90418243408203,95.2684097290039
2012-04-12,108.30094146728516,96.661865234375
2012-04-13,107.01346588134766,95.67830657958984
2012-04-16,106.94315338134766,96.17755126953125
2012-04-17,108.52727508544922,97.57097625732422
2012-04-18,108.16046905517578,96.9822998046875
2012-04-19,107.4660415649414,96.52774047851562
2012-04-20,107.64547729492188,96.96715545654297
2012-04-23,106.74031066894531,96.25100708007812
2012-04-24,107.14608764648438,96.77320861816406
2012-04-25,108.61307525634766,97.45956420898438
2012-04-26,109.36995697021484,98.36224365234375
2012-04-27,109.54950714111328,98.47408294677734
2012-04-30,109.14368438720703,98.32487487792969
2012-05-01,109.82257843017578,98.86945343017578
2012-05-02,109.49485778808594,98.77250671386719
2012-05-03,108.65990447998047,98.33235168457031
2012-05-04,106.90418243408203,97.04926300048828
2012-05-07,106.98221588134766,96.86273193359375
2012-05-08,106.55302429199219,96.29571533203125
2012-05-09,105.92098236083984,95.74369049072266
2012-05-10,106.13948059082031,95.81829833984375
2012-05-11,105.81951904296875,95.62431335449219
2012-05-14,104.64903259277344,94.7066879272461
2012-05-15,104.04818725585938,94.22928619384766
2012-05-16,103.65023040771484,94.13232421875
2012-05-17,102.11297607421875,92.93120574951172
2012-05-18,101.23904418945312,92.30689239501953
2012-05-21,102.97913360595703,93.42977142333984
2012-05-22,103.15863037109375,93.4447021484375
2012-05-23,103.21326446533203,93.35487365722656
2012-05-24,103.4161376953125,93.66184997558594
2012-05-25,103.08061981201172,93.01800537109375
2012-05-29,104.32909393310547,94.02113342285156
2012-05-30,102.81527709960938,92.81591033935547
2012-05-31,102.58897399902344,92.59884643554688
2012-06-01,100.00611877441406,90.58515167236328
2012-06-04,99.95930480957031,90.41303253173828
2012-06-05,100.71625518798828,90.64502716064453
2012-06-06,102.97913360595703,92.77099609375
2012-06-07,103.04161834716797,93.212646484375
2012-06-08,103.86091613769531,93.89386749267578
2012-06-11,102.54219055175781,92.80845642089844
2012-06-12,103.720458984375,94.01361846923828
2012-06-13,103.05720520019531,93.48963165283203
2012-06-14,104.14966583251953,94.59754180908203
2012-06-15,105.21481323242188,95.48988342285156
2012-06-18,105.41870880126953,95.33238220214844
2012-06-19,106.43843078613281,96.02980041503906
2012-06-20,106.26590728759766,95.95484161376953
2012-06-21,103.88140106201172,94.06509399414062
2012-06-22,104.68148040771484,94.65751647949219
2012-06-25,103.0029296875,93.55520629882812
2012-06-26,103.5206069946289,93.79518127441406
2012-06-27,104.45396423339844,94.49252319335938
2012-06-28,104.15591430664062,94.33506774902344
2012-06-29,106.75218200683594,96.32223510742188
2012-07-02,107.07372283935547,96.25475311279297
2012-07-03,107.77967834472656,96.84722137451172
2012-07-05,107.29337310791016,96.56973266601562
2012-07-06,106.27371978759766,95.66236114501953
2012-07-09,106.1403579711914,95.41492462158203
2012-07-10,105.21481323242188,94.74749755859375
2012-07-11,105.23049926757812,94.41755676269531
2012-07-12,104.72064971923828,94.1626205444336
2012-07-13,106.47765350341797,95.69986724853516
2012-07-16,106.22667694091797,95.32496643066406
2012-07-17,106.9560775756836,95.84980010986328
2012-07-18,107.74828338623047,96.70468139648438
2012-07-19,108.03070068359375,96.97465515136719
2012-07-20,107.04241180419922,96.17098999023438
2012-07-23,105.95997619628906,95.32223510742188
2012-07-24,105.05007934570312,94.5335693359375
2012-07-25,105.07363891601562,95.02181243896484
2012-07-26,106.80706024169922,96.5765609741211
2012-07-27,108.77584838867188,98.0487289428711
2012-07-30,108.77584838867188,97.94358825683594
2012-07-31,108.01498413085938,97.41033172607422
2012-08-01,107.92086029052734,97.23001861572266
2012-08-02,107.17571258544922,96.54653930664062
2012-08-03,109.30134582519531,98.19142150878906
2012-08-06,109.51313781738281,98.31915283203125
2012-08-07,110.06221008300781,98.6796875
2012-08-08,110.19557189941406,98.80734252929688
2012-08-09,110.28962707519531,98.8223648071289
2012-08-10,110.47004699707031,99.0927734375
2012-08-13,110.41517639160156,98.85991668701172
2012-08-14,110.43086242675781,98.88998413085938
2012-08-15,110.55635070800781,98.93507385253906
2012-08-16,111.37208557128906,99.57347106933594
2012-08-17,111.52111053466797,99.72332000732422
2012-08-20,111.52898406982422,99.69318389892578
2012-08-21,111.19168853759766,99.23381042480469
2012-08-22,111.23876953125,99.00787353515625
2012-08-23,110.32890319824219,98.18704223632812
2012-08-24,110.99555206298828,98.94014739990234
2012-08-27,111.01908111572266,98.69917297363281
2012-08-28,110.9093017578125,98.54855346679688
2012-08-29,110.99555206298828,98.59371185302734
2012-08-30,110.19557189941406,97.84065246582031
2012-08-31,110.72105407714844,98.56361389160156
2012-09-04,110.61907958984375,98.0741195678711
2012-09-05,110.52497863769531,98.17949676513672
2012-09-06,112.76826477050781,100.02459716796875
2012-09-07,113.20748138427734,100.11491394042969
2012-09-10,112.56430053710938,99.76846313476562
2012-09-11,112.87808227539062,100.22789764404297
2012-09-12,113.25457000732422,100.43879699707031
2012-09-13,114.98019409179688,101.95999908447266
2012-09-14,115.48999786376953,102.31391906738281
2012-09-17,115.09782409667969,102.06539916992188
2012-09-18,115.00371551513672,102.12565612792969
2012-09-19,115.06640625,102.21604919433594
2012-09-20,115.07431030273438,102.38178253173828
2012-09-21,115.02621459960938,102.2315673828125
2012-09-24,114.85272216796875,102.11835479736328
2012-09-25,113.63043212890625,101.3788070678711
2012-09-26,112.99175262451172,101.04679870605469
2012-09-27,114.05624389648438,101.5749740600586
2012-09-28,113.5279312133789,101.15998077392578
2012-10-01,113.82756805419922,101.71082305908203
2012-10-02,113.94590759277344,101.48445129394531
2012-10-03,114.41110229492188,101.63534545898438
2012-10-04,115.23125457763672,102.2693099975586
2012-10-05,115.2391357421875,102.60135650634766
2012-10-08,114.84481811523438,102.36736297607422
2012-10-09,113.70931243896484,101.56745910644531
2012-10-10,112.98379516601562,100.57889556884766
2012-10-11,113.04692077636719,100.46566009521484
2012-10-12,112.67630767822266,100.46566009521484
2012-10-15,113.61466217041016,101.13729095458984
2012-10-16,114.7659683227539,102.10325622558594
2012-10-17,115.28640747070312,102.20134735107422
2012-10-18,114.9867935180664,102.1485366821289
2012-10-19,113.07061004638672,100.58953857421875
2012-10-22,113.0863265991211,100.58206176757812
2012-10-23,111.51712036132812,98.79856872558594
2012-10-24,111.20170593261719,98.6171875
2012-10-25,111.52498626708984,98.82878875732422
2012-10-26,111.46190643310547,98.83639526367188
2012-10-31,111.46190643310547,98.69275665283203
2012-11-01,112.62899017333984,99.73558807373047
2012-11-02,111.62754821777344,98.74567413330078
2012-11-05,111.856201171875,98.89677429199219
2012-11-06,112.73152160644531,99.7885513305664
2012-11-07,110.17658233642578,97.67256927490234
2012-11-08,108.85179138183594,96.72040557861328
2012-11-09,108.94645690917969,96.66753387451172
2012-11-12,109.03321838378906,96.75820922851562
2012-11-13,108.65467834472656,96.37278747558594
2012-11-14,107.1879653930664,95.0352554321289
2012-11-15,107.00662994384766,94.84634399414062
2012-11-16,107.53496551513672,95.15925598144531
2012-11-19,109.71134185791016,96.69721984863281
2012-11-20,109.75868225097656,96.7578353881836
2012-11-21,109.96368408203125,97.09117126464844
2012-11-23,111.46190643310547,98.40953826904297
2012-11-26,111.22535705566406,98.12919616699219
2012-11-27,110.6575927734375,97.49274444580078
2012-11-28,111.54865264892578,98.22004699707031
2012-11-29,112.06912994384766,98.598876953125
2012-11-30,112.0927505493164,98.56859588623047
2012-12-03,111.5407943725586,98.15193176269531
2012-12-04,111.38307189941406,98.03064727783203
2012-12-05,111.58021545410156,98.67463684082031
2012-12-06,111.95872497558594,99.053466796875
2012-12-07,112.29781341552734,99.67473602294922
2012-12-10,112.3450927734375,99.81111907958984
2012-12-11,113.11000061035156,100.3869400024414
2012-12-12,113.16522216796875,100.39444732666016
2012-12-13,112.4713134765625,99.87171173095703
2012-12-14,112.05335235595703,99.59896087646484
2012-12-17,113.3702163696289,100.34148406982422
2012-12-18,114.63191223144531,101.18242645263672
2012-12-19,113.78025817871094,100.47781372070312
2012-12-20,114.43473815917969,100.90970611572266
2012-12-21,113.39606475830078,100.15955352783203
2012-12-24,113.04661560058594,99.53639221191406
2012-12-26,112.57013702392578,99.414794921875
2012-12-27,112.41924285888672,99.25517272949219
2012-12-28,111.20418548583984,98.09244537353516
2012-12-31,113.0942611694336,99.23997497558594
2013-01-02,115.9928970336914,101.66438293457031
2013-01-03,115.73080444335938,101.55799102783203
2013-01-04,116.23910522460938,101.884765625
2013-01-07,115.9214096069336,101.46676635742188
2013-01-08,115.587890625,101.12477111816406
2013-01-09,115.88176727294922,101.6187744140625
2013-01-10,116.80291748046875,102.24951171875
2013-01-11,116.79499816894531,102.38634490966797
2013-01-14,116.71559143066406,102.51559448242188
2013-01-15,116.79499816894531,102.6598892211914
2013-01-16,116.77911376953125,102.51559448242188
2013-01-17,117.53350067138672,103.22991943359375
2013-01-18,117.79562377929688,103.53804779052734
2013-01-22,118.4309310913086,104.0325698852539
2013-01-23,118.6214828491211,104.58039093017578
2013-01-24,118.65325927734375,105.00643157958984
2013-01-25,119.32038116455078,105.46292877197266
2013-01-28,119.17743682861328,105.48572540283203
2013-01-29,119.64594268798828,105.92704010009766
2013-01-30,119.17743682861328,105.56936645507812
2013-01-31,118.88359069824219,105.3031005859375
2013-02-01,120.1065673828125,106.31501007080078
2013-02-04,118.75650024414062,105.42483520507812
2013-02-05,119.95572662353516,106.04869079589844
2013-02-06,120.0429916381836,106.19329833984375
2013-02-07,119.88420867919922,105.97262573242188
2013-02-08,120.55127716064453,106.3073959350586
2013-02-11,120.52745819091797,106.14766693115234
2013-02-12,120.7259750366211,106.5508804321289
2013-02-13,120.82928466796875,106.4139633178711
2013-02-14,120.9404296875,106.40628814697266
2013-02-15,120.79743957519531,106.36582946777344
2013-02-19,121.70280456542969,106.7625503540039
2013-02-20,120.18600463867188,105.9311294555664
2013-02-21,119.45536041259766,105.64894104003906
2013-02-22,120.62278747558594,106.6405029296875
2013-02-25,118.32767486572266,105.00056457519531
2013-02-26,119.13774108886719,105.85482025146484
2013-02-27,120.638671875,107.24313354492188
2013-02-28,120.40042877197266,106.99899291992188
2013-03-01,120.79743957519531,107.34986114501953
2013-03-04,121.44071960449219,107.60152435302734
2013-03-05,122.52869415283203,108.5702133178711
2013-03-06,122.69549560546875,108.95158386230469
2013-03-07,122.91780853271484,109.18045043945312
2013-03-08,123.4420394897461,109.65331268310547
2013-03-11,123.91051483154297,110.11109161376953
2013-03-12,123.63258361816406,110.14151000976562
2013-03-13,123.80729675292969,110.18726348876953
2013-03-14,124.46641540527344,110.85087585449219
2013-03-15,124.30216979980469,110.6919174194336
2013-03-18,123.61609649658203,110.19511413574219
2013-03-19,123.32893371582031,110.29450225830078
2013-03-20,124.19046020507812,110.68421173095703
2013-03-21,123.12947845458984,109.9810562133789
2013-03-22,124.11868286132812,110.7530517578125
2013-03-25,123.60018157958984,110.2256851196289
2013-03-26,124.58929443359375,111.04347229003906
2013-03-27,124.58929443359375,110.79894256591797
2013-03-28,124.97215270996094,111.07411193847656
2013-04-01,124.47760009765625,111.12001037597656
2013-04-02,125.091796875,111.80020904541016
2013-04-03,123.82347106933594,110.93647766113281
2013-04-04,124.32598114013672,111.41798400878906
2013-04-05,123.76759338378906,111.0664291381836
2013-04-08,124.60523986816406,111.55559539794922
2013-04-09,125.03596496582031,111.98361206054688
2013-04-10,126.56749725341797,112.95435333251953
2013-04-11,126.98238372802734,113.4281997680664
2013-04-12,126.6712417602539,113.44353485107422
2013-04-15,123.73573303222656,111.44864654541016
2013-04-16,125.56246948242188,112.63336181640625
2013-04-17,123.72772216796875,111.55559539794922
2013-04-18,122.95402526855469,110.9670181274414
2013-04-19,124.02291107177734,111.04430389404297
2013-04-22,124.57331848144531,111.18213653564453
2013-04-23,125.85758209228516,112.3143539428711
2013-04-24,125.9374008178711,112.04659271240234
2013-04-25,126.44781494140625,112.28375244140625
2013-04-26,126.22454071044922,112.37555694580078
2013-04-29,127.070068359375,113.1253662109375
2013-04-30,127.37310028076172,113.24776458740234
2013-05-01,126.25640869140625,112.26849365234375
2013-05-02,127.42897033691406,113.20182800292969
2013-05-03,128.72117614746094,114.27294921875
2013-05-06,129.0482635498047,114.32658386230469
2013-05-07,129.70233154296875,114.96161651611328
2013-05-08,130.2926483154297,115.48175811767578
2013-05-09,129.92576599121094,115.40528869628906
2013-05-10,130.34848022460938,115.55834197998047
2013-05-13,130.4522247314453,115.42056274414062
2013-05-14,131.8002471923828,116.39228057861328
2013-05-15,132.5101776123047,116.88959503173828
2013-05-16,131.88800048828125,116.6371078491211
2013-05-17,133.1643524169922,117.49567413330078
2013-05-20,133.15634155273438,117.41896057128906
2013-05-21,133.34774780273438,117.77948760986328
2013-05-22,132.3585968017578,117.26549530029297
2013-05-23,131.97579956054688,117.21174621582031
2013-05-24,131.8640899658203,117.21174621582031
2013-05-28,132.65377807617188,118.06340789794922
2013-05-29,131.79232788085938,117.26549530029297
2013-05-30,132.27890014648438,117.4649429321289
2013-05-31,130.38038635253906,115.93046569824219
2013-06-03,131.09832763671875,116.85875701904297
2013-06-04,130.46810913085938,116.34478759765625
2013-06-05,128.64144897460938,114.55709838867188
2013-06-06,129.8060302734375,115.27833557128906
2013-06-07,131.45724487304688,116.86650848388672
2013-06-10,131.45724487304688,116.7820816040039
2013-06-11,130.10121154785156,116.0072021484375
2013-06-12,129.02430725097656,114.97904205322266
2013-06-13,130.98663330078125,116.4368896484375
2013-06-14,130.16497802734375,115.59290313720703
2013-06-17,131.17010498046875,116.45223236083984
2013-06-18,132.20712280273438,117.4649429321289
2013-06-19,130.38038635253906,115.9228515625
2013-06-20,127.14982604980469,113.22972869873047
2013-06-21,127.55796813964844,113.57884216308594
2013-06-24,125.94617462158203,112.46402740478516
2013-06-25,127.15705871582031,113.24827575683594
2013-06-26,128.41604614257812,114.39385223388672
2013-06-27,129.16978454589844,115.24722290039062
2013-06-28,128.6405029296875,114.20928955078125
2013-07-01,129.39431762695312,114.87803649902344
2013-07-02,129.27401733398438,114.50140380859375
2013-07-03,129.3301239013672,114.97039031982422
2013-07-05,130.72547912597656,116.10826110839844
2013-07-08,131.47119140625,116.87709045410156
2013-07-09,132.41751098632812,117.46900177001953
2013-07-10,132.465576171875,117.4075698852539
2013-07-11,134.2698974609375,118.69148254394531
2013-07-12,134.32598876953125,118.53005981445312
2013-07-15,134.83921813964844,118.8913803100586
2013-07-16,134.33404541015625,118.62998962402344
2013-07-17,134.67880249023438,118.73765563964844
2013-07-18,135.41656494140625,119.4295654296875
2013-07-19,135.65711975097656,119.41879272460938
2013-07-22,135.9217987060547,119.4111099243164
2013-07-23,135.63308715820312,119.60364532470703
2013-07-24,135.1359100341797,119.40350341796875
2013-07-25,135.46470642089844,119.41879272460938
2013-07-26,135.6090545654297,119.44962310791016
2013-07-29,135.19212341308594,119.27255249023438
2013-07-30,135.19212341308594,119.25715637207031
2013-07-31,135.28826904296875,119.20331573486328
2013-08-01,136.8519744873047,120.01165771484375
2013-08-02,137.08453369140625,120.25018310546875
2013-08-05,136.884033203125,119.93450927734375
2013-08-06,136.106201171875,119.21098327636719
2013-08-07,135.66517639160156,118.9722671508789
2013-08-08,136.1623992919922,119.08773803710938
2013-08-09,135.76937866210938,118.64128875732422
2013-08-12,135.6090545654297,118.57964324951172
2013-08-13,136.00997924804688,118.89533996582031
2013-08-14,135.31236267089844,118.03306579589844
2013-08-15,133.41986083984375,116.33943176269531
2013-08-16,132.9788360595703,116.1563949584961
2013-08-19,132.12881469726562,115.56998443603516
2013-08-20,132.7783203125,115.57768249511719
2013-08-21,131.96043395996094,114.7209701538086
2013-08-22,133.16326904296875,115.30750274658203
2013-08-23,133.6122283935547,115.63944244384766
2013-08-26,133.11520385742188,115.16088104248047
2013-08-27,130.9740753173828,113.84111022949219
2013-08-28,131.43919372558594,114.25788116455078
2013-08-29,131.64764404296875,114.4199447631836
2013-08-30,131.23068237304688,114.1111831665039
2013-09-03,131.8241424560547,114.31180572509766
2013-09-04,132.91468811035156,115.1376724243164
2013-09-05,133.0830535888672,115.09147644042969
2013-09-06,133.14723205566406,115.06816864013672
2013-09-09,134.42225646972656,116.13334655761719
2013-09-10,135.41656494140625,117.15216827392578
2013-09-11,135.84161376953125,118.20183563232422
2013-09-12,135.48074340820312,118.10919189453125
2013-09-13,135.78543090820312,118.61854553222656
2013-09-16,136.5713653564453,119.58332061767578
2013-09-17,137.18069458007812,119.85343933105469
2013-09-18,138.76852416992188,120.93392181396484
2013-09-19,138.5359649658203,120.64837646484375
2013-09-20,137.56736755371094,119.3213882446289
2013-09-23,136.93072509765625,118.86515045166016
2013-09-24,136.6084747314453,118.36251068115234
2013-09-25,136.2136993408203,117.86759185791016
2013-09-26,136.73741149902344,118.27745056152344
2013-09-27,136.10887145996094,117.70514678955078
2013-09-30,135.38363647460938,116.76947021484375
2013-10-01,136.4553985595703,117.24900817871094
2013-10-02,136.326416015625,116.75405883789062
2013-10-03,135.06936645507812,115.74107360839844
2013-10-04,136.0927276611328,116.32872772216797
2013-10-07,134.91622924804688,115.22290802001953
2013-10-08,133.34494018554688,114.08614349365234
2013-10-09,133.44171142578125,114.27946472167969
2013-10-10,136.31834411621094,116.73856353759766
2013-10-11,137.19674682617188,117.67425537109375
2013-10-14,137.74464416503906,118.16143798828125
2013-10-15,136.74542236328125,117.03240203857422
2013-10-16,138.6553192138672,118.71815490722656
2013-10-17,139.58192443847656,118.68729400634766
2013-10-18,140.52468872070312,118.91182708740234
2013-10-21,140.5327606201172,118.85759735107422
2013-10-22,141.34657287597656,119.41504669189453
2013-10-23,140.66970825195312,119.08219909667969
2013-10-24,141.13711547851562,119.84076690673828
2013-10-25,141.78173828125,120.34397888183594
2013-10-28,142.0074005126953,120.28202056884766
2013-10-29,142.7648162841797,121.15686798095703
2013-10-30,142.05569458007812,120.6691665649414
2013-10-31,141.65284729003906,120.22010040283203
2013-11-01,141.9912567138672,120.66138458251953
2013-11-04,142.49085998535156,120.8163070678711
2013-11-05,142.0396270751953,120.68461608886719
2013-11-06,142.7648162841797,121.71430969238281
2013-11-07,140.95980834960938,120.6536865234375
2013-11-08,142.86158752441406,121.92328643798828
2013-11-11,142.88572692871094,122.01618194580078
2013-11-12,142.5956573486328,121.83037567138672
2013-11-13,143.7398681640625,122.36456298828125
2013-11-14,144.45701599121094,122.88327026367188
2013-11-15,145.08560180664062,123.55650329589844
2013-11-18,144.5779571533203,123.66507720947266
2013-11-19,144.263671875,123.57970428466797
2013-11-20,143.81240844726562,123.14541625976562
2013-11-21,144.9727325439453,123.99089050292969
2013-11-22,145.69796752929688,124.40970611572266
2013-11-25,145.552978515625,124.572509765625
2013-11-26,145.5931854248047,124.48731994628906
2013-11-27,145.94781494140625,124.75870513916016
2013-11-29,145.8510284423828,124.65790557861328
2013-12-02,145.4723663330078,124.03742980957031
2013-12-03,144.8437957763672,123.3160171508789
2013-12-04,144.82772827148438,123.1376953125
2013-12-05,144.19110107421875,122.64130401611328
2013-12-06,145.80271911621094,124.22354888916016
2013-12-09,146.17343139648438,124.27787017822266
2013-12-10,145.64962768554688,123.88227081298828
2013-12-11,144.0138702392578,122.78854370117188
2013-12-12,143.53846740722656,122.13713073730469
2013-12-13,143.5223388671875,122.27674102783203
2013-12-16,144.41677856445312,123.24633026123047
2013-12-17,143.95742797851562,123.15318298339844
2013-12-18,146.41517639160156,125.46453094482422
2013-12-19,146.24588012695312,125.55755615234375
2013-12-20,147.0966796875,125.96582794189453
2013-12-23,147.8824920654297,126.44005584716797
2013-12-24,148.2065887451172,126.85992431640625
2013-12-26,148.9600372314453,127.87079620361328
2013-12-27,148.95196533203125,127.8785171508789
2013-12-30,148.92764282226562,127.97189331054688
2013-12-31,149.6324920654297,128.65597534179688
2014-01-02,148.19847106933594,127.5986328125
2014-01-03,148.17422485351562,127.8163070678711
2014-01-06,147.74476623535156,127.42766571044922
2014-01-07,148.6521453857422,128.26724243164062
2014-01-08,148.6845245361328,127.78518676757812
2014-01-09,148.78179931640625,127.66087341308594
2014-01-10,149.18692016601562,127.65300750732422
2014-01-13,147.20193481445312,126.14456176757812
2014-01-14,148.80609130859375,127.08543395996094
2014-01-15,149.60818481445312,127.95630645751953
2014-01-16,149.41372680664062,127.49756622314453
2014-01-17,148.78179931640625,127.67884063720703
2014-01-21,149.21929931640625,127.40654754638672
2014-01-22,149.31649780273438,127.20419311523438
2014-01-23,148.0931396484375,125.83460998535156
2014-01-24,144.93341064453125,123.3212661743164
2014-01-27,144.22044372558594,122.96324920654297
2014-01-28,145.07931518554688,123.67912292480469
2014-01-29,143.68576049804688,122.24736785888672
2014-01-30,145.20892333984375,123.07994079589844
2014-01-31,144.3582000732422,121.97502899169922
2014-02-03,141.109375,119.46937561035156
2014-02-04,142.09779357910156,119.89739990234375
2014-02-05,141.91957092285156,119.97513580322266
2014-02-06,143.79110717773438,121.50033569335938
2014-02-07,145.573486328125,122.77657318115234
2014-02-10,145.84080505371094,122.75315856933594
2014-02-11,147.43690490722656,124.31718444824219
2014-02-12,147.5098114013672,124.27847290039062
2014-02-13,148.2713623046875,124.72970581054688
2014-02-14,149.08970642089844,125.74132537841797
2014-02-18,149.26792907714844,125.60120391845703
2014-02-19,148.27947998046875,124.90867614746094
2014-02-20,149.15455627441406,125.52338409423828
2014-02-21,148.98439025878906,125.47271728515625
2014-02-24,149.81076049804688,126.13589477539062
2014-02-25,149.75404357910156,126.01112365722656
2014-02-26,149.76214599609375,126.27622985839844
2014-02-27,150.5480499267578,126.8303451538086
2014-02-28,150.92884826660156,127.197021484375
2014-03-03,149.8674774169922,126.00310516357422
2014-03-04,151.97389221191406,127.67296600341797
2014-03-05,152.1116485595703,127.45445251464844
2014-03-06,152.46006774902344,128.0319061279297
2014-03-07,152.52481079101562,128.22694396972656
2014-03-10,152.44384765625,127.95386505126953
2014-03-11,151.6903839111328,127.50904846191406
2014-03-12,151.73080444335938,127.36084747314453
2014-03-13,150.02947998046875,125.65989685058594
2014-03-14,149.60818481445312,125.34785461425781
2014-03-17,150.96116638183594,126.68980407714844
2014-03-18,152.03872680664062,127.39994812011719
2014-03-19,151.22857666015625,126.54933166503906
2014-03-20,152.1116485595703,127.4155044555664
2014-03-21,151.5216522216797,127.11222839355469
2014-03-24,150.8950958251953,126.96375274658203
2014-03-25,151.61117553710938,127.70626068115234
2014-03-26,150.52076721191406,126.87773132324219
2014-03-27,150.2034149169922,126.83863067626953
2014-03-28,150.9438934326172,127.2841796875
2014-03-31,152.18081665039062,128.37062072753906
2014-04-01,153.1898956298828,128.92547607421875
2014-04-02,153.70257568359375,129.25375366210938
2014-04-03,153.49903869628906,129.23031616210938
2014-04-04,151.68443298339844,128.08920288085938
2014-04-07,150.0081024169922,126.74494934082031
2014-04-08,150.6265869140625,126.87773132324219
2014-04-09,152.2458953857422,128.2611541748047
2014-04-10,149.04783630371094,126.20551300048828
2014-04-11,147.7051239013672,125.07218933105469
2014-04-14,148.86886596679688,126.18993377685547
2014-04-15,149.8941650390625,126.90120697021484
2014-04-16,151.4647674560547,128.1986541748047
2014-04-17,151.6763153076172,128.0906524658203
2014-04-21,152.20521545410156,128.309814453125
2014-04-22,152.89694213867188,128.91212463378906
2014-04-23,152.53887939453125,128.78688049316406
2014-04-24,152.8480987548828,128.8260498046875
2014-04-25,151.5949249267578,127.77784729003906
2014-04-28,152.0750274658203,128.41921997070312
2014-04-29,152.78297424316406,129.06849670410156
2014-04-30,153.2387237548828,129.4204559326172
2014-05-01,153.2549591064453,129.2483367919922
2014-05-02,153.03524780273438,128.87301635742188
2014-05-05,153.32821655273438,129.01365661621094
2014-05-06,151.99363708496094,128.0751190185547
2014-05-07,152.88885498046875,129.09197998046875
2014-05-08,152.7259979248047,129.34231567382812
2014-05-09,152.9539031982422,129.63172912597656
2014-05-12,154.4430389404297,130.4765167236328
2014-05-13,154.58143615722656,130.67210388183594
2014-05-14,153.8489990234375,129.9368133544922
2014-05-15,152.4981689453125,128.71652221679688
2014-05-16,153.027099609375,129.09375
2014-05-19,153.58863830566406,129.172119140625
2014-05-20,152.62022399902344,128.08200073242188
2014-05-21,153.906005859375,129.38388061523438
2014-05-22,154.28033447265625,129.54071044921875
2014-05-23,154.8988037109375,130.05050659179688
2014-05-27,155.85089111328125,130.55252075195312
2014-05-28,155.73695373535156,130.25437927246094
2014-05-29,156.5425567626953,130.79550170898438
2014-05-30,156.79478454589844,130.91307067871094
2014-06-02,156.97386169433594,131.12486267089844
2014-06-03,156.8925018310547,130.9836883544922
2014-06-04,157.20982360839844,131.07003784179688
2014-06-05,158.23509216308594,131.86207580566406
2014-06-06,158.99197387695312,132.5992431640625
2014-06-09,159.15469360351562,132.72474670410156
2014-06-10,159.1710205078125,132.81097412109375
2014-06-11,158.61764526367188,132.02684020996094
2014-06-12,157.49461364746094,131.19541931152344
2014-06-13,157.97479248046875,131.45416259765625
2014-06-16,158.10496520996094,131.50909423828125
2014-06-17,158.54444885253906,131.75238037109375
2014-06-18,159.70802307128906,132.4816436767578
2014-06-19,159.88705444335938,132.6070556640625
2014-06-20,160.2117156982422,132.8554229736328
2014-06-23,160.1626739501953,132.72189331054688
2014-06-24,159.19781494140625,131.9046173095703
2014-06-25,159.91729736328125,132.2267608642578
2014-06-26,159.80294799804688,132.069580078125
2014-06-27,160.11361694335938,132.1403045654297
2014-06-30,160.03184509277344,131.92031860351562
2014-07-01,161.10296630859375,132.9497528076172
2014-07-02,161.26646423339844,133.1067657470703
2014-07-03,162.05958557128906,133.94764709472656
2014-07-07,161.49542236328125,133.4683380126953
2014-07-08,160.4569854736328,132.6746826171875
2014-07-09,161.17652893066406,133.24827575683594
2014-07-10,160.5387420654297,132.7611083984375
2014-07-11,160.7594757080078,132.9497528076172
2014-07-14,161.56903076171875,133.80615234375
2014-07-15,161.26646423339844,133.8768768310547
2014-07-16,161.86338806152344,134.41905212402344
2014-07-17,160.023681640625,133.27182006835938
2014-07-18,161.6589813232422,134.1781005859375
2014-07-21,161.35641479492188,133.86334228515625
2014-07-22,162.05958557128906,134.30386352539062
2014-07-23,162.41937255859375,134.16226196289062
2014-07-24,162.4275360107422,134.06787109375
2014-07-25,161.66709899902344,133.0609588623047
2014-07-28,161.73257446289062,133.25772094726562
2014-07-29,161.03753662109375,132.7621307373047
2014-07-30,161.06201171875,132.52615356445312
2014-07-31,157.88137817382812,130.0168914794922
2014-08-01,157.3990020751953,129.45054626464844
2014-08-04,158.53549194335938,130.04847717285156
2014-08-05,156.99832153320312,128.93922424316406
2014-08-06,157.04742431640625,129.1595916748047
2014-08-07,156.19705200195312,128.6481475830078
2014-08-08,158.00404357910156,130.0561981201172
2014-08-11,158.4619140625,130.22149658203125
2014-08-12,158.2411346435547,130.17425537109375
2014-08-13,159.3123016357422,130.9608612060547
2014-08-14,160.06454467773438,131.44061279296875
2014-08-15,160.03184509277344,131.08287048339844
2014-08-18,161.37278747558594,132.4303741455078
2014-08-19,162.21498107910156,133.08448791503906
2014-08-20,162.64833068847656,133.64393615722656
2014-08-21,163.12255859375,134.10092163085938
2014-08-22,162.86911010742188,133.8566131591797
2014-08-25,163.69493103027344,134.4476776123047
2014-08-26,163.80123901367188,134.69183349609375
2014-08-27,163.73580932617188,134.75489807128906
2014-08-28,163.64590454101562,134.56573486328125
2014-08-29,164.11196899414062,134.65252685546875
2014-09-02,164.03016662597656,134.41604614257812
2014-09-03,163.9402313232422,134.52645874023438
2014-09-04,163.70310974121094,134.47914123535156
2014-09-05,164.43902587890625,134.9440460205078
2014-09-08,164.0138397216797,134.7943878173828
2014-09-09,162.97537231445312,134.05360412597656
2014-09-10,163.588623046875,134.487060546875
2014-09-11,163.77664184570312,134.36099243164062
2014-09-12,162.82005310058594,133.88034057617188
2014-09-15,162.6974334716797,134.21124267578125
2014-09-16,163.9238739013672,135.04649353027344
2014-09-17,164.14466857910156,135.20416259765625
2014-09-18,165.01953125,136.01568603515625
2014-09-19,164.87086486816406,136.21556091308594
2014-09-22,163.59751892089844,135.3941192626953
2014-09-23,162.66107177734375,134.44622802734375
2014-09-24,163.93431091308594,135.69435119628906
2014-09-25,161.2892303466797,133.62478637695312
2014-09-26,162.57064819335938,134.83326721191406
2014-09-29,162.27499389648438,134.54104614257812
2014-09-30,161.84779357910156,134.33558654785156
2014-10-01,159.65444946289062,132.4479522705078
2014-10-02,159.6791229248047,132.4241943359375
2014-10-03,161.43711853027344,134.05917358398438
2014-10-06,161.24813842773438,133.94073486328125
2014-10-07,158.75901794433594,131.8000946044922
2014-10-08,161.53561401367188,133.98023986816406
2014-10-09,158.3319091796875,131.389404296875
2014-10-10,156.5245819091797,130.49685668945312
2014-10-13,153.95338439941406,128.69586181640625
2014-10-14,154.191650390625,128.77493286132812
2014-10-15,153.1483612060547,127.39261627197266
2014-10-16,153.01687622070312,127.15559387207031
2014-10-17,154.82418823242188,129.10659790039062
2014-10-20,156.32748413085938,129.2646026611328
2014-10-21,159.42442321777344,130.96292114257812
2014-10-22,158.29080200195312,129.8412322998047
2014-10-23,160.13088989257812,131.476318359375
2014-10-24,161.3631134033203,132.49514770507812
2014-10-27,161.14129638671875,132.6057891845703
2014-10-28,162.98965454101562,134.0117645263672
2014-10-29,162.74322509765625,133.80642700195312
2014-10-30,163.78651428222656,135.54425048828125
2014-10-31,165.65943908691406,137.00546264648438
2014-11-03,165.7498321533203,136.93438720703125
2014-11-04,165.1748046875,137.01329040527344
2014-11-05,166.21807861328125,137.87428283691406
2014-11-06,166.88348388671875,138.45880126953125
2014-11-07,167.03956604003906,138.68797302246094
2014-11-10,167.56532287597656,138.98019409179688
2014-11-11,167.7296142578125,139.03550720214844
2014-11-12,167.54881286621094,139.05130004882812
2014-11-13,167.73785400390625,139.36727905273438
2014-11-14,167.7788543701172,139.296142578125
2014-11-17,167.8856964111328,139.40679931640625
2014-11-18,168.85504150390625,139.77801513671875
2014-11-19,168.5839080810547,139.75424194335938
2014-11-20,168.87969970703125,140.0070343017578
2014-11-21,169.78330993652344,140.7181396484375
2014-11-24,170.25975036621094,140.7973175048828
2014-11-25,170.13650512695312,140.92401123046875
2014-11-26,170.57191467285156,140.96351623535156
2014-11-28,170.21043395996094,141.03485107421875
2014-12-01,169.02752685546875,140.63897705078125
2014-12-02,170.1200714111328,141.399169921875
2014-12-03,170.77731323242188,141.7159881591797
2014-12-04,170.5883331298828,141.61297607421875
2014-12-05,170.8675994873047,142.15155029296875
2014-12-08,169.7257843017578,141.38330078125
2014-12-09,169.61073303222656,140.92401123046875
2014-12-10,166.8916778564453,138.80967712402344
2014-12-11,167.73785400390625,139.39569091796875
2014-12-12,165.02694702148438,136.996337890625
2014-12-15,163.89329528808594,136.03811645507812
2014-12-16,162.57891845703125,135.293701171875
2014-12-17,165.76626586914062,137.4634552001953
2014-12-18,169.8654327392578,140.78941345214844
2014-12-19,170.5881805419922,140.98233032226562
2014-12-22,171.3728790283203,142.33934020996094
2014-12-23,171.604248046875,142.87103271484375
2014-12-24,171.62071228027344,142.87103271484375
2014-12-26,172.17413330078125,142.99801635742188
2014-12-29,172.40542602539062,142.93446350097656
2014-12-30,171.48031616210938,142.418701171875
2014-12-31,169.77871704101562,141.16476440429688
2015-01-02,169.68780517578125,141.21241760253906
2015-01-05,166.6233367919922,138.75218200683594
2015-01-06,165.0539093017578,137.6015625
2015-01-07,167.11070251464844,139.3474578857422
2015-01-08,170.07603454589844,141.8632049560547
2015-01-09,168.71316528320312,140.64097595214844
2015-01-12,167.39157104492188,139.8633270263672
2015-01-13,166.92068481445312,139.65689086914062
2015-01-14,165.9130401611328,138.13319396972656
2015-01-15,164.39308166503906,137.33956909179688
2015-01-16,166.54898071289062,138.7359619140625
2015-01-20,166.90419006347656,138.91864013671875
2015-01-21,167.74671936035156,139.2760772705078
2015-01-22,170.24124145507812,141.3173370361328
2015-01-23,169.30784606933594,140.1179962158203
2015-01-26,169.704345703125,140.1895294189453
2015-01-27,167.4658660888672,137.87814331054688
2015-01-28,165.31817626953125,136.3928680419922
2015-01-29,166.84637451171875,138.12449645996094
2015-01-30,164.74827575683594,136.17837524414062
2015-02-02,166.7884979248047,137.6239471435547
2015-02-03,169.20050048828125,140.05445861816406
2015-02-04,168.55618286132812,140.21328735351562
2015-02-05,170.25775146484375,141.8177032470703
2015-02-06,169.7869873046875,141.4523162841797
2015-02-09,169.02706909179688,140.6580810546875
2015-02-10,170.82772827148438,141.78599548339844
2015-02-11,170.9268798828125,141.93698120117188
2015-02-12,172.5706329345703,142.8423309326172
2015-02-13,173.28106689453125,143.23948669433594
2015-02-17,173.55357360839844,143.42221069335938
2015-02-18,173.5701141357422,143.3427734375
2015-02-19,173.44622802734375,143.04092407226562
2015-02-20,174.4869842529297,144.2675018310547
2015-02-23,174.4622039794922,144.09230041503906
2015-02-24,174.95777893066406,144.88075256347656
2015-02-25,174.8091278076172,144.9205780029297
2015-02-26,174.60264587402344,144.96035766601562
2015-02-27,174.0078582763672,144.307373046875
2015-03-02,175.10650634765625,145.4939727783203
2015-03-03,174.38780212402344,144.84890747070312
2015-03-04,173.65269470214844,143.98080444335938
2015-03-05,173.8426971435547,144.2913360595703
2015-03-06,171.3977508544922,142.08523559570312
2015-03-09,172.10806274414062,143.2002410888672
2015-03-10,169.31613159179688,140.7233428955078
2015-03-11,168.919677734375,140.45248413085938
2015-03-12,171.06735229492188,142.53919982910156
2015-03-13,170.0182647705078,141.41622924804688
2015-03-16,172.28982543945312,143.18426513671875
2015-03-17,171.7776641845703,142.16490173339844
2015-03-18,173.8426971435547,143.9408416748047
2015-03-19,173.04969787597656,143.08871459960938
2015-03-20,174.57720947265625,144.37400817871094
2015-03-23,174.2370147705078,144.2862548828125
2015-03-24,173.2579803466797,143.47250366210938
2015-03-25,170.7191162109375,141.15086364746094
2015-03-26,170.3125762939453,140.79977416992188
2015-03-27,170.70249938964844,141.06307983398438
2015-03-30,172.78500366210938,143.12144470214844
2015-03-31,171.2750244140625,141.67739868164062
2015-04-01,170.66932678222656,141.00723266601562
2015-04-02,171.28329467773438,141.4779510498047
2015-04-06,172.4365997314453,142.48316955566406
2015-04-07,171.980224609375,142.34756469726562
2015-04-08,172.56105041503906,142.61077880859375
2015-04-09,173.3243865966797,143.12945556640625
2015-04-10,174.27017211914062,143.9032745361328
2015-04-13,173.4819793701172,143.3209228515625
2015-04-14,173.81385803222656,143.75177001953125
2015-04-15,174.59371948242188,144.31019592285156
2015-04-16,174.5439910888672,144.334228515625
2015-04-17,172.5361785888672,142.0572967529297
2015-04-20,174.11260986328125,143.7257537841797
2015-04-21,173.90516662597656,143.11106872558594
2015-04-22,174.75970458984375,143.74981689453125
2015-04-23,175.1995086669922,143.99720764160156
2015-04-24,175.6060333251953,144.13291931152344
2015-04-27,174.8759307861328,143.83755493164062
2015-04-28,175.43179321289062,144.37249755859375
2015-04-29,174.71002197265625,143.75775146484375
2015-04-30,172.95925903320312,142.24893188476562
2015-05-01,174.8343505859375,143.62208557128906
2015-05-04,175.3322296142578,144.0530548095703
2015-05-05,173.3243865966797,142.91146850585938
2015-05-06,172.6107940673828,142.41661071777344
2015-05-07,173.29946899414062,143.12710571289062
2015-05-08,175.5811767578125,145.1787872314453
2015-05-11,174.7431640625,144.56402587890625
2015-05-12,174.22044372558594,144.27676391601562
2015-05-13,174.2536163330078,144.30059814453125
2015-05-14,176.07070922851562,145.7296142578125
2015-05-15,176.26148986816406,146.0040740966797
2015-05-18,176.8091278076172,146.1640625
2015-05-19,176.7510223388672,146.36415100097656
2015-05-20,176.62655639648438,146.18821716308594
2015-05-21,177.14096069335938,146.25216674804688
2015-05-22,176.71788024902344,145.8280487060547
2015-05-26,174.81781005859375,144.3158416748047
2015-05-27,176.47726440429688,145.2360382080078
2015-05-28,176.27810668945312,145.0519256591797
2015-05-29,175.1829071044922,144.10775756835938
2015-06-01,175.5396728515625,144.33987426757812
2015-06-02,175.3654022216797,144.13980102539062
2015-06-03,175.8300323486328,144.72390747070312
2015-06-04,174.3448944091797,143.38772583007812
2015-06-05,174.0462188720703,142.81967163085938
2015-06-08,172.97589111328125,142.26756286621094
2015-06-09,172.95095825195312,142.18760681152344
2015-06-10,175.02520751953125,144.06787109375
2015-06-11,175.58938598632812,144.53192138671875
2015-06-12,174.24530029296875,143.32374572753906
2015-06-15,173.49856567382812,142.49960327148438
2015-06-16,174.44448852539062,143.38772583007812
2015-06-17,174.72653198242188,143.6038055419922
2015-06-18,176.54359436035156,145.08392333984375
2015-06-19,175.75985717773438,144.20944213867188
2015-06-22,176.6603240966797,145.14016723632812
2015-06-23,176.78536987304688,145.3004608154297
2015-06-24,175.5014190673828,143.9287567138672
2015-06-25,174.96780395507812,143.319091796875
2015-06-26,174.9344482421875,143.7041473388672
2015-06-29,171.26602172851562,140.9043731689453
2015-06-30,171.6245574951172,141.0487518310547
2015-07-01,173.00021362304688,142.3163299560547
2015-07-02,172.841796875,142.03543090820312
2015-07-06,172.3498992919922,141.73863220214844
2015-07-07,173.43377685546875,142.5007781982422
2015-07-08,170.52403259277344,140.39093017578125
2015-07-09,170.83248901367188,140.59950256347656
2015-07-10,172.98350524902344,142.32424926757812
2015-07-13,174.892822265625,144.08114624023438
2015-07-14,175.6514892578125,144.66673278808594
2015-07-15,175.59310913085938,144.67477416992188
2015-07-16,177.0021209716797,145.26052856445312
2015-07-17,177.1522216796875,144.972900390625
2015-07-20,177.24395751953125,145.0934295654297
2015-07-21,176.54359436035156,143.71226501464844
2015-07-22,176.22671508789062,143.17431640625
2015-07-23,175.23468017578125,142.2588653564453
2015-07-24,173.4170684814453,140.94189453125
2015-07-27,172.4082794189453,139.90597534179688
2015-07-28,174.52597045898438,141.41574096679688
2015-07-29,175.7265625,142.33912658691406
2015-07-30,175.76820373535156,142.30697631835938
2015-07-31,175.5014190673828,141.87342834472656
2015-08-03,174.90948486328125,141.12657165527344
2015-08-04,174.56759643554688,140.78131103515625
2015-08-05,175.1429443359375,140.81344604492188
2015-08-06,173.7088623046875,139.89801025390625
2015-08-07,173.37539672851562,139.59288024902344
2015-08-10,175.5598602294922,141.47999572753906
2015-08-11,173.9756622314453,139.8097381591797
2015-08-12,174.18411254882812,139.8900604248047
2015-08-13,173.9673614501953,139.97027587890625
2015-08-14,174.60098266601562,140.44407653808594
2015-08-17,175.576416015625,141.08653259277344
2015-08-18,175.06787109375,140.7893829345703
2015-08-19,173.6838836669922,139.51258850097656
2015-08-20,170.05712890625,136.68612670898438
2015-08-21,164.93792724609375,132.4485626220703
2015-08-24,157.992919921875,127.59078216552734
2015-08-25,156.13372802734375,126.06828308105469
2015-08-26,162.12826538085938,131.038818359375
2015-08-27,166.13853454589844,134.09201049804688
2015-08-28,166.14691162109375,133.9952850341797
2015-08-31,164.80455017089844,133.06886291503906
2015-09-01,159.88555908203125,129.26644897460938
2015-09-02,162.9203643798828,131.68324279785156
2015-09-03,163.0370635986328,131.8524627685547
2015-09-04,160.5691680908203,129.67730712890625
2015-09-08,164.6044158935547,132.8514404296875
2015-09-09,162.4033966064453,130.926025390625
2015-09-10,163.2871551513672,131.62692260742188
2015-09-11,164.0292205810547,132.43243408203125
2015-09-14,163.42056274414062,131.93313598632812
2015-09-15,165.46328735351562,133.8181610107422
2015-09-16,166.89723205566406,134.9459991455078
2015-09-17,166.52207946777344,134.3820343017578
2015-09-18,163.80087280273438,132.00730895996094
2015-09-21,164.6473388671875,133.10507202148438
2015-09-22,162.51023864746094,131.57147216796875
2015-09-23,162.25042724609375,131.2405242919922
2015-09-24,161.66375732421875,130.65931701660156
2015-09-25,161.62191772460938,131.4745330810547
2015-09-28,157.5655975341797,128.9802703857422
2015-09-29,157.6577911376953,129.3354949951172
2015-09-30,160.59942626953125,131.26466369628906
2015-10-01,161.0184783935547,131.1597900390625
2015-10-02,163.42372131347656,132.84671020507812
2015-10-05,166.33184814453125,135.26834106445312
2015-10-06,165.76194763183594,135.35708618164062
2015-10-07,167.11961364746094,136.37417602539062
2015-10-08,168.62818908691406,137.5203857421875
2015-10-09,168.7287139892578,137.83522033691406
2015-10-12,168.887939453125,138.16612243652344
2015-10-13,167.82359313964844,137.73838806152344
2015-10-14,167.01907348632812,136.47103881835938
2015-10-15,169.58364868164062,138.2871856689453
2015-10-16,170.3546142578125,138.80401611328125
2015-10-19,170.43838500976562,138.9979705810547
2015-10-20,170.220458984375,138.90904235839844
2015-10-21,169.16448974609375,138.48104858398438
2015-10-22,172.02235412597656,141.16217041015625
2015-10-23,173.90798950195312,142.43002319335938
2015-10-26,173.48062133789062,142.14736938476562
2015-10-27,173.1453399658203,141.8647003173828
2015-10-28,175.1147918701172,143.4879150390625
2015-10-29,175.01425170898438,143.24560546875
2015-10-30,174.2599639892578,142.52694702148438
2015-11-02,176.3216094970703,143.84323120117188
2015-11-03,176.83287048339844,144.6104278564453
2015-11-04,176.29644775390625,144.27130126953125
2015-11-05,176.12046813964844,144.26316833496094
2015-11-06,176.0283203125,144.6669158935547
2015-11-09,174.38571166992188,143.27786254882812
2015-11-10,174.78797912597656,143.56861877441406
2015-11-11,174.1007843017578,143.1083984375
2015-11-12,171.67034912109375,141.05715942382812
2015-11-13,169.74278259277344,139.3935546875
2015-11-16,172.3240509033203,141.33982849121094
2015-11-17,172.1983642578125,141.45286560058594
2015-11-18,174.930419921875,143.52825927734375
2015-11-19,174.77963256835938,143.47181701660156
2015-11-20,175.41651916503906,144.26004028320312
2015-11-23,175.21539306640625,144.00074768066406
2015-11-24,175.45005798339844,144.1952362060547
2015-11-25,175.42494201660156,144.15476989746094
2015-11-27,175.6260528564453,144.13046264648438
2015-11-30,174.8968963623047,143.58763122558594
2015-12-01,176.56471252441406,144.86773681640625
2015-12-02,174.76284790039062,143.6362762451172
2015-12-03,172.315673828125,141.6431884765625
2015-12-04,175.67633056640625,144.55174255371094
2015-12-07,174.61195373535156,143.67674255371094
2015-12-08,173.43870544433594,142.4046630859375
2015-12-09,172.08932495117188,141.77276611328125
2015-12-10,172.53355407714844,142.49388122558594
2015-12-11,169.1896209716797,139.9418182373047
2015-12-14,170.0444793701172,140.88970947265625
2015-12-15,171.82955932617188,142.1536407470703
2015-12-16,174.3437957763672,143.91976928710938
2015-12-17,171.6871337890625,141.86190795898438
2015-12-18,168.62847900390625,138.86378479003906
2015-12-21,170.01954650878906,139.8788604736328
2015-12-22,171.5623321533203,141.30812072753906
2015-12-23,173.6868133544922,142.76976013183594
2015-12-24,173.40020751953125,142.290771484375
2015-12-28,173.00393676757812,142.0958251953125
2015-12-29,174.85025024414062,143.71995544433594
2015-12-30,173.61099243164062,142.76173400878906
2015-12-31,171.874267578125,141.29190063476562
2016-01-04,169.47152709960938,139.09933471679688
2016-01-05,169.75820922851562,139.18052673339844
2016-01-06,167.61683654785156,137.19097900390625
2016-01-07,163.595458984375,133.95889282226562
2016-01-08,161.79971313476562,132.56216430664062
2016-01-11,161.95989990234375,133.04129028320312
2016-01-12,163.2666473388672,133.95082092285156
2016-01-13,159.1947021484375,131.02737426757812
2016-01-14,161.8081512451172,132.8463592529297
2016-01-15,158.3347625732422,129.7393798828125
2016-01-19,158.5455322265625,130.01551818847656
2016-01-20,156.5137176513672,128.05758666992188
2016-01-21,157.39053344726562,128.86184692382812
2016-01-22,160.6194305419922,130.64117431640625
2016-01-25,158.19139099121094,128.943115234375
2016-01-26,160.34963989257812,131.2505645751953
2016-01-27,158.60450744628906,129.43060302734375
2016-01-28,159.43075561523438,130.41358947753906
2016-01-29,163.31719970703125,133.54994201660156
2016-02-01,163.25820922851562,133.52554321289062
2016-02-02,160.31594848632812,131.14500427246094
2016-02-03,161.2770233154297,132.59933471679688
2016-02-04,161.5299072265625,133.36306762695312
2016-02-05,158.45277404785156,131.57557678222656
2016-02-08,156.31985473632812,130.28378295898438
2016-02-09,156.3282470703125,130.1944122314453
2016-02-10,156.1934356689453,129.5037078857422
2016-02-11,154.16163635253906,127.39936828613281
2016-02-12,157.3399200439453,129.98312377929688
2016-02-16,159.9955596923828,131.7869415283203
2016-02-17,162.60906982421875,134.00503540039062
2016-02-18,161.94305419921875,133.6719207763672
2016-02-19,161.86715698242188,133.50306701660156
2016-02-22,164.21087646484375,135.32981872558594
2016-02-23,162.13693237304688,133.8700714111328
2016-02-24,162.87884521484375,134.29400634765625
2016-02-25,164.85157775878906,136.06381225585938
2016-02-26,164.4722137451172,135.6071014404297
2016-02-29,163.18234252929688,134.53062438964844
2016-03-01,167.01824951171875,137.4339141845703
2016-03-02,167.76853942871094,137.73568725585938
2016-03-03,168.42613220214844,138.11073303222656
2016-03-04,168.9741668701172,138.65724182128906
2016-03-07,169.10902404785156,139.14649963378906
2016-03-08,167.26275634765625,138.3309783935547
2016-03-09,168.0889892578125,138.65724182128906
2016-03-10,168.22384643554688,138.68992614746094
2016-03-11,170.93844604492188,140.45956420898438
2016-03-14,170.7192840576172,140.6063995361328
2016-03-15,170.44107055664062,140.79383850097656
2016-03-16,171.4274139404297,141.47085571289062
2016-03-17,172.5150146484375,142.6696319580078
2016-03-18,173.19296264648438,143.589111328125
2016-03-21,173.43869018554688,143.85061645507812
2016-03-22,173.34539794921875,143.59727478027344
2016-03-23,172.2014617919922,142.86985778808594
2016-03-24,172.1251678466797,142.9761199951172
2016-03-28,172.2268829345703,143.123291015625
2016-03-29,173.820068359375,143.8997039794922
2016-03-30,174.58265686035156,144.56980895996094
2016-03-31,174.15895080566406,144.3655242919922
2016-04-01,175.3453826904297,145.24818420410156
2016-04-04,174.7775421142578,144.7578125
2016-04-05,173.03192138671875,143.6953887939453
2016-04-06,174.92166137695312,144.69236755371094
2016-04-07,172.82852172851562,143.26219177246094
2016-04-08,173.29464721679688,143.5645751953125
2016-04-11,172.8878936767578,143.38478088378906
2016-04-12,174.49789428710938,144.7332305908203
2016-04-13,176.260498046875,146.22891235351562
2016-04-14,176.2689971923828,146.38421630859375
2016-04-15,176.0740509033203,146.1388702392578
2016-04-18,177.31129455566406,147.03843688964844
2016-04-19,177.87059020996094,147.4801788330078
2016-04-20,178.04005432128906,147.83184814453125
2016-04-21,177.08250427246094,146.97312927246094
2016-04-22,177.08250427246094,147.13673400878906
2016-04-25,176.77745056152344,146.8422088623047
2016-04-26,177.04013061523438,146.9240264892578
2016-04-27,177.40452575683594,147.4229278564453
2016-04-28,175.79441833496094,145.74627685546875
2016-04-29,174.8453826904297,145.24734497070312
2016-05-02,176.235107421875,146.15516662597656
2016-05-03,174.70130920410156,145.0101318359375
2016-05-04,173.72674560546875,144.2086944580078
2016-05-05,173.6929168701172,144.3068389892578
2016-05-06,174.3284454345703,145.04287719726562
2016-05-09,174.4724884033203,144.74850463867188
2016-05-10,176.64186096191406,146.56417846679688
2016-05-11,174.9893798828125,145.0101318359375
2016-05-12,175.04025268554688,145.10829162597656
2016-05-13,173.51490783691406,143.52159118652344
2016-05-16,175.2266845703125,144.97747802734375
2016-05-17,173.59120178222656,143.5869903564453
2016-05-18,173.64205932617188,143.64431762695312
2016-05-19,173.0404052734375,142.86729431152344
2016-05-20,174.13356018066406,143.43536376953125
2016-05-23,173.89622497558594,143.45172119140625
2016-05-24,176.15037536621094,145.15884399414062
2016-05-25,177.34518432617188,146.32435607910156
2016-05-26,177.39605712890625,146.1602325439453
2016-05-27,178.15869140625,146.50486755371094
2016-05-31,177.8197479248047,145.80723571777344
2016-06-01,178.1841583251953,145.87294006347656
2016-06-02,178.7264862060547,146.32435607910156
2016-06-03,178.19259643554688,146.14369201660156
2016-06-06,179.09938049316406,147.06309509277344
2016-06-07,179.3789520263672,147.22714233398438
2016-06-08,179.96365356445312,147.78524780273438
2016-06-09,179.7179412841797,147.63755798339844
2016-06-10,178.0146026611328,146.67724609375
2016-06-13,176.64186096191406,145.56932067871094
2016-06-14,176.29440307617188,145.11781311035156
2016-06-15,176.04872131347656,144.9208526611328
2016-06-16,176.57406616210938,145.65133666992188
2016-06-17,175.91644287109375,145.17018127441406
2016-06-20,177.04940795898438,146.222900390625
2016-06-21,177.55194091796875,146.43666076660156
2016-06-22,177.26234436035156,146.03375244140625
2016-06-23,179.5707244873047,147.87591552734375
2016-06-24,173.1225128173828,142.78530883789062
2016-06-27,170.0219268798828,140.79505920410156
2016-06-28,173.08843994140625,142.94973754882812
2016-06-29,176.03570556640625,145.26889038085938
2016-06-30,178.43785095214844,147.20977783203125
2016-07-01,178.81260681152344,147.4646453857422
2016-07-05,177.5264129638672,146.56011962890625
2016-07-06,178.5911407470703,147.193359375
2016-07-07,178.4803924560547,147.0369873046875
2016-07-08,181.13812255859375,149.10137939453125
2016-07-11,181.77691650390625,149.77569580078125
2016-07-12,183.09722900390625,150.82017517089844
2016-07-13,183.0717010498047,150.99288940429688
2016-07-14,184.09385681152344,152.11134338378906
2016-07-15,183.84683227539062,152.15647888183594
2016-07-18,184.34091186523438,152.32115173339844
2016-07-19,184.1534881591797,152.6009063720703
2016-07-20,184.92015075683594,152.897216796875
2016-07-21,184.22171020507812,152.2388153076172
2016-07-22,185.04794311523438,152.6749725341797
2016-07-25,184.54531860351562,152.09893798828125
2016-07-26,184.63050842285156,151.9261016845703
2016-07-27,184.43463134765625,151.90968322753906
2016-07-28,184.64752197265625,151.7450714111328
2016-07-29,184.94564819335938,151.5392608642578
2016-08-01,184.79234313964844,151.32534790039062
2016-08-02,183.60833740234375,150.58460998535156
2016-08-03,184.1449737548828,150.90562438964844
2016-08-04,184.34091186523438,150.9796905517578
2016-08-05,185.8485870361328,152.46925354003906
2016-08-08,185.73788452148438,152.4857177734375
2016-08-09,185.8485870361328,152.54330444335938
2016-08-10,185.38861083984375,152.3541259765625
2016-08-11,186.24893188476562,153.32522583007812
2016-08-12,186.0871124267578,152.9960174560547
2016-08-15,186.6237335205078,153.50624084472656
2016-08-16,185.66122436523438,152.88079833984375
2016-08-17,186.01040649414062,153.16061401367188
2016-08-18,186.42784118652344,153.35812377929688
2016-08-19,186.1552276611328,153.0575714111328
2016-08-22,186.14674377441406,152.89236450195312
2016-08-23,186.5215301513672,153.04100036621094
2016-08-24,185.56747436523438,152.5123291015625
2016-08-25,185.4397430419922,152.2728729248047
2016-08-26,185.0904998779297,151.81861877441406
2016-08-29,186.00193786621094,152.65272521972656
2016-08-30,185.69529724121094,152.38861083984375
2016-08-31,185.1671905517578,151.91766357421875
2016-09-01,185.1756134033203,152.04995727539062
2016-09-02,186.01040649414062,152.67759704589844
2016-09-06,186.5726318359375,153.0575714111328
2016-09-07,186.5555877685547,153.0575714111328
2016-09-08,186.12973022460938,152.6446075439453
2016-09-09,181.67471313476562,149.4151611328125
2016-09-12,184.28128051757812,151.38919067382812
2016-09-13,181.6321258544922,149.3244171142578
2016-09-14,181.56398010253906,149.01873779296875
2016-09-15,183.37835693359375,150.5302734375
2016-09-16,182.6694793701172,149.7556610107422
2016-09-19,182.7036895751953,149.76397705078125
2016-09-20,182.71224975585938,149.82186889648438
2016-09-21,184.76695251464844,151.1542510986328
2016-09-22,185.9312744140625,151.98165893554688
2016-09-23,184.91250610351562,150.95555114746094
2016-09-26,183.41432189941406,149.5736541748047
2016-09-27,184.5529327392578,150.6080322265625
2016-09-28,185.46897888183594,151.51824951171875
2016-09-29,183.7909698486328,149.9625244140625
2016-09-30,185.1779022216797,151.25344848632812
2016-10-03,184.7327423095703,150.87278747558594
2016-10-04,183.7909698486328,150.17770385742188
2016-10-05,184.60430908203125,151.1542510986328
2016-10-06,184.7327423095703,151.03834533691406
2016-10-07,184.0991668701172,150.7900390625
2016-10-10,185.05807495117188,151.5347900390625
2016-10-11,182.72085571289062,149.94607543945312
2016-10-12,182.9605712890625,150.0867156982422
2016-10-13,182.36123657226562,149.6480712890625
2016-10-14,182.4554901123047,150.0204620361328
2016-10-17,181.82192993164062,149.548828125
2016-10-18,182.9605712890625,150.0867156982422
2016-10-19,183.4485321044922,150.6080322265625
2016-10-20,183.1061248779297,150.22732543945312
2016-10-21,183.19171142578125,150.11134338378906
2016-10-24,183.97076416015625,150.72433471679688
2016-10-25,183.35440063476562,150.3267364501953
2016-10-26,182.98623657226562,150.56689453125
2016-10-27,182.498291015625,150.3682098388672
2016-10-28,181.95889282226562,150.22735595703125
2016-10-31,181.96751403808594,150.06996154785156
2016-11-01,180.64903259277344,149.20013427734375
2016-11-02,179.56175231933594,148.56240844726562
2016-11-03,178.73992919921875,148.36367797851562
2016-11-04,178.54302978515625,148.0322723388672
2016-11-07,182.48114013671875,151.05563354492188
2016-11-08,183.302978515625,151.90057373046875
2016-11-09,185.2464141845703,154.03768920898438
2016-11-10,185.70864868164062,155.83523559570312
2016-11-11,185.2806396484375,156.11679077148438
2016-11-14,185.42620849609375,156.3653564453125
2016-11-15,186.87303161621094,156.8375244140625
2016-11-16,186.52195739746094,156.5393524169922
2016-11-17,187.4808807373047,156.8043670654297
2016-11-18,187.0614013671875,156.54934692382812
2016-11-21,188.4739227294922,157.2803497314453
2016-11-22,188.84205627441406,157.84523010253906
2016-11-23,188.94485473632812,158.3186492919922
2016-11-25,189.64682006835938,158.90843200683594
2016-11-28,188.75650024414062,158.47653198242188
2016-11-29,189.1246337890625,158.81712341308594
2016-11-30,188.67086791992188,158.99143981933594
2016-12-01,187.97735595703125,159.40689086914062
2016-12-02,188.0715789794922,159.27398681640625
2016-12-05,189.20162963867188,159.67269897460938
2016-12-06,189.8009033203125,159.8970184326172
2016-12-07,192.28367614746094,162.3806610107422
2016-12-08,192.7545166015625,163.04522705078125
2016-12-09,193.9188232421875,164.21646118164062
2016-12-12,193.69625854492188,164.54042053222656
2016-12-13,194.989013671875,165.49574279785156
2016-12-14,193.37953186035156,164.59027099609375
2016-12-15,194.17568969726562,165.0222930908203
2016-12-16,193.79588317871094,164.99066162109375
2016-12-19,194.21791076660156,165.33187866210938
2016-12-20,194.9671173095703,166.0145721435547
2016-12-21,194.42459106445312,165.79820251464844
2016-12-22,194.08871459960938,165.63990783691406
2016-12-23,194.37289428710938,165.70652770996094
2016-12-27,194.85516357421875,165.83981323242188
2016-12-28,193.24476623535156,164.8990020751953
2016-12-29,193.20169067382812,164.82415771484375
2016-12-30,192.4955291748047,164.42453002929688
2017-01-03,193.96815490722656,165.18214416503906
2017-01-04,195.12208557128906,165.78982543945312
2017-01-05,194.9671173095703,165.45684814453125
2017-01-06,195.6645965576172,166.0895233154297
2017-01-09,195.01881408691406,165.46514892578125
2017-01-10,195.01881408691406,165.16542053222656
2017-01-11,195.5699005126953,165.9396514892578
2017-01-12,195.0790557861328,165.45684814453125
2017-01-13,195.52684020996094,165.41514587402344
2017-01-17,194.8379364013672,164.90733337402344
2017-01-18,195.2685089111328,164.79080200195312
2017-01-19,194.54507446289062,164.23306274414062
2017-01-20,195.25987243652344,164.96047973632812
2017-01-23,194.75181579589844,164.81048583984375
2017-01-24,196.00051879882812,165.69378662109375
2017-01-25,197.6969757080078,167.0104217529297
2017-01-26,197.4902801513672,167.2604217529297
2017-01-27,197.1802978515625,167.18539428710938
2017-01-30,195.95745849609375,166.143798828125
2017-01-31,195.94021606445312,165.29380798339844
2017-02-01,196.0177459716797,165.5188751220703
2017-02-02,196.1468963623047,165.50218200683594
2017-02-03,197.49891662597656,166.97706604003906
2017-02-06,197.14585876464844,166.89373779296875
2017-02-07,197.1543731689453,167.143798828125
2017-02-08,197.4127655029297,167.08541870117188
2017-02-09,198.583984375,168.09368896484375
2017-02-10,199.36766052246094,168.94371032714844
2017-02-13,200.45266723632812,170.16030883789062
2017-02-14,201.25360107421875,170.9687042236328
2017-02-15,202.30421447753906,171.97694396972656
2017-02-16,202.13197326660156,172.06016540527344
2017-02-17,202.45057678222656,172.02767944335938
2017-02-21,203.65621948242188,173.0220489501953
2017-02-22,203.47537231445312,173.3395233154297
2017-02-23,203.61318969726562,173.648681640625
2017-02-24,203.87149047851562,173.74053955078125
2017-02-27,204.19009399414062,174.04147338867188
2017-02-28,203.6389617919922,173.7823944091797
2017-03-01,206.48948669433594,176.32249450683594
2017-03-02,205.1890869140625,175.37840270996094
2017-03-03,205.31825256347656,175.39508056640625
2017-03-06,204.70684814453125,175.0356903076172
2017-03-07,204.09544372558594,174.77670288085938
2017-03-08,203.71652221679688,174.3087921142578
2017-03-09,203.97488403320312,174.35894775390625
2017-03-10,204.6896514892578,174.75997924804688
2017-03-13,204.79296875,174.5845184326172
2017-03-14,204.0093231201172,174.2502899169922
2017-03-15,205.77467346191406,175.1192169189453
2017-03-16,205.369873046875,175.00222778320312
2017-03-17,205.00929260253906,174.85833740234375
2017-03-20,204.78439331054688,174.81646728515625
2017-03-21,202.1550750732422,172.75697326660156
2017-03-22,202.63075256347656,172.8071746826172
2017-03-23,202.41456604003906,172.72341918945312
2017-03-24,202.2675323486328,172.2545623779297
2017-03-27,202.0599365234375,171.81932067871094
2017-03-28,203.53025817871094,173.09176635742188
2017-03-29,203.7205352783203,172.72341918945312
2017-03-30,204.3692169189453,173.26763916015625
2017-03-31,203.89353942871094,172.74856567382812
2017-04-03,203.53892517089844,172.67323303222656
2017-04-04,203.66867065429688,173.0081024169922
2017-04-05,203.063232421875,172.68154907226562
2017-04-06,203.634033203125,172.84066772460938
2017-04-07,203.42645263671875,172.78204345703125
2017-04-10,203.54759216308594,172.7903594970703
2017-04-11,203.30535888671875,172.7401885986328
2017-04-12,202.41456604003906,172.18765258789062
2017-04-13,201.09991455078125,171.09921264648438
2017-04-17,202.88160705566406,172.606201171875
2017-04-18,202.2761688232422,171.69366455078125
2017-04-19,201.904296875,170.663818359375
2017-04-20,203.54759216308594,172.21267700195312
2017-04-21,202.8988494873047,171.98812866210938
2017-04-24,205.13035583496094,173.77304077148438
2017-04-25,206.3239288330078,175.70025634765625
2017-04-26,206.1941375732422,175.5242919921875
2017-04-27,206.36715698242188,175.59971618652344
2017-04-28,205.9174346923828,175.1974639892578
2017-05-01,206.4363555908203,175.06338500976562
2017-05-02,206.51419067382812,175.23941040039062
2017-05-03,206.26336669921875,175.31483459472656
2017-05-04,206.50555419921875,175.2896270751953
2017-05-05,207.31857299804688,175.77569580078125
2017-05-08,207.28399658203125,175.90135192871094
2017-05-09,207.0936737060547,175.64996337890625
2017-05-10,207.465576171875,175.53268432617188
2017-05-11,207.0417938232422,175.3651580810547
2017-05-12,206.69581604003906,175.1388397216797
2017-05-15,207.83749389648438,175.90980529785156
2017-05-16,207.64723205566406,175.926513671875
2017-05-17,203.96273803710938,173.01046752929688
2017-05-18,204.78439331054688,173.42103576660156
2017-05-19,206.1163787841797,174.6127471923828
2017-05-22,207.1628875732422,175.35235595703125
2017-05-23,207.62124633789062,175.7473602294922
2017-05-24,208.10565185546875,176.33558654785156
2017-05-25,209.10025024414062,176.97427368164062
2017-05-26,209.05703735351562,176.94078063964844
2017-05-30,208.87539672851562,176.6633758544922
2017-05-31,208.82350158691406,176.48696899414062
2017-06-01,210.484130859375,177.66339111328125
2017-06-02,211.18470764160156,178.092041015625
2017-06-05,211.0289764404297,178.05007934570312
2017-06-06,210.3544158935547,177.6382598876953
2017-06-07,210.74359130859375,177.9324188232422
2017-06-08,210.8473663330078,178.05007934570312
2017-06-09,210.52740478515625,178.73072814941406
2017-06-12,210.484130859375,178.50387573242188
2017-06-13,211.51336669921875,179.3190460205078
2017-06-14,211.2452392578125,179.71409606933594
2017-06-15,210.83876037597656,179.58798217773438
2017-06-16,210.8848114013672,179.8102264404297
2017-06-19,212.6404571533203,180.9553985595703
2017-06-20,211.20632934570312,180.517578125
2017-06-21,211.15423583984375,180.08807373046875
2017-06-22,211.05865478515625,179.95343017578125
2017-06-23,211.31069946289062,179.9618682861328
2017-06-26,211.44976806640625,180.07139587402344
2017-06-27,209.7462615966797,179.2798309326172
2017-06-28,211.6235809326172,180.38287353515625
2017-06-29,209.76370239257812,179.0104217529297
2017-06-30,210.15475463867188,179.54092407226562
2017-07-03,210.51107788085938,180.59336853027344
2017-07-05,210.99778747558594,180.669189453125
2017-07-06,209.06838989257812,179.4566650390625
2017-07-07,210.42416381835938,180.22291564941406
2017-07-10,210.650146484375,180.17234802246094
2017-07-11,210.49368286132812,180.16392517089844
2017-07-12,212.0754852294922,181.2162628173828
2017-07-13,212.4318389892578,181.41004943847656
2017-07-14,213.42263793945312,182.08360290527344
2017-07-17,213.39659118652344,182.04991149902344
2017-07-18,213.50949096679688,181.61207580566406
2017-07-19,214.66554260253906,182.1342010498047
2017-07-20,214.7611083984375,182.02467346191406
2017-07-21,214.56993103027344,181.66726684570312
2017-07-24,214.517822265625,181.29640197753906
2017-07-25,215.03927612304688,181.9454803466797
2017-07-26,215.04791259765625,182.7462615966797
2017-07-27,214.84805297851562,183.51318359375
2017-07-28,214.59593200683594,183.76608276367188
2017-07-31,214.47430419921875,184.3392791748047
2017-08-01,214.95240783691406,184.90402221679688
2017-08-02,215.05661010742188,185.34230041503906
2017-08-03,214.63946533203125,185.4856414794922
2017-08-04,215.03053283691406,185.91546630859375
2017-08-07,215.4303436279297,186.15142822265625
2017-08-08,214.90011596679688,186.01658630371094
2017-08-09,214.89144897460938,185.8564453125
2017-08-10,211.85826110839844,184.25491333007812
2017-08-11,212.17111206054688,184.3392791748047
2017-08-14,214.27439880371094,185.4097137451172
2017-08-15,214.2483367919922,185.5699005126953
2017-08-16,214.62203979492188,185.83114624023438
2017-08-17,211.27589416503906,183.5890655517578
2017-08-18,210.9456329345703,182.95449829101562
2017-08-21,211.1107940673828,183.13189697265625
2017-08-22,213.318359375,184.77960205078125
2017-08-23,212.55352783203125,184.12899780273438
2017-08-24,212.05809020996094,183.9093017578125
2017-08-25,212.55352783203125,184.23043823242188
2017-08-28,212.5622100830078,184.14588928222656
2017-08-29,212.8055877685547,184.69505310058594
2017-08-30,213.81375122070312,184.98240661621094
2017-08-31,215.10009765625,185.48086547851562
2017-09-01,215.40428161621094,185.81883239746094
2017-09-05,213.85723876953125,183.917724609375
2017-09-06,214.58726501464844,184.4077911376953
2017-09-07,214.56121826171875,184.28948974609375
2017-09-08,214.30917358398438,184.39939880371094
2017-09-11,216.5950469970703,186.52862548828125
2017-09-12,217.3250274658203,187.0862579345703
2017-09-13,217.42935180664062,187.37356567382812
2017-09-14,217.35983276367188,187.8467254638672
2017-09-15,217.65237426757812,188.34451293945312
2017-09-18,218.11534118652344,188.94569396972656
2017-09-19,218.3336944580078,189.30125427246094
2017-09-20,218.41232299804688,189.57228088378906
2017-09-21,217.8270721435547,189.2082061767578
2017-09-22,217.87081909179688,188.9796142578125
2017-09-25,217.42530822753906,188.6578369140625
2017-09-26,217.55633544921875,188.54779052734375
2017-09-27,218.40357971191406,188.9118194580078
2017-09-28,218.6656494140625,189.3182830810547
2017-09-29,219.4342803955078,189.50450134277344
2017-10-02,220.38629150390625,190.70681762695312
2017-10-03,220.85787963867188,191.5535430908203
2017-10-04,221.12001037597656,191.69747924804688
2017-10-05,222.43016052246094,192.73886108398438
2017-10-06,222.1768341064453,192.66262817382812
2017-10-09,221.8100128173828,192.645751953125
2017-10-10,222.3951873779297,193.2637481689453
2017-10-11,222.7445526123047,193.56016540527344
2017-10-12,222.4126434326172,193.3230743408203
2017-10-13,222.68344116210938,193.6616973876953
2017-10-16,222.9803466796875,194.27137756347656
2017-10-17,223.1376190185547,194.60997009277344
2017-10-18,223.35595703125,195.97323608398438
2017-10-19,223.41709899902344,196.13406372070312
2017-10-20,224.5699920654297,197.54319763183594
2017-10-23,223.69654846191406,197.13648986816406
2017-10-24,224.08966064453125,198.52613830566406
2017-10-25,222.9803466796875,197.56861877441406
2017-10-26,223.2686004638672,198.1533660888672
2017-10-27,225.09408569335938,198.42445373535156
2017-10-30,224.25564575195312,197.7127227783203
2017-10-31,224.60494995117188,197.9668731689453
2017-11-01,224.9019317626953,198.4413604736328
2017-11-02,224.98931884765625,199.0938262939453
2017-11-03,225.740478515625,199.2802734375
2017-11-06,226.08984375,199.4751739501953
2017-11-07,225.93264770507812,199.48367309570312
2017-11-08,226.3169403076172,199.5175323486328
2017-11-09,225.49594116210938,198.89047241210938
2017-11-10,225.42599487304688,198.6447296142578
2017-11-13,225.63565063476562,198.8396453857422
2017-11-14,225.11158752441406,198.5176544189453
2017-11-15,223.98484802246094,197.3991241455078
2017-11-16,225.88893127441406,199.05145263671875
2017-11-17,225.22511291503906,198.2378692626953
2017-11-20,225.60943603515625,198.88331604003906
2017-11-21,227.08554077148438,200.22537231445312
2017-11-22,226.88467407226562,199.7495880126953
2017-11-24,227.40869140625,200.0045623779297
2017-11-27,227.29522705078125,200.22537231445312
2017-11-28,229.6010284423828,202.44223022460938
2017-11-29,229.46127319335938,203.35946655273438
2017-11-30,231.47023010253906,206.26441955566406
2017-12-01,230.98980712890625,205.93319702148438
2017-12-04,230.71034240722656,206.49375915527344
2017-12-05,229.88055419921875,205.55938720703125
2017-12-06,229.9242401123047,205.22824096679688
2017-12-07,230.64923095703125,205.8567352294922
2017-12-08,231.9069366455078,206.92697143554688
2017-12-11,232.60572814941406,207.39414978027344
2017-12-12,233.01622009277344,208.472900390625
2017-12-13,232.99002075195312,209.20335388183594
2017-12-14,232.0380096435547,208.58323669433594
2017-12-15,233.9702911376953,209.6397705078125
2017-12-18,235.45387268066406,210.95083618164062
2017-12-19,234.5496826171875,210.6187744140625
2017-12-20,234.42674255371094,210.3378143310547
2017-12-21,234.9095458984375,210.8401336669922
2017-12-22,234.84820556640625,210.6187744140625
2017-12-26,234.5672149658203,210.49110412597656
2017-12-27,234.68133544921875,210.68690490722656
2017-12-28,235.16415405273438,211.24021911621094
2017-12-29,234.2775421142578,210.60179138183594
2018-01-02,235.95428466796875,211.14666748046875
2018-01-03,237.44679260253906,211.93833923339844
2018-01-04,238.44757080078125,213.34307861328125
2018-01-05,240.03659057617188,215.14791870117188
2018-01-08,240.4755096435547,215.03717041015625
2018-01-09,241.0198211669922,216.08436584472656
2018-01-10,240.65110778808594,215.9141387939453
2018-01-11,242.4069061279297,217.6082000732422
2018-01-12,243.987060546875,219.56625366210938
2018-01-16,243.15318298339844,219.48114013671875
2018-01-17,245.47071838378906,222.26492309570312
2018-01-18,245.05828857421875,221.48165893554688
2018-01-19,246.1731414794922,221.9281463623047
2018-01-22,248.17469787597656,223.15472412109375
2018-01-23,248.70147705078125,223.06103515625
2018-01-24,248.60488891601562,223.65719604492188
2018-01-25,248.71023559570312,224.66241455078125
2018-01-26,251.5897674560547,226.5022735595703
2018-01-29,249.92169189453125,225.01171875
2018-01-30,247.35824584960938,221.99620056152344
2018-01-31,247.4811248779297,222.69476318359375
2018-02-01,247.2002410888672,222.8480682373047
2018-02-02,241.81871032714844,217.1494903564453
2018-02-05,231.70523071289062,207.21749877929688
2018-02-06,236.2703399658203,212.0642852783203
2018-02-07,234.9885711669922,211.89382934570312
2018-02-08,226.17442321777344,203.2991943359375
2018-02-09,229.5718994140625,206.1612548828125
2018-02-12,232.943115234375,209.68775939941406
2018-02-13,233.52243041992188,210.0283966064453
2018-02-14,236.6741485595703,212.3538360595703
2018-02-15,239.6941680908203,215.07962036132812
2018-02-16,239.7644500732422,215.1692657470703
2018-02-20,238.26316833496094,212.9404754638672
2018-02-21,237.07806396484375,211.54843139648438
2018-02-22,237.3852081298828,213.05995178222656
2018-02-23,241.1690673828125,215.9805450439453
2018-02-26,243.969482421875,219.40516662597656
2018-02-27,240.9231719970703,216.8772735595703
2018-02-28,238.48260498046875,213.66629028320312
2018-03-01,235.0149688720703,210.06248474121094
2018-03-02,236.2264404296875,209.5244598388672
2018-03-05,238.9567108154297,212.5048370361328
2018-03-06,239.56246948242188,212.5048370361328
2018-03-07,239.4746551513672,211.88153076171875
2018-03-08,240.6334991455078,212.76107788085938
2018-03-09,244.82113647460938,216.53570556640625
2018-03-12,244.51377868652344,215.1692657470703
2018-03-13,242.93365478515625,213.68338012695312
2018-03-14,241.6869354248047,211.68502807617188
2018-03-15,241.42372131347656,212.64154052734375
2018-03-16,241.68545532226562,213.11549377441406
2018-03-19,238.41539001464844,210.3863067626953
2018-03-20,238.8208770751953,211.40435791015625
2018-03-21,238.3624725341797,210.99378967285156
2018-03-22,232.40403747558594,204.7825164794922
2018-03-23,227.450439453125,201.16357421875
2018-03-26,233.67330932617188,206.88717651367188
2018-03-27,229.6981201171875,203.8671112060547
2018-03-28,229.01939392089844,203.85845947265625
2018-03-29,231.94570922851562,206.52777099609375
2018-04-02,226.93927001953125,202.03614807128906
2018-04-03,229.84793090820312,205.45834350585938
2018-04-04,232.30709838867188,207.43467712402344
2018-04-05,234.14044189453125,209.53079223632812
2018-04-06,228.9224853515625,204.5857696533203
2018-04-09,230.05067443847656,205.0990753173828
2018-04-10,233.70855712890625,208.76071166992188
2018-04-11,232.4834442138672,206.93849182128906
2018-04-12,234.39613342285156,209.4451904296875
2018-04-13,233.70855712890625,208.3928985595703
2018-04-16,235.63002014160156,210.1382293701172
2018-04-17,238.15090942382812,212.00328063964844
2018-04-18,238.32725524902344,211.6439666748047
2018-04-19,237.0050811767578,210.9510040283203
2018-04-20,234.99549865722656,209.27499389648438
2018-04-23,234.96014404296875,209.16368103027344
2018-04-24,231.7958984375,205.5170135498047
2018-04-25,232.36883544921875,206.0392608642578
2018-04-26,234.73104858398438,208.1107635498047
2018-04-27,234.9513702392578,207.96524047851562
2018-04-30,233.1444854736328,206.75823974609375
2018-05-01,233.55873107910156,206.0906982421875
2018-05-02,231.9898223876953,204.67822265625
2018-05-03,231.47857666015625,204.66966247558594
2018-05-04,234.4753875732422,207.59713745117188
2018-05-07,235.26869201660156,208.3676300048828
2018-05-08,235.26869201660156,208.3676300048828
2018-05-09,237.54273986816406,210.0624542236328
2018-05-10,239.76390075683594,211.82583618164062
2018-05-11,240.4955596923828,212.75030517578125
2018-05-14,240.6101531982422,213.3750762939453
2018-05-15,238.95306396484375,211.6973876953125
2018-05-16,239.9578094482422,212.26239013671875
2018-05-17,239.7550811767578,212.06552124023438
2018-05-18,239.15565490722656,212.028564453125
2018-05-21,240.953857421875,214.55223083496094
2018-05-22,240.28399658203125,213.0415496826172
2018-05-23,240.94503784179688,213.42782592773438
2018-05-24,240.4514617919922,212.80975341796875
2018-05-25,239.87855529785156,212.34620666503906
2018-05-29,237.1196746826172,208.9812469482422
2018-05-30,240.28399658203125,211.77108764648438
2018-05-31,238.81199645996094,209.6078338623047
2018-06-01,241.1565399169922,211.4791717529297
2018-06-04,242.30247497558594,213.05865478515625
2018-06-05,242.47874450683594,213.0157470703125
2018-06-06,244.50592041015625,215.9086456298828
2018-06-07,244.4794921875,216.77569580078125
2018-06-08,245.20236206054688,217.41085815429688
2018-06-11,245.52841186523438,217.51394653320312
2018-06-12,245.8457489013672,217.4365234375
2018-06-13,245.06121826171875,216.4751434326172
2018-06-14,245.67825317382812,216.31207275390625
2018-06-15,245.3648223876953,215.5607147216797
2018-06-18,244.8602294921875,214.6923828125
2018-06-19,243.9217071533203,212.2422637939453
2018-06-20,244.33782958984375,211.88116455078125
2018-06-21,242.8060760498047,210.1962127685547
2018-06-22,243.2487335205078,211.21923828125
2018-06-25,239.9374542236328,208.31341552734375
2018-06-26,240.46868896484375,208.62290954589844
2018-06-27,238.47662353515625,207.29037475585938
2018-06-28,239.84005737304688,208.11573791503906
2018-06-29,240.18536376953125,208.6745147705078
2018-07-02,240.69891357421875,208.6745147705078
2018-07-03,239.84893798828125,207.75462341308594
2018-07-05,241.80563354492188,209.37945556640625
2018-07-06,243.85089111328125,210.28208923339844
2018-07-09,246.04653930664062,213.06752014160156
2018-07-10,246.93194580078125,214.26258850097656
2018-07-11,245.1258544921875,212.4141845703125
2018-07-12,247.34805297851562,214.32269287109375
2018-07-13,247.54287719726562,215.09646606445312
2018-07-16,247.321533203125,215.50048828125
2018-07-17,248.32200622558594,216.0248565673828
2018-07-18,248.8444061279297,216.669677734375
2018-07-19,247.9059295654297,215.60365295410156
2018-07-20,247.6224822998047,215.57614135742188
2018-07-23,248.0829620361328,215.42124938964844
2018-07-24,249.3312530517578,217.09979248046875
2018-07-25,251.45620727539062,218.6577606201172
2018-07-26,250.86305236816406,219.60458374023438
2018-07-27,249.16319274902344,218.86436462402344
2018-07-30,247.8616485595703,217.66787719726562
2018-07-31,249.0833740234375,218.78689575195312
2018-08-01,248.66732788085938,217.87452697753906
2018-08-02,250.02200317382812,217.8657989501953
2018-08-03,251.09329223632812,218.97622680664062
2018-08-06,252.01400756835938,219.37222290039062
2018-08-07,252.84625244140625,220.4653778076172
2018-08-08,252.74009704589844,220.034912109375
2018-08-09,252.3946990966797,219.63909912109375
2018-08-10,250.70372009277344,218.03797912597656
2018-08-13,249.76516723632812,216.953369140625
2018-08-14,251.35885620117188,217.96047973632812
2018-08-15,249.48182678222656,216.71237182617188
2018-08-16,251.50047302246094,220.31051635742188
2018-08-17,252.3858184814453,221.26625061035156
2018-08-20,252.92599487304688,222.05979919433594
2018-08-21,253.51910400390625,222.61187744140625
2018-08-22,253.36868286132812,221.84420776367188
2018-08-23,253.03219604492188,221.2489776611328
2018-08-24,254.5550537109375,222.422119140625
2018-08-27,256.5648498535156,224.7770233154297
2018-08-28,256.688720703125,224.8287811279297
2018-08-29,258.0699768066406,225.42398071289062
2018-08-30,257.0252990722656,224.28541564941406
2018-08-31,257.0340881347656,224.14743041992188
2018-09-04,256.5914611816406,224.04380798339844
2018-09-05,255.9008026123047,224.20770263671875
2018-09-06,255.1306610107422,224.52691650390625
2018-09-07,254.63479614257812,223.87986755371094
2018-09-10,255.0774383544922,223.36233520507812
2018-09-11,255.91854858398438,224.3025665283203
2018-09-12,255.98048400878906,224.4923553466797
2018-09-13,257.4945068359375,225.81214904785156
2018-09-14,257.5388488769531,225.90713500976562
2018-09-17,256.17529296875,225.12210083007812
2018-09-18,257.5654296875,226.78697204589844
2018-09-19,257.8397521972656,228.08946228027344
2018-09-20,259.9293212890625,230.34947204589844
2018-09-21,259.69189453125,230.89048767089844
2018-09-24,258.8290710449219,229.42108154296875
2018-09-25,258.589111328125,228.82470703125
2018-09-26,257.8152770996094,228.0035858154297
2018-09-27,258.53564453125,228.4097442626953
2018-09-28,258.5622863769531,228.5394287109375
2018-10-01,259.4606018066406,230.553466796875
2018-10-02,259.30938720703125,231.2795867919922
2018-10-03,259.45172119140625,231.60792541503906
2018-10-04,257.42388916015625,230.13853454589844
2018-10-05,255.98306274414062,228.47030639648438
2018-10-08,255.98306274414062,228.9110870361328
2018-10-09,255.60948181152344,228.39251708984375
2018-10-10,247.51617431640625,221.33062744140625
2018-10-11,242.064208984375,216.3258056640625
2018-10-12,245.4261016845703,218.94496154785156
2018-10-15,244.0474853515625,218.11508178710938
2018-10-16,249.38385009765625,222.9383087158203
2018-10-17,249.42832946777344,222.1172332763672
2018-10-18,245.8262481689453,219.27342224121094
2018-10-19,245.69297790527344,219.96107482910156
2018-10-22,244.58999633789062,218.85394287109375
2018-10-23,243.34486389160156,217.66903686523438
2018-10-24,235.97189331054688,212.45364379882812
2018-10-25,240.20535278320312,216.02578735351562
2018-10-26,235.9807891845703,213.22341918945312
2018-10-29,234.67340087890625,211.4418487548828
2018-10-30,238.15089416503906,215.10031127929688
2018-10-31,240.69454956054688,217.2538604736328
2018-11-01,243.2560272216797,219.45071411132812
2018-11-02,241.8152313232422,218.35231018066406
2018-11-05,243.14927673339844,220.099365234375
2018-11-06,244.68788146972656,221.61294555664062
2018-11-07,249.92649841308594,226.4131317138672
2018-11-08,249.47274780273438,226.68984985351562
2018-11-09,247.03585815429688,224.95144653320312
2018-11-12,242.41995239257812,219.87451171875
2018-11-13,241.96640014648438,218.8712158203125
2018-11-14,240.31219482421875,217.01165771484375
2018-11-15,242.8202362060547,219.00962829589844
2018-11-16,243.45167541503906,220.25018310546875
2018-11-19,239.3337860107422,216.61770629882812
2018-11-20,234.90463256835938,211.9708251953125
2018-11-21,235.70506286621094,212.1008758544922
2018-11-23,234.13082885742188,210.50552368164062
2018-11-26,237.91073608398438,213.609375
2018-11-27,238.71119689941406,214.57162475585938
2018-11-28,244.20765686035156,220.06814575195312
2018-11-29,243.67401123046875,219.85142517089844
2018-11-30,245.1592559814453,221.51596069335938
2018-12-03,248.40557861328125,224.3076171875
2018-12-04,240.3565216064453,217.37193298339844
2018-12-06,239.9918975830078,216.4962615966797
2018-12-07,234.41546630859375,211.80613708496094
2018-12-10,234.86021423339844,212.1528778076172
2018-12-11,234.91354370117188,211.73672485351562
2018-12-12,236.09642028808594,213.16720581054688
2018-12-13,236.01644897460938,213.50534057617188
2018-12-14,231.65843200683594,209.30056762695312
2018-12-17,227.11361694335938,204.97445678710938
2018-12-18,226.8645477294922,205.78073120117188
2018-12-19,223.4671173095703,202.36492919921875
2018-12-20,219.82957458496094,198.43756103515625
2018-12-21,215.3253631591797,194.80044555664062
2018-12-24,209.6358184814453,189.59339904785156
2018-12-26,220.2276153564453,198.81671142578125
2018-12-27,221.91839599609375,201.0333251953125
2018-12-28,221.6321258544922,200.35525512695312
2018-12-31,223.57334899902344,202.71975708007812
2019-01-02,223.8059539794922,202.85885620117188
2019-01-03,218.46531677246094,197.0867919921875
2019-01-04,225.78297424316406,203.6585693359375
2019-01-07,227.563232421875,204.597412109375
2019-01-08,229.70126342773438,206.82284545898438
2019-01-09,230.7747344970703,207.69215393066406
2019-01-10,231.5887908935547,208.63099670410156
2019-01-11,231.6782684326172,208.5266876220703
2019-01-14,230.26483154296875,207.70956420898438
2019-01-15,232.90386962890625,209.18728637695312
2019-01-16,233.4674072265625,210.24783325195312
2019-01-17,235.23866271972656,211.9342498779297
2019-01-18,238.3697052001953,214.9128875732422
2019-01-22,235.14920043945312,212.25962829589844
2019-01-23,235.64120483398438,213.75595092773438
2019-01-24,235.76646423339844,213.5384063720703
2019-01-25,237.76148986816406,215.2086639404297
2019-01-28,235.9544219970703,213.216552734375
2019-01-29,235.64120483398438,213.7471923828125
2019-01-30,239.37161254882812,217.63571166992188
2019-01-31,241.47398376464844,217.58349609375
2019-02-01,241.59024047851562,217.896728515625
2019-02-04,243.28990173339844,219.497314453125
2019-02-05,244.30982971191406,220.92404174804688
2019-02-06,243.98764038085938,220.84571838378906
2019-02-07,241.66177368164062,219.13204956054688
2019-02-08,241.9569549560547,218.6275177001953
2019-02-11,242.0911865234375,218.29684448242188
2019-02-12,245.20436096191406,221.4198455810547
2019-02-13,246.00050354003906,222.52468872070312
2019-02-14,245.4547882080078,221.96791076660156
2019-02-15,248.12962341308594,225.62109375
2019-02-19,248.55899047851562,225.76068115234375
2019-02-20,249.05992126464844,226.3626251220703
2019-02-21,248.17433166503906,225.51651000976562
2019-02-22,249.71299743652344,226.94703674316406
2019-02-25,250.05291748046875,227.5751190185547
2019-02-26,249.87408447265625,227.26980590820312
2019-02-27,249.76669311523438,226.68536376953125
2019-02-28,249.30149841308594,226.17066955566406
2019-03-01,250.85812377929688,227.16517639160156
2019-03-04,249.94557189941406,225.29837036132812
2019-03-05,249.60562133789062,225.21987915039062
2019-03-06,248.09375,224.06842041015625
2019-03-07,246.0183563232422,222.27145385742188
2019-03-08,245.5263214111328,222.18426513671875
2019-03-11,249.08680725097656,223.97250366210938
2019-03-12,250.0260467529297,223.1874542236328
2019-03-13,251.6811065673828,224.48719787597656
2019-03-14,251.52005004882812,224.65283203125
2019-03-15,252.76278686523438,225.82864379882812
2019-03-18,253.67919921875,226.39674377441406
2019-03-19,253.74205017089844,226.3006591796875
2019-03-20,252.97836303710938,224.91073608398438
2019-03-21,255.8356475830078,226.9125213623047
2019-03-22,250.91175842285156,222.87391662597656
2019-03-25,250.72299194335938,222.97015380859375
2019-03-26,252.59194946289062,224.18515014648438
2019-03-27,251.27105712890625,223.87924194335938
2019-03-28,252.2235565185547,224.72718811035156
2019-03-29,253.81398010253906,226.51918029785156
2019-04-01,256.8240051269531,229.36900329589844
2019-04-02,256.9497985839844,228.75704956054688
2019-04-03,257.35418701171875,229.02796936035156
2019-04-04,258.0369873046875,230.58404541015625
2019-04-05,259.2860412597656,230.9162139892578
2019-04-08,259.48358154296875,230.09451293945312
2019-04-09,258.1538391113281,228.5997772216797
2019-04-10,259.03436279296875,228.67843627929688
2019-04-11,258.96240234375,228.5035400390625
2019-04-12,260.7145690917969,230.8375244140625
2019-04-15,260.5439453125,230.61019897460938
2019-04-16,260.7145690917969,231.23948669433594
2019-04-17,260.07666015625,231.23948669433594
2019-04-18,260.5888366699219,232.2787628173828
2019-04-22,260.8135070800781,231.85018920898438
2019-04-23,263.15863037109375,233.08346557617188
2019-04-24,262.5744323730469,232.59365844726562
2019-04-25,262.41278076171875,231.3777618408203
2019-04-26,263.634765625,232.08633422851562
2019-04-29,264.0480041503906,232.17373657226562
2019-04-30,264.182861328125,232.4798583984375
2019-05-01,262.1971740722656,231.04544067382812
2019-05-02,261.6310119628906,229.93458557128906
2019-05-03,264.19195556640625,231.76268005371094
2019-05-06,263.1046142578125,231.15042114257812
2019-05-07,258.71087646484375,226.99569702148438
2019-05-08,258.3515319824219,227.11805725097656
2019-05-09,257.56982421875,226.05099487304688
2019-05-10,258.8636779785156,227.34547424316406
2019-05-13,252.35841369628906,221.70396423339844
2019-05-14,254.64056396484375,223.75062561035156
2019-05-15,256.13214111328125,224.72158813476562
2019-05-16,258.5042419433594,226.68080139160156
2019-05-17,256.8330078125,225.73727416992188
2019-05-20,255.13487243652344,225.06216430664062
2019-05-21,257.43505859375,226.9035186767578
2019-05-22,256.644287109375,225.87767028808594
2019-05-23,253.5084686279297,223.38735961914062
2019-05-24,254.08358764648438,224.57986450195312
2019-05-28,251.72042846679688,222.25619506835938
2019-05-29,250.03123474121094,220.32713317871094
2019-05-30,250.71408081054688,220.85325622558594
2019-05-31,247.33563232421875,217.65272521972656
2019-06-03,246.70668029785156,217.89830017089844
2019-06-04,252.06192016601562,222.41404724121094
2019-06-05,254.24525451660156,224.23793029785156
2019-06-06,255.89857482910156,225.98281860351562
2019-06-07,258.4592590332031,228.20132446289062
2019-06-10,259.6453552246094,228.85012817382812
2019-06-11,259.5824279785156,228.75376892089844
2019-06-12,259.1241760253906,228.376708984375
2019-06-13,260.1934509277344,229.3499755859375
2019-06-14,259.9059753417969,229.3061065673828
2019-06-17,260.0046691894531,229.45516967773438
2019-06-18,262.727294921875,232.65565490722656
2019-06-19,263.3202819824219,232.85736083984375
2019-06-20,265.8362121582031,235.06700134277344
2019-06-21,265.44970703125,234.7656707763672
2019-06-24,265.1247863769531,234.82704162597656
2019-06-25,262.5244445800781,233.14834594726562
2019-06-26,262.26251220703125,233.11317443847656
2019-06-27,263.1925354003906,233.05160522460938
2019-06-28,264.5468444824219,233.66676330566406
2019-07-01,266.948486328125,234.6513214111328
2019-07-02,267.6437072753906,235.2576904296875
2019-07-03,269.7835388183594,236.927734375
2019-07-05,269.4766540527344,236.6728515625
2019-07-08,267.9958801269531,235.6094512939453
2019-07-09,268.32989501953125,235.43357849121094
2019-07-10,269.6119689941406,236.1630859375
2019-07-11,270.24407958984375,238.1232147216797
2019-07-12,271.4539794921875,240.29409790039062
2019-07-15,271.54425048828125,240.47865295410156
2019-07-16,270.66845703125,240.320556640625
2019-07-17,268.82647705078125,239.31845092773438
2019-07-18,269.8106994628906,239.3096160888672
2019-07-19,268.3119201660156,238.78460693359375
2019-07-22,268.9709777832031,238.9603729248047
2019-07-23,270.89404296875,240.45596313476562
2019-07-24,272.167236328125,239.80494689941406
2019-07-25,270.8670349121094,238.73170471191406
2019-07-26,272.68182373046875,239.1451416015625
2019-07-29,272.185302734375,239.38279724121094
2019-07-30,271.51715087890625,239.18922424316406
2019-07-31,268.54669189453125,236.2070770263672
2019-08-01,266.2081604003906,233.77931213378906
2019-08-02,264.2037048339844,232.9436492919922
2019-08-05,256.2582702636719,226.16131591796875
2019-08-06,259.85174560546875,228.96751403808594
2019-08-07,260.0052490234375,228.9235076904297
2019-08-08,265.106689453125,232.3454132080078
2019-08-09,263.30084228515625,231.50967407226562
2019-08-12,260.09552001953125,228.1846160888672
2019-08-13,264.1405029296875,231.50091552734375
2019-08-14,256.33050537109375,224.38442993164062
2019-08-15,257.00762939453125,225.5103759765625
2019-08-16,260.79986572265625,228.32745361328125
2019-08-19,263.9418640136719,230.4971923828125
2019-08-20,261.91937255859375,229.04185485839844
2019-08-21,264.05029296875,231.10569763183594
2019-08-22,263.9688720703125,231.57322692871094
2019-08-23,257.1883239746094,226.04310607910156
2019-08-26,260.0324401855469,228.52157592773438
2019-08-27,259.0120849609375,227.37493896484375
2019-08-28,260.8359375,229.65924072265625
2019-08-29,264.1676025390625,232.75503540039062
2019-08-30,264.05029296875,232.95787048339844
2019-09-03,262.50634765625,230.56765747070312
2019-09-04,265.4859313964844,232.781494140625
2019-09-05,268.8987731933594,236.0889892578125
2019-09-06,269.1064758300781,236.65341186523438
2019-09-09,269.241943359375,237.07669067382812
2019-09-10,269.1785888671875,237.59716796875
2019-09-11,271.0927429199219,239.62570190429688
2019-09-12,272.0317687988281,240.18141174316406
2019-09-13,271.8512268066406,240.42837524414062
2019-09-16,271.01153564453125,239.16693115234375
2019-09-17,271.6977233886719,239.51100158691406
2019-09-18,271.8602294921875,239.8726806640625
2019-09-19,271.8421936035156,239.387451171875
2019-09-20,270.5577087402344,238.0411376953125
2019-09-23,270.49432373046875,238.13832092285156
2019-09-24,268.3717956542969,236.9093780517578
2019-09-25,269.9591369628906,238.33282470703125
2019-09-26,269.396728515625,237.71395874023438
2019-09-27,267.9454345703125,236.92721557617188
2019-09-30,269.18804931640625,237.9792022705078
2019-10-01,265.9862060546875,234.72567749023438
2019-10-02,261.2876281738281,230.49984741210938
2019-10-03,263.4283142089844,231.64028930664062
2019-10-04,266.9931335449219,234.86712646484375
2019-10-07,265.841064453125,234.05386352539062
2019-10-08,261.71392822265625,231.2600860595703
2019-10-09,264.19927978515625,232.89569091796875
2019-10-10,265.9862060546875,234.29244995117188
2019-10-11,268.7436828613281,237.07742309570312
2019-10-14,268.4443359375,236.81228637695312
2019-10-15,271.10198974609375,238.89857482910156
2019-10-16,270.6665954589844,238.77488708496094
2019-10-17,271.46478271484375,239.04019165039062
2019-10-18,270.2766418457031,236.7692108154297
2019-10-21,272.10882568359375,237.2734832763672
2019-10-22,271.22003173828125,236.9285125732422
2019-10-23,272.0090637207031,237.3000030517578
2019-10-24,272.4534912109375,237.0699920654297
2019-10-25,273.5692443847656,238.5031280517578
2019-10-28,275.11114501953125,239.57351684570312
2019-10-29,275.029541015625,239.62657165527344
2019-10-30,275.8731384277344,240.396240234375
2019-10-31,275.1383972167969,239.2815704345703
2019-11-01,277.6872863769531,241.8116912841797
2019-11-04,278.8029479980469,242.8821563720703
2019-11-05,278.49456787109375,243.1121368408203
2019-11-06,278.55804443359375,243.103271484375
2019-11-07,279.5376892089844,245.09373474121094
2019-11-08,280.22711181640625,245.1114959716797
2019-11-11,279.69189453125,245.19110107421875
2019-11-12,280.2814636230469,245.30612182617188
2019-11-13,280.3721923828125,245.97857666015625
2019-11-14,280.78033447265625,246.13775634765625
2019-11-15,282.8121032714844,248.1087188720703
2019-11-18,283.020751953125,248.40118408203125
2019-11-19,282.9392395019531,247.56813049316406
2019-11-20,281.8869323730469,246.56663513183594
2019-11-21,281.43341064453125,246.14129638671875
2019-11-22,282.059326171875,247.1516876220703
2019-11-25,284.245361328125,248.87095642089844
2019-11-26,284.8893127441406,249.36732482910156
2019-11-27,286.1592102050781,249.85484313964844
2019-11-29,285.097900390625,249.00396728515625
2019-12-02,282.6760559082031,246.56663513183594
2019-12-03,280.78033447265625,244.18247985839844
2019-12-04,282.5128173828125,245.54734802246094
2019-12-05,283.020751953125,245.82215881347656
2019-12-06,285.6059265136719,248.78236389160156
2019-12-09,284.7079162597656,247.9493865966797
2019-12-10,284.3904113769531,247.6833038330078
2019-12-11,285.1977233886719,247.91384887695312
2019-12-12,287.6558532714844,249.89016723632812
2019-12-13,287.8282165527344,250.03216552734375
2019-12-16,289.8056335449219,250.883056640625
2019-12-17,289.869140625,251.1754150390625
2019-12-18,289.88726806640625,251.0069580078125
2019-12-19,291.075439453125,252.11492919921875
2019-12-20,292.3516540527344,252.884765625
2019-12-23,292.79827880859375,253.6580810546875
2019-12-24,292.8074035644531,253.3736114501953
2019-12-26,294.3660583496094,254.30714416503906
2019-12-27,294.29315185546875,254.5471954345703
2019-12-30,292.670654296875,252.94692993164062
2019-12-31,293.381591796875,253.45361328125
2020-01-02,296.1253662109375,256.58294677734375
2020-01-03,293.88299560546875,254.5382843017578
2020-01-06,295.004150390625,255.12486267089844
2020-01-07,294.1745910644531,254.02268981933594
2020-01-08,295.742431640625,255.498291015625
2020-01-09,297.7477722167969,257.41864013671875
2020-01-10,296.8909606933594,256.2450866699219
2020-01-13,298.9328918457031,256.9386291503906
2020-01-14,298.4770202636719,257.1163024902344
2020-01-15,299.1515808105469,258.1209411621094
2020-01-16,301.6399841308594,260.4144592285156
2020-01-17,302.5788269042969,260.8396911621094
2020-01-21,301.986328125,259.55877685546875
2020-01-22,302.0228271484375,259.5411376953125
2020-01-23,302.36920166015625,259.3008728027344
2020-01-24,299.6802062988281,257.7534484863281
2020-01-27,294.8764953613281,253.80442810058594
2020-01-28,297.96661376953125,255.52099609375
2020-01-29,297.7204284667969,255.52099609375
2020-01-30,298.6866760253906,256.6328125
2020-01-31,293.2631530761719,251.18948364257812
2020-02-03,295.441650390625,252.57699584960938
2020-02-04,299.94451904296875,256.1880187988281
2020-02-05,303.4083251953125,260.4749755859375
2020-02-06,304.4293212890625,261.25775146484375
2020-02-07,302.8067932128906,258.98974609375
2020-02-10,305.0672607421875,260.5550537109375
2020-02-11,305.595947265625,260.5460510253906
2020-02-12,307.5649108886719,263.018798828125
2020-02-13,307.23663330078125,262.2181396484375
2020-02-14,307.7289123535156,261.96923828125
2020-02-18,306.93597412109375,260.5550537109375
2020-02-19,308.4035339355469,261.577880859375
2020-02-20,307.1365051269531,260.4039306640625
2020-02-21,303.9735412597656,258.40972900390625
2020-02-24,293.89208984375,249.33050537109375
2020-02-25,284.9865417480469,241.4285430908203
2020-02-26,283.9382629394531,240.57229614257812
2020-02-27,271.18621826171875,229.65577697753906
2020-02-28,270.0467834472656,227.03375244140625
2020-03-02,281.74151611328125,238.15533447265625
2020-03-03,273.674560546875,231.2611846923828
2020-03-04,285.1779479980469,241.59799194335938
2020-03-05,275.6981201171875,233.18765258789062
2020-03-06,271.1405334472656,230.85984802246094
2020-03-09,249.9659881591797,212.9065704345703
2020-03-10,262.90045166015625,223.3861083984375
2020-03-11,250.08450317382812,210.33802795410156
2020-03-12,226.1570281982422,189.1740264892578
2020-03-13,245.49034118652344,207.01129150390625
2020-03-16,218.62791442871094,180.59422302246094
2020-03-17,230.4320526123047,190.3869171142578
2020-03-18,218.7646484375,177.8294219970703
2020-03-19,219.22952270507812,179.54183959960938
2020-03-20,209.78199768066406,171.66268920898438
2020-03-23,204.418212890625,166.50125122070312
2020-03-24,222.93923950195312,184.8482208251953
2020-03-25,226.27664184570312,189.69668579101562
2020-03-26,239.48887634277344,201.3346405029297
2020-03-27,232.35556030273438,193.5343475341797
2020-03-30,239.90151977539062,199.5724639892578
2020-03-31,236.32569885253906,196.1105499267578
2020-04-01,225.6898193359375,187.29930114746094
2020-04-02,230.8977508544922,191.39622497558594
2020-04-03,227.56028747558594,188.39064025878906
2020-04-06,242.8446502685547,202.6407012939453
2020-04-07,243.09225463867188,202.7033233642578
2020-04-08,251.25244140625,209.61810302734375
2020-04-09,255.0758056640625,212.13180541992188
2020-04-13,252.7469024658203,209.28704833984375
2020-04-14,260.2012023925781,214.40394592285156
2020-04-15,254.67239379882812,210.28904724121094
2020-04-16,255.90110778808594,210.52166748046875
2020-04-17,262.8143005371094,216.9837188720703
2020-04-20,258.1840515136719,211.8015594482422
2020-04-21,250.34471130371094,206.0553436279297
2020-04-22,255.90110778808594,210.12779235839844
2020-04-23,255.88272094726562,210.39630126953125
2020-04-24,259.4493713378906,212.86663818359375
2020-04-27,263.190185546875,215.9902801513672
2020-04-28,261.98004150390625,215.78440856933594
2020-04-29,268.8382263183594,220.5818328857422
2020-04-30,266.33514404296875,217.69090270996094
2020-05-01,259.28436279296875,212.374267578125
2020-05-04,259.99957275390625,212.49969482421875
2020-05-05,262.40167236328125,213.73477172851562
2020-05-06,260.62298583984375,211.9984130859375
2020-05-07,263.767822265625,213.83323669433594
2020-05-08,268.1322326660156,218.0488739013672
2020-05-11,268.1871643066406,217.10012817382812
2020-05-12,262.841796875,213.09042358398438
2020-05-13,258.1932067871094,208.38247680664062
2020-05-14,261.28302001953125,211.89991760253906
2020-05-15,262.4842224121094,212.457763671875
2020-05-18,270.4794006347656,220.5467987060547
2020-05-19,267.7012023925781,217.21971130371094
2020-05-20,272.2489318847656,220.367431640625
2020-05-21,270.36932373046875,219.73072814941406
2020-05-22,270.8828125,219.60520935058594
2020-05-26,274.2202453613281,224.4208526611328
2020-05-27,278.3003845214844,229.37115478515625
2020-05-28,277.78692626953125,228.0977783203125
2020-05-29,279.0247497558594,228.04393005371094
2020-06-01,280.1524353027344,228.9227294921875
2020-06-02,282.47222900390625,231.23651123046875
2020-06-03,286.2313232421875,236.00747680664062
2020-06-04,285.4795227050781,236.15084838867188
2020-06-05,292.7962341308594,243.5134735107422
2020-06-08,296.3353271484375,247.76429748535156
2020-06-09,294.1256408691406,245.16360473632812
2020-06-10,292.4844970703125,242.54501342773438
2020-06-11,275.6231689453125,226.01722717285156
2020-06-12,278.923828125,230.24105834960938
2020-06-15,281.52777099609375,231.68487548828125
2020-06-16,286.946533203125,236.5902862548828
2020-06-17,285.75457763671875,234.79678344726562
2020-06-18,285.8646240234375,234.4648895263672
2020-06-19,284.23095703125,232.75877380371094
2020-06-22,286.0543212890625,234.12588500976562
2020-06-23,287.3712158203125,235.18710327148438
2020-06-24,280.0408020019531,229.0084686279297
2020-06-25,283.04296875,231.5357208251953
2020-06-26,276.3202819824219,225.18603515625
2020-06-29,280.381591796875,230.15965270996094
2020-06-30,283.9731140136719,231.92234802246094
2020-07-01,285.9622802734375,231.41876220703125
2020-07-02,287.53704833984375,232.4170379638672
2020-07-06,291.9757080078125,236.53619384765625
2020-07-07,288.9644775390625,232.97462463378906
2020-07-08,291.1746520996094,234.48558044433594
2020-07-09,289.5169372558594,231.35572814941406
2020-07-10,292.4730529785156,234.57554626464844
2020-07-13,289.94061279296875,234.77345275878906
2020-07-14,293.6979064941406,239.76483154296875
2020-07-15,296.39617919921875,241.85157775878906
2020-07-16,295.4200134277344,240.55648803710938
2020-07-17,296.2765197753906,240.08926391601562
2020-07-20,298.6708679199219,240.16119384765625
2020-07-21,299.3063659667969,241.52940368652344
2020-07-22,301.010009765625,243.00555419921875
2020-07-23,297.4184265136719,240.04432678222656
2020-07-24,295.5028991699219,238.24407958984375
2020-07-27,297.65789794921875,239.37818908691406
2020-07-28,295.7699890136719,237.56002807617188
2020-07-29,299.4076232910156,238.9731903076172
2020-07-30,298.3393249511719,236.9749298095703
2020-07-31,300.6968688964844,237.93804931640625
2020-08-03,302.787353515625,240.07119750976562
2020-08-04,303.95697021484375,241.59230041503906
2020-08-05,305.8447570800781,244.82376098632812
2020-08-06,307.8892822265625,246.5340118408203
2020-08-07,308.1102600097656,247.181884765625
2020-08-10,309.0311279296875,250.35028076171875
2020-08-11,306.4803161621094,249.4951629638672
2020-08-12,310.7532653808594,252.06045532226562
2020-08-13,310.19146728515625,251.5023651123047
2020-08-14,310.2006530761719,251.84439086914062
2020-08-17,311.1861267089844,251.07920837402344
2020-08-18,311.85833740234375,250.404296875
2020-08-19,310.5599060058594,249.71115112304688
2020-08-20,311.5268859863281,250.1073455810547
2020-08-21,312.6319885253906,251.9330596923828
2020-08-24,315.7998962402344,255.44190979003906
2020-08-25,316.9049987792969,254.93678283691406
2020-08-26,320.08209228515625,255.66754150390625
2020-08-27,320.781982421875,257.11962890625
2020-08-28,322.85406494140625,258.6171569824219
2020-08-31,321.68450927734375,256.4342041015625
2020-09-01,324.7142639160156,258.6982727050781
2020-09-02,329.41094970703125,262.6853942871094
2020-09-03,318.0745849609375,255.586181640625
2020-09-04,315.47760009765625,254.16993713378906
2020-09-08,306.8577575683594,248.44216918945312
2020-09-09,312.91741943359375,252.43824768066406
2020-09-10,307.48406982421875,248.7757110595703
2020-09-11,307.6405944824219,249.94854736328125
2020-09-14,311.692626953125,253.05154418945312
2020-09-15,313.2673645019531,253.09652709960938
2020-09-16,312.0241394042969,253.50242614746094
2020-09-17,309.27978515625,252.18551635742188
2020-09-18,305.7191467285156,250.0308074951172
2020-09-21,302.316650390625,245.4374237060547
2020-09-22,305.3954772949219,246.67617797851562
2020-09-23,298.3130798339844,241.94723510742188
2020-09-24,299.10833740234375,242.41741943359375
2020-09-25,303.9439697265625,245.67266845703125
2020-09-28,308.9922790527344,249.47007751464844
2020-09-29,307.30950927734375,248.13197326660156
2020-09-30,309.6394958496094,250.9170379638672
2020-10-01,311.62738037109375,251.49566650390625
2020-10-02,308.66864013671875,250.2840118408203
2020-10-05,314.1423034667969,254.5428466796875
2020-10-06,309.6763916015625,251.11587524414062
2020-10-07,315.0669250488281,255.8177032470703
2020-10-08,317.85919189453125,257.05645751953125
2020-10-09,320.69769287109375,258.5394592285156
2020-10-12,325.85693359375,260.8270568847656
2020-10-13,323.73040771484375,259.2718505859375
2020-10-14,321.6962585449219,257.8160400390625
2020-10-15,321.2987365722656,257.7345886230469
2020-10-16,321.1044616699219,258.6816101074219
2020-10-19,316.22265625,255.11776733398438
2020-10-20,317.4893493652344,255.94998168945312
2020-10-21,316.8883361816406,255.06349182128906
2020-10-22,318.6265869140625,256.5831298828125
2020-10-23,319.7083740234375,256.302734375
2020-10-26,313.8001708984375,250.56773376464844
2020-10-27,312.71844482421875,248.4511260986328
2020-10-28,302.030029296875,240.14697265625
2020-10-29,305.09967041015625,241.15093994140625
2020-10-30,301.9190673828125,239.76695251464844
2020-11-02,305.3031005859375,243.5120391845703
2020-11-03,310.6934814453125,248.44192504882812
2020-11-04,317.6372985839844,251.93359375
2020-11-05,323.8320617675781,256.8182678222656
2020-11-06,323.7581787109375,256.1942138671875
2020-11-09,327.82635498046875,263.8831481933594
2020-11-10,327.34552001953125,266.40673828125
2020-11-11,329.7772521972656,266.0449523925781
2020-11-12,326.578125,263.2769470214844
2020-11-13,331.0994873046875,266.9856872558594
2020-11-16,335.2324523925781,271.3548278808594
2020-11-17,333.4294738769531,269.8441467285156
2020-11-18,329.41668701171875,266.6330261230469
2020-11-19,330.8036193847656,267.1487121582031
2020-11-20,328.53826904296875,265.2012939453125
2020-11-23,330.5077209472656,268.247314453125
2020-11-24,335.8333740234375,272.36309814453125
2020-11-25,335.31561279296875,270.8310546875
2020-11-27,336.24951171875,271.2845153808594
2020-11-30,334.7607727050781,268.9091796875
2020-12-01,338.42230224609375,270.5591735839844
2020-12-02,339.1341857910156,271.23004150390625
2020-12-03,339.0417785644531,272.02783203125
2020-12-04,341.96356201171875,274.32147216796875
2020-12-07,341.2608337402344,272.9707336425781
2020-12-08,342.2593688964844,273.9679260253906
2020-12-09,339.18963623046875,272.77117919921875
2020-12-10,339.0787658691406,272.4629821777344
2020-12-11,338.6811218261719,272.8166198730469
2020-12-14,337.1649169921875,271.157470703125
2020-12-15,341.7229919433594,274.3486633300781
2020-12-16,342.2593688964844,273.92242431640625
2020-12-17,344.1732177734375,275.1373596191406
2020-12-18,342.79901123046875,274.22723388671875
2020-12-21,341.5733642578125,274.44512939453125
2020-12-22,340.9976501464844,272.5649108886719
2020-12-23,341.30413818359375,273.66400146484375
2020-12-24,342.6319580078125,274.336181640625
2020-12-28,345.575439453125,276.13458251953125
2020-12-29,344.9161071777344,275.64422607421875
2020-12-30,345.4082946777344,276.2528381347656
2020-12-31,347.16314697265625,277.76068115234375
2021-01-04,342.4369201660156,274.6087341308594
2021-01-05,344.7953796386719,275.9892883300781
2021-01-06,346.8568115234375,279.9588317871094
2021-01-07,352.0102233886719,282.0387878417969
2021-01-08,354.0158996582031,282.5293273925781
2021-01-11,351.6295471191406,281.7389831542969
2021-01-12,351.7037353515625,282.2568359375
2021-01-13,352.6509094238281,282.156982421875
2021-01-14,351.41583251953125,281.6300048828125
2021-01-15,348.8531494140625,279.9927062988281
2021-01-19,351.59234619140625,281.0830993652344
2021-01-20,356.4579162597656,283.3094787597656
2021-01-21,356.7829284667969,283.40032958984375
2021-01-22,355.52008056640625,281.6737060546875
2021-01-25,356.92218017578125,281.3829040527344
2021-01-26,356.364990234375,281.14678955078125
2021-01-27,347.65533447265625,275.5763244628906
2021-01-28,350.645263671875,278.1298522949219
2021-01-29,343.6254577636719,272.4411315917969
2021-02-01,349.3453063964844,274.449462890625
2021-02-02,354.28509521484375,278.8114013671875
2021-02-03,354.5636291503906,279.21112060546875
2021-02-04,358.59356689453125,282.3097839355469
2021-02-05,360.0049133300781,283.1003723144531
2021-02-08,362.60491943359375,285.2359313964844
2021-02-09,362.3634033203125,285.2632141113281
2021-02-10,362.20556640625,285.7901306152344
2021-02-11,362.7906188964844,285.9538879394531
2021-02-12,364.5826416015625,286.2808532714844
2021-02-16,364.2669677734375,286.7717590332031
2021-02-17,364.35052490234375,287.69842529296875
2021-02-18,362.7999267578125,286.7533874511719
2021-02-19,362.1591491699219,286.7180480957031
2021-02-22,359.37353515625,286.9820251464844
2021-02-23,359.80999755859375,287.14581298828125
2021-02-24,363.7748718261719,290.9150390625
2021-02-25,355.0093688964844,285.8621520996094
2021-02-26,353.1801452636719,281.7377624511719
2021-03-01,361.7413635253906,287.3279724121094
2021-03-02,358.9185485839844,286.0533752441406
2021-03-03,354.1643981933594,284.9607849121094
2021-03-04,349.78167724609375,281.8560791015625
2021-03-05,356.2164611816406,287.00933837890625
2021-03-08,354.44293212890625,289.74969482421875
2021-03-09,359.5035705566406,290.0775146484375
2021-03-10,361.7413635253906,294.37469482421875
2021-03-11,365.4090881347656,296.19561767578125
2021-03-12,365.9011535644531,298.90887451171875
2021-03-15,368.0832214355469,300.5293884277344
2021-03-16,367.6189880371094,299.4095458984375
2021-03-17,368.8725280761719,301.14862060546875
2021-03-18,363.5054931640625,299.8647155761719
2021-03-19,362.8329162597656,297.4208679199219
2021-03-22,365.7301940917969,298.5428161621094
2021-03-23,362.8515625,295.64178466796875
2021-03-24,361.0071105957031,295.6599426269531
2021-03-25,363.0379333496094,297.5850524902344
2021-03-26,368.8882141113281,301.6174621582031
2021-03-29,368.701904296875,302.5753173828125
2021-03-30,367.7237854003906,301.8089904785156
2021-03-31,369.2142639160156,301.2250671386719
2021-04-01,373.201416015625,302.38372802734375
2021-04-05,378.5580139160156,305.804931640625
2021-04-06,378.3345031738281,305.0476379394531
2021-04-07,378.77227783203125,305.0476379394531
2021-04-08,380.5702819824219,305.7410583496094
2021-04-09,383.33697509765625,308.2315673828125
2021-04-12,383.47686767578125,307.9488220214844
2021-04-13,384.6133117675781,307.25537109375
2021-04-14,383.2998962402344,307.9305114746094
2021-04-15,387.41741943359375,310.58538818359375
2021-04-16,388.7123107910156,311.9833679199219
2021-04-19,386.8025207519531,310.9703674316406
2021-04-20,383.9705810546875,308.5701904296875
2021-04-21,387.6037292480469,311.4722595214844
2021-04-22,384.063720703125,308.5701904296875
2021-04-23,388.2278747558594,310.67840576171875
2021-04-26,389.038330078125,310.16717529296875
2021-04-27,388.9545593261719,310.1307373046875
2021-04-28,388.8426513671875,308.79840087890625
2021-04-29,391.32073974609375,310.80621337890625
2021-04-30,388.7496032714844,309.3184814453125
2021-05-03,389.5879821777344,311.2989807128906
2021-05-04,387.18450927734375,311.6455993652344
2021-05-05,387.3056335449219,312.3667907714844
2021-05-06,390.3984069824219,315.3143615722656
2021-05-07,393.23980712890625,317.4773254394531
2021-05-10,389.34588623046875,317.3495178222656
2021-05-11,385.8710632324219,312.94158935546875
2021-05-12,377.67303466796875,306.6355285644531
2021-05-13,382.2098693847656,310.6967468261719
2021-05-14,388.07879638671875,314.17364501953125
2021-05-17,387.0914001464844,313.6169738769531
2021-05-18,383.7563781738281,311.2989807128906
2021-05-19,382.7502136230469,309.7748718261719
2021-05-20,386.86773681640625,311.67315673828125
2021-05-21,386.5511474609375,312.79156494140625
2021-05-24,390.49169921875,314.5472717285156
2021-05-25,389.6252746582031,313.833984375
2021-05-26,390.3984069824219,313.9163818359375
2021-05-27,390.6033935546875,315.13262939453125
2021-05-28,391.30206298828125,316.083740234375
2021-06-01,390.9573669433594,316.2939758300781
2021-06-02,391.5722961425781,316.7420959472656
2021-06-03,390.1190185546875,316.43121337890625
2021-06-04,393.6869812011719,318.1505126953125
2021-06-07,393.3050537109375,316.9524841308594
2021-06-08,393.388916015625,316.7237548828125
2021-06-09,392.802001953125,315.3063659667969
2021-06-10,394.6278076171875,315.4801940917969
2021-06-11,395.27996826171875,315.6081848144531
2021-06-14,396.16497802734375,314.8583068847656
2021-06-15,395.4383544921875,314.0444030761719
2021-06-16,393.23046875,311.62103271484375
2021-06-17,393.10009765625,309.6913757324219
2021-06-18,387.7970275878906,304.9319152832031
2021-06-21,393.3486328125,310.2619323730469
2021-06-22,395.45159912109375,310.87567138671875
2021-06-23,394.9749755859375,310.2619323730469
2021-06-24,397.31146240234375,313.1926574707031
2021-06-25,398.7227783203125,315.4546203613281
2021-06-28,399.5265808105469,313.943603515625
2021-06-29,399.7415771484375,313.9983825683594
2021-06-30,400.0780334472656,315.9126892089844
2021-07-01,402.29315185546875,317.203857421875
2021-07-02,405.3680725097656,318.65093994140625
2021-07-06,404.6296691894531,316.7093811035156
2021-07-07,406.05963134765625,317.71673583984375
2021-07-08,402.7510681152344,315.3906555175781
2021-07-09,407.0503845214844,319.3743896484375
2021-07-12,408.50836181640625,320.56500244140625
2021-07-13,407.11572265625,319.62164306640625
2021-07-14,407.7232971191406,319.9971618652344
2021-07-15,406.33074951171875,320.48248291015625
2021-07-16,403.14361572265625,317.7399597167969
2021-07-19,397.1900939941406,311.4534912109375
2021-07-20,402.8819274902344,316.21868896484375
2021-07-21,406.143798828125,318.8852233886719
2021-07-22,406.99432373046875,319.1326904296875
2021-07-23,411.18145751953125,321.2496032714844
2021-07-26,412.19085693359375,322.0193176269531
2021-07-27,410.31231689453125,321.29534912109375
2021-07-28,410.1440124511719,320.1407165527344
2021-07-29,411.844970703125,321.4786071777344
2021-07-30,409.84490966796875,320.2507629394531
2021-08-02,408.98504638671875,319.2151794433594
2021-08-03,412.3122863769531,321.7261047363281
2021-08-04,410.2842712402344,318.8852233886719
2021-08-05,412.8824462890625,321.28619384765625
2021-08-06,413.5647277832031,322.6426086425781
2021-08-09,413.2283020019531,321.78106689453125
2021-08-10,413.7423095703125,323.22894287109375
2021-08-11,414.7704162597656,325.2540588378906
2021-08-12,416.0135192871094,325.5198669433594
2021-08-13,416.7705383300781,325.66644287109375
2021-08-16,417.751953125,326.74774169921875
2021-08-17,415.01348876953125,324.2369079589844
2021-08-18,410.4710693359375,320.83721923828125
2021-08-19,411.1066589355469,320.2507629394531
2021-08-20,414.3777770996094,322.353759765625
2021-08-23,418.02294921875,324.4559020996094
2021-08-24,418.68658447265625,324.72210693359375
2021-08-25,419.5650634765625,325.1259765625
2021-08-26,417.0883483886719,323.2717590332031
2021-08-27,420.8175354003906,325.4840393066406
2021-08-30,422.6680603027344,325.0343322753906
2021-08-31,422.0418395996094,324.88739013671875
2021-09-01,422.26617431640625,324.54779052734375
2021-09-02,423.5652770996094,325.75933837890625
2021-09-03,423.4625244140625,325.0893859863281
2021-09-07,421.94842529296875,322.6108703613281
2021-09-08,421.4343566894531,321.9590148925781
2021-09-09,419.6305236816406,320.65557861328125
2021-09-10,416.3219299316406,318.2596435546875
2021-09-13,417.38739013671875,320.6463623046875
2021-09-14,415.1349182128906,318.04840087890625
2021-09-15,418.6023864746094,320.2057800292969
2021-09-16,417.9388732910156,319.6182556152344
2021-09-17,413.86773681640625,317.9587097167969
2021-09-20,406.96673583984375,312.2185363769531
2021-09-21,406.58233642578125,311.95166015625
2021-09-22,410.54852294921875,315.0701904296875
2021-09-23,415.53662109375,319.7249755859375
2021-09-24,416.2210998535156,320.01019287109375
2021-09-27,415.0303649902344,320.6908874511719
2021-09-28,406.6667175292969,315.4565734863281
2021-09-29,407.3511657714844,316.23846435546875
2021-09-30,402.3724060058594,311.197509765625
2021-10-01,407.15423583984375,315.6956787109375
2021-10-04,401.9035949707031,312.77960205078125
2021-10-05,406.0853576660156,315.6496887207031
2021-10-06,407.77313232421875,316.5603942871094
2021-10-07,411.298583984375,319.789306640625
2021-10-08,410.54852294921875,319.6973571777344
2021-10-11,407.57623291015625,317.3515930175781
2021-10-12,406.5729675292969,316.2476806640625
2021-10-13,408.0356750488281,316.34893798828125
2021-10-14,414.8990478515625,321.1692199707031
2021-10-15,418.05877685546875,324.7001953125
2021-10-18,419.2965087890625,324.378173828125
2021-10-19,422.5312805175781,326.18170166015625
2021-10-20,424.1909484863281,327.6263122558594
2021-10-21,425.29730224609375,327.5619201660156
2021-10-22,424.8566589355469,328.27972412109375
2021-10-25,427.135009765625,329.02508544921875
2021-10-26,427.51947021484375,328.9791564941406
2021-10-27,425.6254577636719,326.6601867675781
2021-10-28,429.7322998046875,328.7950134277344
2021-10-29,430.6042785644531,329.65093994140625
2021-11-01,431.3450012207031,330.4790344238281
2021-11-02,433.0890197753906,331.8042297363281
2021-11-03,435.73309326171875,332.7152404785156
2021-11-04,437.7864685058594,332.5219421386719
2021-11-05,439.3054504394531,334.31634521484375
2021-11-08,439.6805114746094,335.2551574707031
2021-11-09,438.2272033691406,334.29791259765625
2021-11-10,434.70166015625,332.2643737792969
2021-11-11,434.8423156738281,330.7827453613281
2021-11-12,438.1240539550781,332.45751953125
2021-11-15,438.27398681640625,332.420654296875
2021-11-16,440.00872802734375,333.05572509765625
2021-11-17,438.9397277832031,331.1416931152344
2021-11-18,440.43060302734375,330.68157958984375
2021-11-19,439.64300537109375,328.1560974121094
2021-11-22,438.4053039550781,328.4234924316406
2021-11-23,438.9866638183594,330.1015930175781
2021-11-24,440.1586608886719,330.1107482910156
2021-11-26,430.3417663574219,321.8033752441406
2021-11-29,435.62054443359375,323.80426025390625
2021-11-30,427.1444396972656,318.00469970703125
2021-12-01,422.4000549316406,313.910888671875
2021-12-02,428.8696594238281,319.5814208984375
2021-12-03,425.13787841796875,319.2400817871094
2021-12-06,430.1729736328125,325.3070373535156
2021-12-07,439.0710144042969,329.8433837890625
2021-12-08,440.2337341308594,330.073974609375
2021-12-09,437.2613830566406,330.1845397949219
2021-12-10,441.3775634765625,332.13922119140625
2021-12-13,437.4676818847656,329.1980285644531
2021-12-14,434.4579162597656,328.39581298828125
2021-12-15,441.246337890625,331.75201416015625
2021-12-16,437.355224609375,331.4107971191406
2021-12-17,432.7005310058594,326.6554870605469
2021-12-20,428.0993957519531,322.6280822753906
2021-12-21,435.7019958496094,327.8379821777344
2021-12-22,440.0584716796875,330.1286926269531
2021-12-23,442.7964782714844,331.94842529296875
2021-12-27,449.06298828125,335.2369079589844
2021-12-28,448.6960754394531,336.22528076171875
2021-12-29,449.27008056640625,337.0103759765625
2021-12-30,448.02801513671875,336.2991027832031
2021-12-31,446.8989562988281,335.6064453125
2022-01-03,449.48651123046875,337.7864685058594
2022-01-04,449.33587646484375,339.8092956542969
2022-01-05,440.70770263671875,336.3175964355469
2022-01-06,440.29364013671875,334.74737548828125
2022-01-07,438.552978515625,334.6734313964844
2022-01-10,438.00726318359375,333.2694091796875
2022-01-11,441.9967041015625,334.88592529296875
2022-01-12,443.1916809082031,335.2646789550781
2022-01-13,437.0851135253906,333.6481018066406
2022-01-14,437.263916015625,331.74530029296875
2022-01-18,429.5201416015625,326.858642578125
2022-01-19,425.0602111816406,323.6257019042969
2022-01-20,420.3555603027344,320.8361511230469
2022-01-21,412.1037902832031,316.4710388183594
2022-01-24,413.8538818359375,317.8207092285156
2022-01-25,408.80108642578125,317.034912109375
2022-01-26,407.77545166015625,315.6482849121094
2022-01-27,405.7619323730469,315.7314758300781
2022-01-28,415.8392333984375,320.8712463378906
2022-01-31,423.3288879394531,324.5411376953125
2022-02-01,426.1893005371094,327.18487548828125
2022-02-02,430.3293151855469,329.1169738769531
2022-02-03,420.2144775390625,324.44866943359375
2022-02-04,422.1904296875,324.34710693359375
2022-02-07,420.83544921875,324.3747863769531
2022-02-08,424.2980651855469,327.7395935058594
2022-02-09,430.5081787109375,330.6330871582031
2022-02-10,422.7737731933594,325.89996337890625
2022-02-11,414.437255859375,321.0376281738281
2022-02-14,413.08233642578125,319.74346923828125
2022-02-15,419.7439880371094,323.7462158203125
2022-02-16,420.2144775390625,323.2377014160156
2022-02-17,411.238037109375,317.70062255859375
2022-02-18,408.5753173828125,315.6812744140625
2022-02-22,404.1905517578125,311.0801086425781
2022-02-23,397.0207824707031,306.9233093261719
2022-02-24,402.9956359863281,307.68243408203125
2022-02-25,411.8873291015625,315.27410888671875
2022-02-28,410.83355712890625,314.1629943847656
2022-03-01,404.57647705078125,308.44146728515625
2022-03-02,412.01904296875,313.8482666015625
2022-03-03,409.9678955078125,313.042724609375
2022-03-04,406.63702392578125,311.5059814453125
2022-03-07,394.6496887207031,304.09942626953125
2022-03-08,391.6575622558594,302.3033447265625
2022-03-09,402.158203125,308.6636657714844
2022-03-10,400.3422546386719,307.4693298339844
2022-03-11,395.2519226074219,305.5345458984375
2022-03-14,392.36322021484375,305.5807800292969
2022-03-15,400.9914855957031,311.2466735839844
2022-03-16,409.8831787109375,316.0331115722656
2022-03-17,415.01116943359375,319.8196716308594
2022-03-18,419.5567321777344,322.1504211425781
2022-03-21,419.43402099609375,320.5267028808594
2022-03-22,424.342041015625,323.0318603515625
2022-03-23,418.87713623046875,318.6430969238281
2022-03-24,425.1915283203125,322.030029296875
2022-03-25,427.2679748535156,323.4031066894531
2022-03-28,430.3070983886719,324.28460693359375
2022-03-29,435.63031005859375,327.51361083984375
2022-03-30,432.9404296875,326.7249450683594
2022-03-31,426.2768859863281,321.81658935546875
2022-04-01,427.4850158691406,322.91143798828125
2022-04-04,431.1470947265625,324.05255126953125
2022-04-05,425.7011413574219,321.3616638183594
2022-04-06,421.4444274902344,319.8865661621094
2022-04-07,423.5680236816406,321.01849365234375
2022-04-08,422.4354248046875,322.317626953125
2022-04-11,415.2150573730469,318.4482421875
2022-04-12,413.6764831542969,317.5389404296875
2022-04-13,418.41461181640625,320.82354736328125
2022-04-14,413.2045593261719,319.57611083984375
2022-04-18,413.3745422363281,319.3996887207031
2022-04-19,420.04754638671875,324.0594177246094
2022-04-20,419.7360534667969,326.2964782714844
2022-04-21,413.45947265625,322.7507019042969
2022-04-22,402.11456298828125,313.98834228515625
2022-04-25,404.44580078125,316.1139221191406
2022-04-26,392.7326965332031,308.58599853515625
2022-04-27,393.8370361328125,309.1244201660156
2022-04-28,403.78509521484375,314.93505859375
2022-04-29,388.8629150390625,306.0240783691406
2022-05-02,391.20367431640625,306.9988098144531
2022-05-03,392.9969787597656,307.4721374511719
2022-05-04,404.96490478515625,316.1417541503906
2022-05-05,390.5713195800781,306.53460693359375
2022-05-06,388.24005126953125,305.4486999511719
2022-05-09,375.80963134765625,299.443115234375
2022-05-10,376.677978515625,298.7283020019531
2022-05-11,370.6940002441406,295.6001892089844
2022-05-12,370.3070373535156,294.83917236328125
2022-05-13,379.1602783203125,299.09967041015625
2022-05-16,377.621826171875,299.6101989746094
2022-05-17,385.3896484375,303.6199951171875
2022-05-18,369.8540344238281,292.8992004394531
2022-05-19,367.58880615234375,290.6991882324219
2022-05-20,367.7492370605469,290.685302734375
2022-05-23,374.6297912597656,296.6586608886719
2022-05-24,371.76995849609375,297.17034912109375
2022-05-25,375.0545349121094,298.9288635253906
2022-05-26,382.5487365722656,303.7393493652344
2022-05-27,391.93988037109375,308.9684753417969
2022-05-31,389.74072265625,307.2284240722656
2022-06-01,386.5882873535156,305.516357421875
2022-06-02,393.9502868652344,309.61944580078125
2022-06-03,387.4849548339844,306.4374694824219
2022-06-06,388.6647644042969,306.5305480957031
2022-06-07,392.3929138183594,309.0614013671875
2022-06-08,388.1268005371094,306.46539306640625
2022-06-09,378.8960266113281,300.5291748046875
2022-06-10,367.90966796875,292.49951171875
2022-06-13,353.9408264160156,284.321044921875
2022-06-14,352.8742370605469,283.1302795410156
2022-06-15,357.90496826171875,285.85638427734375
2022-06-16,346.0597229003906,279.0362854003906
2022-06-17,346.80572509765625,278.5811462402344
2022-06-21,355.5361022949219,284.7082824707031
2022-06-22,354.8915100097656,284.07403564453125
2022-06-23,358.370361328125,286.0604248046875
2022-06-24,369.7643737792969,293.78228759765625
2022-06-27,368.3519287109375,293.1668395996094
2022-06-28,360.825439453125,288.4852294921875
2022-06-29,360.5315856933594,289.1473083496094
2022-06-30,357.6025695800781,287.0677490234375
2022-07-01,361.38470458984375,289.8934326171875
2022-07-05,362.0672302246094,288.83026123046875
2022-07-06,363.2901611328125,289.4830627441406
2022-07-07,368.7310485839844,292.78436279296875
2022-07-08,368.4278259277344,292.32745361328125
2022-07-11,364.2191162109375,290.6860656738281
2022-07-12,360.99609375,289.0727233886719
2022-07-13,359.10028076171875,287.0024719238281
2022-07-14,358.22821044921875,285.7435302734375
2022-07-15,365.0721130371094,291.7032775878906
2022-07-18,362.0577697753906,289.8280944824219
2022-07-19,371.84027099609375,296.78802490234375
2022-07-20,374.21014404296875,297.3757019042969
2022-07-21,378.0207824707031,298.9337158203125
2022-07-22,374.513427734375,297.6744079589844
2022-07-25,374.9684753417969,298.5138854980469
2022-07-26,370.5321960449219,296.25616455078125
2022-07-27,380.1535339355469,300.42657470703125
2022-07-28,384.92156982421875,303.43072509765625
2022-07-29,390.53326416015625,306.6308898925781
2022-08-01,389.3768310546875,306.05242919921875
2022-08-02,386.8079528808594,302.32049560546875
2022-08-03,392.8652038574219,306.1643981933594
2022-08-04,392.5997314453125,305.4179992675781
2022-08-05,391.9361877441406,305.98699951171875
2022-08-08,391.4811096191406,306.4070739746094
2022-08-09,389.9266357421875,305.9311218261719
2022-08-10,398.11663818359375,310.8664855957031
2022-08-11,398.11663818359375,311.34228515625
2022-08-12,404.8563537597656,315.186279296875
2022-08-15,406.5246276855469,316.6230163574219
2022-08-16,407.3209228515625,318.8341064453125
2022-08-17,404.4297790527344,317.3974304199219
2022-08-18,405.6051940917969,317.7518005371094
2022-08-19,400.15460205078125,315.0560302734375
2022-08-22,391.82244873046875,309.1856384277344
2022-08-23,390.8745422363281,307.6431884765625
2022-08-24,392.12579345703125,308.34423828125
2022-08-25,397.6615905761719,311.4197082519531
2022-08-26,384.20111083984375,301.86627197265625
2022-08-29,381.6607360839844,300.15557861328125
2022-08-30,377.4709167480469,297.2952880859375
2022-08-31,374.5987548828125,295.0612487792969
2022-09-01,375.7741394042969,296.37921142578125
2022-09-02,371.8118591308594,293.2945556640625
2022-09-06,370.408935546875,291.8362731933594
2022-09-07,377.0633544921875,295.6967468261719
2022-09-08,379.5279541015625,297.4822692871094
2022-09-09,385.42401123046875,301.2587585449219
2022-09-12,389.5664367675781,303.3994140625
2022-09-13,372.6270751953125,291.3969421386719
2022-09-14,374.0489196777344,291.7054138183594
2022-09-15,369.80224609375,290.1163330078125
2022-09-16,366.98114013671875,288.7224426269531
2022-09-19,369.8269958496094,290.69073486328125
2022-09-20,365.5819396972656,287.7571716308594
2022-09-21,359.2047424316406,282.8739929199219
2022-09-22,356.1875,281.664794921875
2022-09-23,350.2197265625,277.29730224609375
2022-09-26,346.7550048828125,274.3543395996094
2022-09-27,345.869873046875,273.0234069824219
2022-09-28,352.6752624511719,278.11279296875
2022-09-29,345.3083190917969,273.8763732910156
2022-09-30,339.96868896484375,269.2744140625
2022-10-03,348.9442138671875,276.2945251464844
2022-10-04,359.7568664550781,284.1205749511719
2022-10-05,358.91925048828125,283.7926330566406
2022-10-06,355.2167053222656,280.45587158203125
2022-10-07,345.3083190917969,274.58880615234375
2022-10-10,342.67181396484375,273.64208984375
2022-10-11,340.5015869140625,273.951416015625
2022-10-12,339.3785095214844,273.8294677734375
2022-10-13,348.3350524902344,281.7024841308594
2022-10-14,340.39697265625,278.1971130371094
2022-10-17,349.1440734863281,283.1081848144531
2022-10-18,353.2464904785156,286.3044128417969
2022-10-19,350.7431640625,285.25457763671875
2022-10-20,347.80206298828125,284.2799072265625
2022-10-21,356.25421142578125,291.5498962402344
2022-10-24,360.61346435546875,295.460693359375
2022-10-25,366.37188720703125,298.68670654296875
2022-10-26,363.61163330078125,298.5835266113281
2022-10-27,361.6700134277344,300.5342712402344
2022-10-28,370.27435302734375,308.1492614746094
2022-10-31,367.5997619628906,307.0614929199219
2022-11-01,365.9911804199219,306.1142578125
2022-11-02,356.8061828613281,301.3782653808594
2022-11-03,353.1322021484375,299.9809875488281
2022-11-04,358.21490478515625,303.9853820800781
2022-11-07,361.6414489746094,307.99920654296875
2022-11-08,363.5926208496094,311.08465576171875
2022-11-09,356.1018981933594,305.1108093261719
2022-11-10,375.671142578125,316.2896728515625
2022-11-11,379.3071594238281,316.7867126464844
2022-11-14,376.08038330078125,314.892333984375
2022-11-15,379.28802490234375,315.304931640625
2022-11-16,376.39453125,315.1736145019531
2022-11-17,375.24285888671875,315.2017517089844
2022-11-18,376.946533203125,317.03509521484375
2022-11-21,375.5758972167969,316.73443603515625
2022-11-22,380.6300964355469,320.4088134765625
2022-11-23,383.02862548828125,321.33917236328125
2022-11-25,382.9429626464844,322.8144836425781
2022-11-28,376.8323669433594,318.0877380371094
2022-11-29,376.1851501464844,318.078369140625
2022-11-30,388.03515625,325.2860107421875
2022-12-01,387.7496032714844,323.65081787109375
2022-12-02,387.3022766113281,323.9609680175781
2022-12-05,380.3350524902344,319.5347595214844
2022-12-06,374.85260009765625,316.1800231933594
2022-12-07,374.2148742675781,316.1612548828125
2022-12-08,377.14642333984375,318.0594482421875
2022-12-09,374.3291015625,315.1557312011719
2022-12-12,379.725830078125,320.0893249511719
2022-12-13,382.6003112792969,321.20758056640625
2022-12-14,380.1541748046875,319.7134094238281
2022-12-15,370.85498046875,312.7406311035156
2022-12-16,366.47662353515625,309.8396911621094
2022-12-19,363.3689270019531,308.34222412109375
2022-12-20,363.8662414550781,309.2840270996094
2022-12-21,369.3069763183594,314.200439453125
2022-12-22,364.0383605957031,311.05474853515625
2022-12-23,366.13238525390625,312.62762451171875
2022-12-27,364.6885986328125,313.0418395996094
2022-12-28,360.1562194824219,309.4630432128906
2022-12-29,366.63922119140625,312.7501220703125
2022-12-30,365.67340087890625,312.06243896484375
2023-01-03,364.1340026855469,311.9588928222656
2023-01-04,366.9451599121094,313.22088623046875
2023-01-05,362.7571105957031,310.0753173828125
2023-01-06,371.07586669921875,316.724609375
2023-01-09,370.865478515625,315.79217529296875
2023-01-10,373.4663391113281,317.6194152832031
2023-01-11,378.1898193359375,320.00225830078125
2023-01-12,379.5667724609375,322.1119384765625
2023-01-13,381.0393371582031,323.09161376953125
2023-01-17,380.3412780761719,319.4371032714844
2023-01-18,374.3364562988281,313.6070861816406
2023-01-19,371.61138916015625,311.4032287597656
2023-01-20,378.53411865234375,314.5327453613281
2023-01-23,383.075927734375,316.889404296875
2023-01-24,382.664794921875,317.76611328125
2023-01-25,382.80828857421875,317.9734802246094
2023-01-26,387.015380859375,319.8965148925781
2023-01-27,387.90460205078125,320.132080078125
2023-01-30,383.0376892089844,317.72833251953125
2023-01-31,388.66961669921875,321.2820739746094
2023-02-01,392.80035400390625,321.3197937011719
2023-02-02,398.5182800292969,320.9051818847656
2023-02-03,394.2825012207031,319.5382995605469
2023-02-06,391.872802734375,319.06695556640625
2023-02-07,396.99798583984375,321.93255615234375
2023-02-08,392.6568603515625,319.9530334472656
2023-02-09,389.2528991699219,317.74713134765625
2023-02-10,390.16131591796875,319.3025817871094
2023-02-13,394.7414245605469,322.9034423828125
2023-02-14,394.5597229003906,321.5742492675781
2023-02-15,395.84100341796875,322.0645446777344
2023-02-16,390.3907775878906,318.0394592285156
2023-02-17,389.41546630859375,319.4104309082031
2023-02-21,381.6034240722656,312.7632751464844
2023-02-22,381.0775451660156,312.07403564453125
2023-02-23,383.1046447753906,313.1598815917969
2023-02-24,379.0121765136719,309.80792236328125
2023-02-27,380.3030700683594,310.69549560546875
2023-02-28,378.8974914550781,308.3444519042969
2023-03-01,377.444091796875,308.75054931640625
2023-03-02,380.3795166015625,311.9984436035156
2023-03-03,386.4799499511719,315.55810546875
2023-03-06,386.7476806640625,316.0018310546875
2023-03-07,380.8194580078125,310.5162048339844
2023-03-08,381.44085693359375,310.15740966796875
2023-03-09,374.4033508300781,305.0492248535156
2023-03-10,369.0009460449219,301.88616943359375
2023-03-13,368.47503662109375,301.02703857421875
2023-03-14,374.56591796875,304.20892333984375
2023-03-15,372.2232360839844,301.706787109375
2023-03-16,378.7539978027344,305.2098083496094
2023-03-17,374.3253479003906,301.5252380371094
2023-03-20,377.92474365234375,305.12274169921875
2023-03-21,382.88702392578125,308.2657775878906
2023-03-22,376.3601989746094,303.1156311035156
2023-03-23,377.3776550292969,303.7404479980469
2023-03-24,379.85394287109375,305.1415710449219
2023-03-27,380.56427001953125,307.02557373046875
2023-03-28,379.7100524902344,306.55224609375
2023-03-29,385.2290344238281,309.64788818359375
2023-03-30,387.4846496582031,310.9734191894531
2023-03-31,392.94610595703125,314.8926086425781
2023-04-03,394.4434814453125,318.00732421875
2023-04-04,392.2550048828125,316.1423645019531
2023-04-05,391.22802734375,316.9754333496094
2023-04-06,392.754150390625,317.0511474609375
2023-04-10,393.1572265625,318.0546875
2023-04-11,393.26287841796875,318.9444885253906
2023-04-12,391.659912109375,318.6699523925781
2023-04-13,396.8622131347656,322.2296142578125
2023-04-14,395.892822265625,320.7811279296875
2023-04-17,397.3133239746094,321.80364990234375
2023-04-18,397.57244873046875,321.69000244140625
2023-04-19,397.50531005859375,320.923095703125
2023-04-20,395.33612060546875,319.9386291503906
2023-04-21,395.643310546875,320.2645263671875
2023-04-24,396.05596923828125,320.8706359863281
2023-04-25,389.7690734863281,317.63116455078125
2023-04-26,388.1181335449219,315.37677001953125
2023-04-27,395.84490966796875,320.3497314453125
2023-04-28,399.2234191894531,323.0302429199219
2023-05-01,398.8203125,322.39569091796875
2023-05-02,394.33782958984375,319.08984375
2023-05-03,391.6311340332031,316.4755859375
2023-05-04,388.85723876953125,313.8422546386719
2023-05-05,396.05596923828125,318.9572448730469
2023-05-08,396.1615295410156,318.4742431640625
2023-05-09,394.42425537109375,318.0479736328125
2023-05-10,396.26715087890625,317.7826843261719
2023-05-11,395.5760803222656,315.73675537109375
2023-05-12,395.0577087402344,315.6134948730469
2023-05-15,396.42071533203125,316.15338134765625
2023-05-16,393.7715759277344,312.9140930175781
2023-05-17,398.55157470703125,316.94915771484375
2023-05-18,402.39093017578125,318.32269287109375
2023-05-19,401.8054504394531,317.23675537109375
2023-05-22,401.96856689453125,316.0120849609375
2023-05-23,397.45733642578125,313.8382263183594
2023-05-24,394.5777893066406,311.3702087402344
2023-05-25,397.99481201171875,311.12335205078125
2023-05-26,403.14910888671875,314.0567321777344
2023-05-30,403.302734375,313.7528076171875
2023-05-31,401.0663146972656,312.8035583496094
2023-06-01,404.8768005371094,314.15155029296875
2023-06-02,410.7318115234375,320.919921875
2023-06-05,409.94482421875,319.0782165527344
2023-06-06,410.83740234375,319.1161804199219
2023-06-07,409.41680908203125,320.0654296875
2023-06-08,411.8932189941406,321.622314453125
2023-06-09,412.63232421875,322.0589904785156
2023-06-12,416.3755798339844,323.8626403808594
2023-06-13,419.12078857421875,325.2390441894531
2023-06-14,419.61981201171875,323.150634765625
2023-06-15,424.82220458984375,327.27996826171875
2023-06-16,423.3751220703125,326.28662109375
2023-06-20,421.1785583496094,323.9176330566406
2023-06-21,419.02056884765625,322.9376220703125
2023-06-22,420.5331115722656,322.8520202636719
2023-06-23,417.3538818359375,320.77801513671875
2023-06-26,415.648681640625,320.7589111328125
2023-06-27,420.2055969238281,322.7474670410156
2023-06-28,420.41754150390625,322.1766052246094
2023-06-29,422.0745544433594,324.5835876464844
2023-06-30,427.0553283691406,327.1429443359375
2023-07-03,427.546630859375,327.3522644042969
2023-07-05,426.910888671875,326.1534423828125
2023-07-06,423.56781005859375,322.7474670410156
2023-07-07,422.4984436035156,321.03485107421875
2023-07-10,423.56781005859375,323.0804138183594
2023-07-11,426.265380859375,325.9918518066406
2023-07-12,429.6950378417969,326.93359375
2023-07-13,433.10546875,327.20965576171875
2023-07-14,432.83575439453125,328.3989562988281
2023-07-17,434.3386535644531,329.0457763671875
2023-07-18,437.56597900390625,332.594482421875
2023-07-19,438.5390319824219,333.650634765625
2023-07-20,435.6295166015625,335.3060302734375
2023-07-21,435.6295166015625,335.28515625
2023-07-24,437.57562255859375,337.1227111816406
2023-07-25,438.7702331542969,337.3608093261719
2023-07-26,438.83770751953125,338.246337890625
2023-07-27,435.92822265625,335.88482666015625
2023-07-28,440.1960754394531,337.5131530761719
2023-07-31,441.03424072265625,338.5509033203125
2023-08-01,439.7721862792969,339.15087890625
2023-08-02,433.6546325683594,335.85650634765625
2023-08-03,432.4118347167969,335.1423645019531
2023-08-04,430.4561462402344,333.8664245605469
2023-08-07,434.2134094238281,337.64642333984375
2023-08-08,432.3251037597656,336.123046875
2023-08-09,429.4349060058594,334.4662780761719
2023-08-10,429.58905029296875,335.04705810546875
2023-08-11,429.338623046875,336.10394287109375
2023-08-14,431.7084655761719,336.3038635253906
2023-08-15,426.67962646484375,332.8761901855469
2023-08-16,423.548583984375,331.124267578125
2023-08-17,420.3211975097656,328.5439453125
2023-08-18,420.5234375,329.0874938964844
2023-08-21,423.2595520019531,328.6584167480469
2023-08-22,422.1131286621094,327.0278015136719
2023-08-23,426.8144836425781,328.8109436035156
2023-08-24,420.89923095703125,325.1874694824219
2023-08-25,423.86651611328125,327.542724609375
2023-08-28,426.5544128417969,329.65008544921875
2023-08-29,432.7200622558594,332.4249572753906
2023-08-30,434.5024108886719,333.1687316894531
2023-08-31,433.8664855957031,331.6525573730469
2023-09-01,434.6758117675781,332.7682189941406
2023-09-05,432.79718017578125,330.8611145019531
2023-09-06,429.8876953125,328.97308349609375
2023-09-07,428.56787109375,329.6310729980469
2023-09-08,429.2133483886719,330.4129638671875
2023-09-11,432.0361328125,331.2329406738281
2023-09-12,429.6661071777344,331.0802917480469
2023-09-13,430.1671447753906,330.4510498046875
2023-09-14,433.8761291503906,333.68353271484375
2023-09-15,428.648681640625,330.9330749511719
2023-09-18,428.9001159667969,330.9425048828125
2023-09-19,428.0106201171875,329.9100646972656
2023-09-20,424.07574462890625,329.19305419921875
2023-09-21,417.0665588378906,325.6172180175781
2023-09-22,416.12872314453125,324.66119384765625
2023-09-25,417.8786315917969,325.0436706542969
2023-09-26,411.739501953125,321.27679443359375
2023-09-27,411.90374755859375,320.6935119628906
2023-09-28,414.291748046875,321.8312683105469
2023-09-29,413.2863464355469,320.2345886230469
2023-10-02,413.1219482421875,319.412353515625
2023-10-03,407.5919189453125,315.4830017089844
2023-10-04,410.5599670410156,316.4485168457031
2023-10-05,410.4052429199219,316.6206359863281
2023-10-06,415.27789306640625,319.4219970703125
2023-10-09,417.9366149902344,321.3244934082031
2023-10-10,420.1119079589844,322.62481689453125
2023-10-11,421.8327941894531,323.17926025390625
2023-10-12,419.26116943359375,321.4966125488281
2023-10-13,417.1728820800781,321.8885498046875
2023-10-16,421.5621337890625,324.9576416015625
2023-10-17,421.5428161621094,325.05322265625
2023-10-18,415.9256286621094,321.84075927734375
2023-10-19,412.27117919921875,319.4410705566406
2023-10-20,407.20513916015625,316.8171081542969
2023-10-23,406.4993591308594,315.0283203125
2023-10-24,409.56414794921875,317.0562438964844
2023-10-25,403.68597412109375,316.01361083984375
2023-10-26,398.8519592285156,313.5933837890625
2023-10-27,397.04412841796875,310.1208801269531
2023-10-30,401.79107666015625,314.94219970703125
2023-10-31,404.3144226074219,316.137939453125
2023-11-01,408.62628173828125,318.2425231933594
2023-11-02,416.4573974609375,323.7046813964844
2023-11-03,420.2569274902344,325.828369140625
2023-11-06,421.2237548828125,326.23968505859375
2023-11-07,422.4225158691406,326.718017578125
2023-11-08,422.73193359375,326.3161926269531
2023-11-09,419.4351501464844,324.3934020996094
2023-11-10,425.9803161621094,328.12420654296875
2023-11-13,425.57427978515625,328.65985107421875
2023-11-14,433.8307800292969,333.2994384765625
2023-11-15,434.74920654296875,335.0691223144531
2023-11-16,435.28094482421875,334.8299255371094
2023-11-17,435.82232666015625,334.942138671875
2023-11-20,439.1770935058594,336.9454040527344
2023-11-21,438.22003173828125,336.2745056152344
2023-11-22,439.9118957519531,337.9423828125
2023-11-24,440.1825866699219,339.1309814453125
2023-11-27,439.3898620605469,338.6708679199219
2023-11-28,439.82489013671875,339.42803955078125
2023-11-29,439.5154724121094,339.9456787109375
2023-11-30,441.24609375,345.0739440917969
2023-12-01,443.8564453125,347.9974365234375
2023-12-04,441.5264892578125,347.6043701171875
2023-12-05,441.43939208984375,346.9046630859375
2023-12-06,439.6605224609375,346.2432861328125
2023-12-07,443.0153503417969,346.82794189453125
2023-12-08,444.919921875,348.0645751953125
2023-12-11,446.65045166015625,349.5694274902344
2023-12-12,448.6904296875,351.218017578125
2023-12-13,454.8779296875,356.3270568847656
2023-12-14,456.3377685546875,357.85113525390625
2023-12-15,455.58642578125,357.97900390625
2023-12-18,458.1490783691406,358.31524658203125
2023-12-19,460.93505859375,360.7361145019531
2023-12-20,454.54779052734375,356.220947265625
2023-12-21,458.8577880859375,359.1798095703125
2023-12-22,459.7799072265625,359.10296630859375
2023-12-26,461.7213439941406,360.5920104980469
2023-12-27,462.5561828613281,361.75433349609375
2023-12-28,462.7308654785156,362.20599365234375
2023-12-29,461.39129638671875,362.0522155761719
2024-01-02,458.8092041015625,362.2636413574219
2024-01-03,455.0622253417969,359.496826171875
2024-01-04,453.5964660644531,359.81378173828125
2024-01-05,454.2177429199219,359.90997314453125
2024-01-08,460.7021179199219,362.0234375
2024-01-09,460.0031433105469,360.42864990234375
2024-01-10,462.60467529296875,362.129150390625
2024-01-11,462.40087890625,362.34051513671875
2024-01-12,462.7211608886719,361.12994384765625
2024-01-16,461.0224304199219,358.9683532714844
2024-01-17,458.4597473144531,358.06549072265625
2024-01-18,462.5367736816406,360.0732727050781
2024-01-19,468.3028259277344,363.9210510253906
2024-01-22,469.2929382324219,365.33404541015625
2024-01-23,470.66162109375,364.3439025878906
2024-01-24,471.1761779785156,363.4307861328125
2024-01-25,473.73883056640625,365.7281188964844
2024-01-26,473.1369934082031,366.3144226074219
2024-01-29,476.8839416503906,368.4483337402344
2024-01-30,476.5151062011719,369.5826110839844
2024-01-31,468.7397155761719,366.5835266113281
2024-02-01,474.8746032714844,370.1690673828125
2024-02-02,479.873779296875,371.4378356933594
2024-02-05,478.12646484375,368.7078857421875
2024-02-06,479.51458740234375,370.1497802734375
2024-02-07,483.5139465332031,371.67816162109375
2024-02-08,483.7275390625,372.3318176269531
2024-02-09,486.523193359375,371.72613525390625
2024-02-12,486.3096008300781,373.06231689453125
2024-02-13,479.6116943359375,367.97747802734375
2024-02-14,483.9702453613281,369.390380859375
2024-02-15,487.3094787597656,373.19683837890625
2024-02-16,484.88262939453125,371.80279541015625
2024-02-20,482.21319580078125,371.3214111328125
2024-02-21,482.6500549316406,371.66815185546875
2024-02-22,492.638671875,375.9907531738281
2024-02-23,492.9783935546875,376.703125
2024-02-26,491.17291259765625,376.1544189453125
2024-02-27,492.0853271484375,375.1435852050781
2024-02-28,491.43499755859375,375.0857238769531
2024-02-29,493.2016906738281,375.42279052734375
2024-03-01,497.83203125,376.7320251464844
2024-03-04,497.2981262207031,375.6923522949219
2024-03-05,492.32806396484375,371.80279541015625
2024-03-06,494.8227233886719,372.7558898925781
2024-03-07,499.7345886230469,373.9786376953125
2024-03-08,496.7351379394531,373.53570556640625
2024-03-11,496.3079833984375,373.94970703125
2024-03-12,501.6470031738281,376.23150634765625
2024-03-13,500.8606262207031,376.6454772949219
2024-03-14,499.8705749511719,375.538330078125
2024-03-15,496.4381103515625,373.4760437011719
2024-03-18,499.3885192871094,374.1804504394531
2024-03-19,502.1636657714844,377.23968505859375
2024-03-20,506.8083801269531,381.1866760253906
2024-03-21,508.48321533203125,383.8503723144531
2024-03-22,507.51922607421875,380.7427673339844
2024-03-25,506.1169738769531,379.2181091308594
2024-03-26,505.18218994140625,379.1214904785156
2024-03-27,509.4277038574219,383.66693115234375
2024-03-28,509.33038330078125,383.85992431640625
2024-04-01,508.4441833496094,381.5148010253906
2024-04-02,505.2115173339844,377.9442443847656
2024-04-03,505.76641845703125,377.58709716796875
2024-04-04,499.593017578125,372.5301208496094
2024-04-05,504.81219482421875,375.2710266113281
2024-04-08,505.0945739746094,375.50250244140625
2024-04-09,505.67889404296875,375.25164794921875
2024-04-10,500.61541748046875,371.072998046875
2024-04-11,504.3935546875,371.10198974609375
2024-04-12,497.43133544921875,366.5950927734375
2024-04-15,491.199462890625,364.12451171875
2024-04-16,490.3035888671875,364.77117919921875
2024-04-17,487.4018859863281,364.25970458984375
2024-04-18,486.39892578125,364.63604736328125
2024-04-19,482.1534729003906,366.7197570800781
2024-04-22,486.59368896484375,369.2012023925781
2024-04-23,492.367919921875,371.75994873046875
2024-04-24,492.1342468261719,371.1999816894531
2024-04-25,490.2646484375,367.80120849609375
2024-04-26,494.9093933105469,369.14324951171875
2024-04-29,496.662109375,370.5819091796875
2024-04-30,488.7943420410156,365.1072082519531
2024-05-01,487.2071533203125,365.84112548828125
2024-05-02,491.76422119140625,369.0660400390625
2024-05-03,497.85980224609375,373.4497375488281
2024-05-06,503.0010986328125,375.0718078613281
2024-05-07,503.5561218261719,375.351806640625
2024-05-08,503.6048278808594,377.0319519042969
2024-05-09,506.5064697265625,380.4307861328125
2024-05-10,507.15887451171875,381.5700988769531
2024-05-13,507.2270812988281,380.87481689453125
2024-05-14,509.5543212890625,381.9562683105469
2024-05-15,515.8640747070312,385.52880859375
2024-05-16,514.8026733398438,385.46124267578125
2024-05-17,515.5427856445312,386.751220703125
2024-05-20,516.1367797851562,384.9622802734375
2024-05-21,517.402587890625,385.6198425292969
2024-05-22,515.912841796875,383.56982421875
2024-05-23,512.1444091796875,377.7678527832031
2024-05-24,515.5330810546875,377.74847412109375
2024-05-28,515.893310546875,375.77581787109375
2024-05-29,512.28076171875,371.888427734375
2024-05-30,508.8824157714844,368.8907470703125
2024-05-31,513.5173950195312,374.7410888671875
2024-06-03,513.93603515625,373.4936218261719
2024-06-04,514.5106201171875,374.7217712402344
2024-06-05,520.6256713867188,375.7081298828125
2024-06-06,520.6158447265625,376.48175048828125
2024-06-07,519.9830322265625,375.66943359375
2024-06-10,521.5896606445312,376.4430236816406
2024-06-11,522.845703125,375.16656494140625
2024-06-12,527.139892578125,374.8958435058594
2024-06-13,528.2012939453125,374.1125183105469
2024-06-14,528.5225830078125,373.70635986328125
2024-06-17,532.7291259765625,375.7564697265625
2024-06-18,534.0826416015625,376.2979736328125
2024-06-20,532.6318359375,379.13134765625
2024-06-21,531.917724609375,379.2708435058594
2024-06-24,530.1885986328125,381.82952880859375
2024-06-25,532.2302856445312,378.9607238769531
2024-06-26,532.8946533203125,379.17388916015625
2024-06-27,533.7346801757812,379.4840393066406
2024-06-28,531.6343994140625,379.0672607421875
2024-07-01,532.7284545898438,379.3871154785156
2024-07-02,536.3136596679688,381.16064453125
2024-07-03,538.7070922851562,380.7148742675781
2024-07-05,541.8134765625,381.5580749511719
2024-07-08,542.438720703125,381.3254699707031
2024-07-09,542.9661254882812,380.821533203125
2024-07-10,548.3389282226562,385.0082092285156
2024-07-11,543.6107788085938,385.3668212890625
2024-07-12,547.0397338867188,387.9739074707031
2024-07-15,548.5440673828125,389.950927734375
2024-07-16,551.7969970703125,397.02587890625
2024-07-17,544.0601806640625,399.225830078125
2024-07-18,539.8792114257812,394.17645263671875
2024-07-19,536.2941284179688,390.70916748046875
2024-07-22,541.8232421875,391.8726501464844
2024-07-23,540.9733276367188,391.2327880859375
2024-07-24,528.7135009765625,386.55914306640625
2024-07-25,525.958740234375,387.354248046875
2024-07-26,531.849365234375,393.63739013671875
2024-07-29,532.1619262695312,393.19134521484375
2024-07-30,529.4656982421875,395.0336608886719
2024-07-31,538.072021484375,396.0808410644531
2024-08-01,530.452392578125,390.980712890625
2024-08-02,520.5761108398438,385.0660400390625
2024-08-05,505.41510009765625,375.0594787597656
2024-08-06,510.07476806640625,378.1136779785156
2024-08-07,506.66546630859375,375.990234375
2024-08-08,518.3782348632812,382.5352783203125
2024-08-09,520.6641235351562,383.14605712890625
2024-08-12,520.9376831054688,381.8079833984375
2024-08-13,529.5046997070312,385.70587158203125
2024-08-14,531.17529296875,387.93609619140625
2024-08-15,540.2796630859375,393.5500793457031
2024-08-16,541.4910278320312,394.70208740234375
2024-08-19,546.66845703125,397.00189208984375
2024-08-20,545.7794799804688,396.4681396484375
2024-08-21,547.6551513671875,396.8853759765625
2024-08-22,543.3568725585938,395.4200744628906
2024-08-23,549.130126953125,399.6413879394531
2024-08-26,547.8212280273438,400.5050048828125
2024-08-27,548.573486328125,400.66998291015625
2024-08-28,545.3887939453125,399.1658020019531
2024-08-29,545.4375610351562,401.6597900390625
2024-08-30,550.6443481445312,403.8916931152344
2024-09-03,539.3126831054688,398.1081237792969
2024-09-04,538.2088012695312,398.2731018066406
2024-09-05,536.8997192382812,396.3710632324219
2024-09-06,527.8636474609375,392.49920654296875
2024-09-09,533.773681640625,396.943603515625
2024-09-10,536.0986328125,396.1769714355469
2024-09-11,541.5984497070312,397.1571044921875
2024-09-12,546.1604614257812,399.7773132324219
2024-09-13,549.012939453125,402.6593322753906
2024-09-16,549.8237915039062,405.0271301269531
2024-09-17,550.0484619140625,404.9106140136719
2024-09-18,548.4170532226562,403.8722839355469
2024-09-19,557.7754516601562,408.9378662109375
2024-09-20,556.8113403320312,409.3349914550781
2024-09-23,558.2026977539062,409.8605041503906
2024-09-24,559.7999877929688,410.853271484375
2024-09-25,558.5652465820312,407.9236755371094
2024-09-26,560.7798461914062,410.3568115234375
2024-09-27,559.9664916992188,411.6513671875
2024-09-30,562.21044921875,411.81683349609375
2024-10-01,557.1738891601562,410.2401123046875
2024-10-02,557.4091186523438,410.6391906738281
2024-10-03,556.3899536132812,408.76068115234375
2024-10-04,561.4461059570312,412.0990295410156
2024-10-07,556.3703002929688,408.4005432128906
2024-10-08,561.63232421875,409.55877685546875
2024-10-09,565.5225219726562,413.6952819824219
2024-10-10,564.5327758789062,413.3157653808594
2024-10-11,567.9132080078125,417.2769470214844
2024-10-14,572.557861328125,419.3793029785156
2024-10-15,568.1092529296875,416.1187744140625
2024-10-16,570.5785522460938,419.2137756347656
2024-10-17,570.6275024414062,420.8976135253906
2024-10-18,572.8224487304688,421.2276916503906
2024-10-21,571.8817138671875,418.0439147949219
2024-10-22,571.5780029296875,417.9855041503906
2024-10-23,566.355224609375,413.945068359375
2024-10-24,567.5802001953125,412.6013488769531
2024-10-25,567.3840942382812,410.03106689453125
2024-10-28,569.1381225585938,412.8836975097656
2024-10-29,570.0592041015625,411.3551330566406
2024-10-30,568.334716796875,410.6249694824219
2024-10-31,557.1934814453125,406.652587890625
2024-11-01,559.545166015625,409.3300476074219
2024-11-04,558.3399047851562,407.02252197265625
2024-11-05,565.09130859375,411.1603698730469
2024-11-06,579.1426391601562,425.6966857910156
2024-11-07,583.62060546875,425.8523254394531
2024-11-08,586.1488037109375,428.50067138671875
2024-11-11,586.7071533203125,431.32415771484375
2024-11-12,584.8847045898438,427.7996520996094
2024-11-13,585.1688232421875,428.2086181640625
2024-11-14,581.406005859375,426.1542053222656
2024-11-15,573.958984375,423.30548095703125
2024-11-18,576.310791015625,422.9938049316406
2024-11-19,578.41748046875,421.67864990234375
2024-11-20,578.613525390625,423.0912780761719
2024-11-21,581.7196655273438,427.650634765625
2024-11-22,583.5226440429688,431.73248291015625
2024-11-25,585.501953125,436.0190734863281
2024-11-26,588.5592041015625,437.3050537109375
2024-11-27,586.7758178710938,436.1944580078125
2024-11-29,590.4209594726562,438.4837951660156
2024-12-02,591.4791870117188,437.16864013671875
2024-12-03,591.75341796875,436.340576171875
2024-12-04,595.4281005859375,439.3119201660156
2024-12-05,594.4480590820312,437.1004638671875
2024-12-06,595.5750122070312,435.61962890625
2024-12-09,592.5079956054688,433.6031188964844
2024-12-10,590.6658325195312,432.2488708496094
2024-12-11,595.2319946289062,431.09930419921875
2024-12-12,592.1651000976562,428.9170227050781
2024-12-13,592.0475463867188,428.0402526855469
2024-12-16,594.5755615234375,427.0660705566406
2024-12-17,592.1258544921875,424.33831787109375
2024-12-18,574.478515625,413.2809143066406
2024-12-19,574.302001953125,413.58294677734375
2024-12-20,581.2000122070312,418.6957092285156
2024-12-23,584.6804809570312,419.0376281738281
2024-12-24,591.1790771484375,422.5647277832031
2024-12-26,591.218505859375,423.2584228515625
2024-12-27,584.994873046875,420.1221618652344
2024-12-30,578.3192138671875,415.9893798828125
2024-12-31,576.2152099609375,415.7255554199219
2025-01-02,574.799560546875,414.06463623046875
2025-01-03,581.9865112304688,417.34747314453125
2025-01-06,585.3390502929688,417.3180847167969
2025-01-07,578.7223510742188,415.5594482421875
2025-01-08,579.56787109375,416.341064453125
2025-01-10,570.7192993164062,409.6972961425781
2025-01-13,571.604248046875,413.2438659667969
2025-01-14,572.3906860351562,415.3835754394531
2025-01-15,582.8025512695312,422.3106689453125
2025-01-16,581.6817626953125,421.6463317871094
2025-01-17,587.5217895507812,424.8932800292969
2025-01-21,592.8995971679688,430.1516418457031
2025-01-22,596.2326049804688,431.3049011230469
2025-01-23,599.4868774414062,435.31231689453125
2025-01-24,597.7366943359375,434.0807800292969
2025-01-27,589.2816162109375,437.0129699707031
2025-01-28,594.344970703125,438.27386474609375
2025-01-29,591.6805419921875,437.07159423828125
2025-01-30,594.8560791015625,438.6745300292969
2025-01-31,591.6903076171875,435.3221130371094
2025-02-03,587.70849609375,434.22735595703125
2025-02-04,591.6510009765625,435.4588928222656
2025-02-05,594.0498657226562,438.5279235839844
2025-02-06,596.1146850585938,437.2474670410156
2025-02-07,590.6580810546875,433.1033935546875
2025-02-10,594.6693725585938,434.7257995605469
2025-02-11,595.1216430664062,436.0257873535156
2025-02-12,593.204345703125,433.6018981933594
2025-02-13,599.4671630859375,437.1497802734375
2025-02-14,599.4376831054688,435.7130126953125
2025-02-18,601.197509765625,435.840087890625
2025-02-19,602.6134033203125,436.5731201171875
2025-02-20,600.106201171875,432.38995361328125
2025-02-21,589.8419799804688,424.9691467285156
2025-02-24,587.1580200195312,425.3411865234375
2025-02-25,584.2379150390625,426.9073791503906
2025-02-26,584.5328369140625,425.1551208496094
2025-02-27,575.20263671875,423.20721435546875
2025-02-28,584.178955078125,429.0999450683594
2025-03-03,573.9441528320312,422.9526672363281
2025-03-04,567.1505126953125,416.5705871582031
2025-03-05,573.24609375,421.36700439453125
2025-03-06,563.0701904296875,416.8936767578125
2025-03-07,566.2262573242188,419.20379638671875
2025-03-10,551.1444702148438,410.6192321777344
2025-03-11,546.5629272460938,405.9697265625
2025-03-12,549.4632568359375,405.19635009765625
2025-03-13,542.1385498046875,400.1357116699219
2025-03-14,553.3369140625,406.57647705078125
2025-03-17,557.6039428710938,410.3450927734375
2025-03-18,551.5770874023438,407.7218322753906
2025-03-19,557.5842895507812,411.5295104980469
2025-03-20,555.9718627929688,411.2359619140625
2025-03-21,556.1552734375,411.5310363769531
2025-03-24,566.1151733398438,417.28790283203125
2025-03-25,567.4759521484375,417.611572265625
2025-03-26,560.7013549804688,416.05224609375
2025-03-27,559.2122802734375,414.7871398925781
2025-03-28,547.95068359375,407.6081237792969
2025-03-31,551.6289672851562,411.7861022949219
2025-04-01,553.1870727539062,411.50164794921875
2025-04-02,556.6878662109375,413.8946228027344
2025-04-03,529.2538452148438,397.40869140625
2025-04-04,498.2696838378906,375.83282470703125
2025-04-07,497.38214111328125,372.2530822753906
2025-04-08,489.5918273925781,369.22265625
2025-04-09,541.0084228515625,398.2520446777344
2025-04-10,517.3018798828125,388.052490234375
2025-04-11,526.531982421875,394.1624755859375
2025-04-14,531.6401977539062,397.60479736328125
2025-04-15,530.151123046875,395.92767333984375
2025-04-16,518.3668823242188,389.1215515136719
2025-04-17,519.1065063476562,384.0064697265625
2025-04-21,506.7503662109375,374.44952392578125
2025-04-22,519.9348754882812,384.50689697265625
2025-04-23,527.991455078125,388.470947265625
2025-04-24,539.105224609375,393.4457702636719
2025-04-25,543.0003662109375,393.48492431640625
2025-04-28,543.2074584960938,394.7114562988281
2025-04-29,546.6292724609375,397.5962219238281
2025-04-30,546.84619140625,398.70501708984375
2025-05-01,550.7216796875,399.7647399902344
2025-05-02,558.8966674804688,405.2791442871094
2025-05-05,555.6917724609375,404.5138244628906
2025-05-06,551.047119140625,400.56927490234375
2025-05-07,553.3645629882812,403.3265075683594
2025-05-08,557.2203369140625,406.1033630371094
2025-05-09,556.51025390625,404.6707458496094
2025-05-12,574.9015502929688,416.2589111328125
2025-05-13,578.6981201171875,413.59002685546875
2025-05-14,579.437744140625,412.6479797363281
2025-05-15,582.2678833007812,415.5229187011719
2025-05-16,585.9559326171875,418.8537292480469
2025-05-19,586.5969848632812,420.3169250488281
2025-05-20,584.6246948242188,419.26617431640625
2025-05-21,574.7733154296875,411.1944580078125
2025-05-22,575.000244140625,411.2632141113281
2025-05-23,571.0753173828125,408.8181457519531
2025-05-27,582.9483642578125,416.2024841308594
2025-05-28,579.5758056640625,413.8163146972656
2025-05-29,581.8635864257812,414.8375244140625
2025-05-30,581.2128295898438,415.22052001953125
2025-06-02,584.4866943359375,416.06500244140625
2025-06-03,587.8197631835938,418.32354736328125
2025-06-04,587.6620483398438,417.2728271484375
2025-06-05,584.8219604492188,416.32037353515625
2025-06-06,590.8274536132812,420.6507873535156
2025-06-09,591.3599853515625,420.63104248046875
2025-06-10,594.7128295898438,421.8585205078125
2025-06-11,593.0167236328125,421.8487854003906
2025-06-12,595.3734741210938,422.7226867675781
2025-06-13,588.7171020507812,415.1813049316406
2025-06-16,594.318359375,418.588623046875
2025-06-17,589.2398681640625,415.475830078125
2025-06-18,589.1510620117188,415.2106628417969
2025-06-20,587.7673950195312,415.3278503417969
2025-06-23,593.5730590820312,419.2275085449219
2025-06-24,600.13037109375,424.22021484375
2025-06-25,600.4666748046875,423.3043518066406
2025-06-26,605.1646118164062,427.312255859375
2025-06-27,608.1712646484375,431.3201904296875
2025-06-30,611.0789794921875,433.9298095703125
2025-07-01,610.8812866210938,438.10516357421875
2025-07-02,613.650634765625,437.9278564453125
2025-07-03,618.487060546875,441.25634765625
2025-07-07,613.8779907226562,437.228759765625
2025-07-08,613.5418090820312,435.6334228515625
2025-07-09,617.2210083007812,437.74078369140625
2025-07-10,618.9617309570312,439.6905822753906
2025-07-11,616.785888671875,436.8052673339844
2025-07-14,617.9627685546875,437.7998046875
2025-07-15,615.322021484375,433.4374084472656
2025-07-16,617.3792114257812,435.61370849609375
2025-07-17,621.1573486328125,438.4300842285156
2025-07-18,620.7024536132812,436.6775817871094
2025-07-21,621.87939453125,436.8548278808594
2025-07-22,621.9684448242188,438.3523254394531
2025-07-23,627.259765625,443.5243225097656
2025-07-24,627.4674682617188,440.4703369140625
2025-07-25,630.1181030273438,442.35198974609375
2025-07-28,629.9598999023438,441.68206787109375
2025-07-29,628.29833984375,439.84979248046875
2025-07-30,627.5070190429688,438.1553039550781
2025-07-31,625.1531372070312,434.77618408203125
2025-08-01,614.9065551757812,429.2494812011719
2025-08-04,624.2531127929688,435.24908447265625
2025-08-05,621.088134765625,434.5890808105469
2025-08-06,625.8455200195312,435.4067077636719
2025-08-07,625.3212890625,433.19012451171875
2025-08-08,630.1972045898438,435.35748291015625
2025-08-11,628.9510498046875,433.4757995605469
2025-08-12,635.6468505859375,438.076416015625
2025-08-13,637.8228149414062,442.74609375
2025-08-14,637.882080078125,442.48992919921875
2025-08-15,636.3886108398438,443.11688232421875
2025-08-18,636.2501831054688,442.6437072753906
2025-08-19,632.79833984375,442.8802490234375
2025-08-20,631.1170043945312,442.94927978515625
2025-08-21,628.5851440429688,441.55938720703125
2025-08-22,638.2381591796875,450.12542724609375
2025-08-25,635.4292602539062,446.6063232421875
2025-08-26,638.0897827148438,448.0060729980469
2025-08-27,639.543701171875,449.52410888671875
2025-08-28,641.8085327148438,450.2732849121094
2025-08-29,637.9810180664062,449.5832214355469
2025-09-02,633.25341796875,447.13861083984375
2025-09-03,636.6853637695312,446.79364013671875
2025-09-04,642.0064086914062,450.529541015625
2025-09-05,640.14697265625,448.49896240234375
2025-09-08,641.7196044921875,449.6917419433594
2025-09-09,643.203125,451.4758605957031
2025-09-10,645.0625,449.425537109375
2025-09-11,650.4231567382812,455.3301086425781
2025-09-12,650.2054443359375,452.76715087890625
2025-09-15,653.6671752929688,453.5065002441406
2025-09-16,652.7671508789062,452.2348937988281
2025-09-17,651.9561157226562,454.67950439453125
2025-09-18,655.0023193359375,456.02996826171875
2025-09-19,658.2465209960938,457.63934326171875
2025-09-22,661.3606567382812,458.36102294921875
2025-09-23,657.7606201171875,457.57012939453125
2025-09-24,655.6677856445312,455.74127197265625
2025-09-25,652.6429443359375,454.1695251464844
2025-09-26,656.3819580078125,456.9869079589844
2025-09-29,658.2266845703125,457.7381591796875
2025-09-30,660.7061157226562,458.43017578125
2025-10-01,662.95751953125,458.94415283203125
2025-10-02,663.7210693359375,459.78448486328125
2025-10-03,663.7112426757812,462.15704345703125
2025-10-06,666.0914916992188,461.49468994140625
2025-10-07,663.6219482421875,460.6346130371094
2025-10-08,667.5791625976562,460.7334899902344
2025-10-09,665.6452026367188,458.19293212890625
2025-10-10,647.6542358398438,449.6617126464844
2025-10-13,657.5919189453125,455.4051513671875
2025-10-14,656.78857421875,457.4118957519531
2025-10-15,659.7044067382812,457.4118957519531
2025-10-16,655.2117309570312,454.29803466796875
2025-10-17,658.9308471679688,456.6466369628906
2025-10-20,665.7840576171875,461.8283386230469
2025-10-21,665.7741088867188,464.00390625
2025-10-22,662.3128051757812,460.6022033691406
2025-10-23,666.2402954101562,462.0953674316406
2025-10-24,671.6851806640625,466.96063232421875
2025-10-27,679.6094970703125,470.06573486328125
2025-10-28,681.41455078125,471.84576416015625
2025-10-29,681.7418823242188,471.0744323730469
2025-10-30,674.2439575195312,469.7295227050781
2025-10-31,676.4556274414062,470.3822326660156
2025-11-03,677.7251586914062,468.2066345214844
2025-11-04,669.6917114257812,465.665283203125
2025-11-05,672.0125122070312,467.8507080078125
2025-11-06,664.8021850585938,464.0632629394531
2025-11-07,665.4567260742188,464.6368103027344
2025-11-10,675.8407592773438,468.55279541015625
2025-11-11,677.3878784179688,474.0806579589844
2025-11-12,677.7647705078125,477.3934326171875
2025-11-13,666.5179443359375,469.46258544921875
2025-11-14,666.408935546875,466.55523681640625
2025-11-17,660.2002563476562,461.1361999511719
2025-11-18,654.65625,456.1719665527344
2025-11-19,657.185302734375,456.6268615722656
2025-11-20,647.1683349609375,453.0075378417969
2025-11-21,653.6148681640625,458.0037536621094
2025-11-24,663.2351684570312,459.8552551269531
2025-11-25,669.4734497070312,466.5287170410156
2025-11-26,674.09521484375,469.66741943359375
2025-11-28,677.7747192382812,472.4695129394531
2025-12-01,674.6803588867188,468.64764404296875
2025-12-02,675.9300537109375,470.5684814453125
2025-12-03,678.2706298828125,474.677490234375
2025-12-04,678.7665405273438,474.34088134765625
2025-12-05,680.0557861328125,475.2913513183594
2025-12-08,678.0127563476562,473.4299621582031
2025-12-09,677.4275512695312,471.7170104980469
2025-12-10,681.92041015625,476.5983581542969
2025-12-11,683.5072021484375,483.053955078125
2025-12-12,676.1580810546875,480.60833740234375
2025-12-15,675.1365356445312,480.3806457519531
2025-12-16,673.2918701171875,477.22210693359375
2025-12-17,665.8832397460938,475.06365966796875
2025-12-18,670.9114990234375,475.7666320800781
2025-12-19,676.9923095703125,477.4376525878906
2025-12-22,681.2098388671875,479.72979736328125
2025-12-23,684.3233032226562,480.4938659667969
2025-12-24,686.7305297851562,483.2524108886719
2025-12-26,686.660888671875,483.2722473144531
2025-12-29,684.2138671875,480.8511047363281
2025-12-30,683.3782958984375,479.85882568359375
2025-12-31,678.3152465820312,476.8621520996094
2026-01-02,679.55859375,479.89849853515625
2026-01-05,684.0845947265625,485.9911193847656
2026-01-06,688.1529541015625,490.7937927246094
2026-01-07,685.9347534179688,486.1796569824219
2026-01-08,685.8651123046875,488.7298278808594
2026-01-09,690.4010009765625,491.2005920410156
2026-01-12,691.4852294921875,492.0738830566406
2026-01-13,690.1026000976562,488.1444396972656
2026-01-14,686.7105712890625,487.78717041015625
2026-01-15,688.5806884765625,490.664794921875
2026-01-16,688.0037231445312,489.790283203125
2026-01-20,673.9981689453125,481.3130798339844
2026-01-21,681.77685546875,487.18951416015625
2026-01-22,685.3379516601562,490.0582580566406
2026-01-23,685.5865478515625,487.3185729980469
2026-01-26,689.068115234375,490.4255676269531
2026-01-27,691.8134765625,486.4549560546875
2026-01-28,691.7438354492188,486.5244445800781
2026-01-29,690.3711547851562,486.6039123535156
2026-01-30,688.3121337890625,485.43255615234375
2026-02-02,691.73388671875,490.3957824707031
2026-02-03,685.885009765625,488.6884460449219
2026-02-04,682.5626831054688,491.1104736328125
2026-02-05,674.0379638671875,485.3134460449219
2026-02-06,686.96923828125,497.34423828125
2026-02-09,690.2816162109375,497.53289794921875
2026-02-10,688.4613037109375,498.2078552246094
2026-02-11,688.3021850585938,497.64202880859375
2026-02-12,677.668701171875,491.0310974121094
2026-02-13,678.1461181640625,491.6365966796875
2026-02-17,679.2402954101562,492.20233154296875
2026-02-18,682.662109375,493.3439636230469
2026-02-19,680.8616943359375,490.74322509765625
2026-02-20,685.7855834960938,493.0420227050781
2026-02-23,678.7827758789062,485.0214538574219
2026-02-24,683.7164916992188,488.7783203125
2026-02-25,689.4859008789062,491.789794921875
2026-02-26,685.6561889648438,491.8294982910156
2026-02-27,682.3637084960938,486.661376953125
2026-03-02,682.7516479492188,486.1842956542969
2026-03-03,676.7337036132812,482.54669189453125
2026-03-04,681.50830078125,484.75311279296875
2026-03-05,677.7084350585938,476.9014892578125
2026-03-06,668.8256225585938,472.3197326660156
2026-03-09,674.6845092773438,474.9535217285156
2026-03-10,673.6002807617188,474.7746276855469
2026-03-11,672.7548217773438,471.9023132324219
2026-03-12,662.5390625,464.6171875
2026-03-13,658.7890014648438,463.55377197265625
2026-03-16,665.493408203125,467.419921875
2026-03-17,667.2440185546875,468.0162353515625
2026-03-18,657.9335327148438,460.1646728515625
2026-03-19,656.3121337890625,458.23651123046875
2026-03-20,646.9034423828125,454.0771179199219
2026-03-23,653.6959228515625,460.1329040527344
2026-03-24,651.5015869140625,459.33612060546875
2026-03-25,655.1322021484375,462.2943115234375
2026-03-26,643.432373046875,457.4834899902344
2026-03-27,632.4606323242188,449.5950012207031
2026-03-30,630.3460693359375,450.2623596191406
2026-03-31,648.6688842773438,461.34808349609375
2026-04-01,653.5562744140625,463.6289978027344
2026-04-02,654.144775390625,463.21063232421875
2026-04-06,657.23681640625,464.91387939453125
2026-04-07,657.5260009765625,464.02740478515625
2026-04-08,674.27294921875,477.2546081542969
2026-04-09,678.162841796875,479.983642578125
2026-04-10,677.7140502929688,477.34423828125
2026-04-13,684.3369750976562,480.2127685546875
2026-04-14,692.675537109375,483.5594177246094
2026-04-15,698.1414184570312,482.79248046875
2026-04-16,699.8569946289062,483.6988220214844
2026-04-17,708.3152465820312,492.4635925292969
2026-04-20,706.8988037109375,492.57318115234375
2026-04-21,702.2708129882812,489.6137390136719
2026-04-22,709.3825073242188,493.0016784667969
2026-04-23,706.6295776367188,491.2479553222656
2026-04-24,712.10546875,490.4607238769531
2026-04-27,713.332275390625,490.08209228515625
2026-04-28,709.8612060546875,489.6735534667969
2026-04-29,709.7515258789062,486.933349609375
2026-04-30,716.8132934570312,494.88494873046875
2026-05-01,718.7982177734375,493.2607421875
2026-05-04,716.1649780273438,487.8201599121094
2026-05-05,721.9102172851562,491.20806884765625
2026-05-06,731.9443359375,497.2763977050781
2026-05-07,729.7001342773438,494.1475830078125
2026-05-08,735.724609375,494.3668518066406
2026-05-11,737.4002685546875,495.34332275390625
2026-05-12,736.2831420898438,496.1205749511719
2026-05-13,740.4025268554688,495.37322998046875
2026-05-14,746.2474975585938,499.0201721191406
2026-05-15,737.2706298828125,493.8816833496094
2026-05-18,736.751953125,495.5167541503906
2026-05-19,731.8446044921875,492.4958801269531
2026-05-20,739.3452758789062,498.7370300292969
2026-05-21,740.8114624023438,501.5984191894531
2026-05-22,743.7239990234375,504.5993957519531
2026-05-26,748.6613159179688,503.7320251464844
2026-05-27,748.5316162109375,505.35711669921875
2026-05-28,752.6609497070312,505.5265808105469
2026-05-29,754.5361328125,509.2453918457031
2026-06-01,756.5908203125,509.9034118652344
2026-06-02,757.6182250976562,512.5055541992188
2026-06-03,752.3018798828125,506.73297119140625
2026-06-04,755.1445922851562,515.1476440429688
2026-06-05,735.65478515625,508.16864013671875
2026-06-08,737.3204345703125,507.3810119628906
2026-06-09,735.1560668945312,507.8795166015625
2026-06-10,723.56591796875,498.74700927734375
2026-06-11,735.8642578125,507.82965087890625
2026-06-12,739.843994140625,511.5185546875
2026-06-15,752.890380859375,516.8823852539062
2026-06-16,748.4019775390625,519.8734130859375
2026-06-17,739.0560302734375,514.748779296875
2026-06-18,746.739990234375,515.3736572265625
2026-06-22,744.3900146484375,516.9332275390625
2026-06-23,733.5800170898438,516.4733276367188
2026-06-24,733.239990234375,518.372802734375
2026-06-25,734.2999877929688,519.1126098632812
2026-06-26,728.989990234375,517.60302734375
2026-06-29,741.0,521.5318603515625
2026-06-30,746.77001953125,522.24169921875
